a,c,b,d,e,f,g,h
1,2,-6.64888057022143,-2.3293574982126395,-2.3524218505473247,0,-4.111786706381267,-0.8999086087224406
1,0,-3.731615912341145,-1.9991394949934094,-0.34426864523255185,1,-2.2995682911311772,-0.3192616949555076
2,2,-6.324719449198506,-2.8888137776285836,-2.5061808402320196,1,-2.0988788639291083,-1.4026535919902963
0,1,-4.433571427390807,-4.280070873192704,-1.0290338102517045,1,-1.392289370771788,-2.378158627786959
1,1,-7.349228796096391,-0.39830994732834446,-2.485503993236388,1,-2.2083999069730913,-1.0653860098009043
0,2,-5.033700265902349,-4.156397468470126,-3.043976253878564,1,-1.9733035953196056,-1.7151672255227648
0,2,-3.6796003416607013,-2.219955600457487,-1.9570609312704086,1,-0.5632885476154511,-1.313690125424582
1,2,-6.440620067111088,-1.8089084796636932,-2.272690346923821,2,-3.2845390510491654,-0.2398078850805183
0,1,-4.816933641094149,-4.089351141142819,-2.1805267929485725,0,-1.8773807188260418,-1.4247865893855263
2,0,-3.829672478447731,-0.9391331783620136,-3.3289432635923757,1,-1.315529033608054,0.6697764787387535
1,2,-7.004600375403002,-1.1059131372306312,-0.5332301088140659,1,-2.6042012615884707,-0.24294991097419982
2,1,-6.96146374783496,-1.329989138640085,-0.1671247329519996,1,-2.3935941908656106,0.21971465633692622
0,1,-5.808503533951584,-0.7416517018472388,-2.17252620754749,1,-3.2178489826835097,-3.3719384840459075
0,1,-4.29408936687456,-3.293730790167559,-3.2062124279779054,1,-0.7879967899350712,-1.7157575036779646
1,0,-5.391007856287821,-2.007140211591728,-4.433533086455865,1,-1.7923746856241052,-3.4350724767159333
1,0,-3.292060838717034,-1.96182389887458,-0.9744259439380858,1,-3.6668463962563105,-1.9685317478076056
0,0,-3.5949582591632505,-4.03605330954521,-1.7911012212834345,1,-1.3857431078090978,-2.612300451500897
2,2,-8.331351153553117,-1.8496363912743246,-0.9027255948694659,1,-0.7126955979959202,-1.2736224261812301
0,2,-4.610817278015876,-2.97008039128271,-0.5878540203536498,1,-1.5174595707503704,-2.655698373892209
0,2,-4.4315912632249175,-3.5873051020386666,-2.2266863761627103,1,-0.7974551312259098,1.4379382750020924
0,2,-5.046652886719273,-3.2735288780978804,-0.6824545514962008,1,-3.0363057249001444,-2.6035288195371593
0,0,-2.6601649746424405,-4.444430560423595,-3.407392706204646,1,-1.6767499774053873,-3.5574546535931177
2,1,-6.447967371125193,-3.9773932469196227,-1.3074703126178526,1,-2.2982361741433452,-2.397407401751466
0,1,-5.769924458876398,-3.145203390371326,-2.569012572791384,1,-1.7311255756492356,-2.846742327940862
1,1,-5.635565738700442,-1.5406530137869536,-3.730175052328489,1,-2.329754977415068,-1.2804813292042634
1,1,-6.7257002274655475,-1.5627118940490505,-1.4978375143282983,1,-3.5274593992089,-0.939687060948023
2,2,-8.532419855306182,-0.9623145547566272,-0.9960195986063332,1,-0.18539131041634493,-1.8971933667972234
1,1,-7.457165189368669,-2.484462450194609,-0.7553545993061178,1,-0.47692025623273415,-1.973044565272152
0,1,-5.935665197866224,-3.4276996485746642,-0.3155162844909183,1,-2.8888027463487767,-2.1238205200305487
2,1,-7.8175709156195925,-0.9557432290336603,-1.245072029338674,1,-1.3241415445297908,-1.9802107609032644
2,1,-4.789732482284976,-2.286122206903603,-2.8913226196261745,1,-0.027659821493993597,-2.4832821268788443
0,2,-5.36797807696838,-2.4654665698241653,-0.7150477381962604,1,-1.9138875909353255,-2.794062041121698
0,2,-4.326711628070066,-2.312798746215814,-1.429543991873576,1,-1.2162803343490634,-1.42481453200298
0,1,-3.5205080620411318,-3.145467653637203,-2.825519386528296,1,-1.3961904967484988,-1.5679268997145672
1,2,-5.741806939654124,-2.2884019914876594,-2.3787213531044866,1,-3.0759824392432114,-3.768022595844066
0,0,-1.8056490017972007,-2.9043349332675787,-1.1598370628710977,1,-3.517047555435834,-1.6750817528983075
2,0,-4.951030296355201,-5.007043462772041,-2.4855176455922665,1,-2.0040459498549117,-4.870012583813568
0,2,-6.372264442385509,-2.63196920984826,-1.4757026916469318,1,-2.385465496214406,0.06881113975713071
1,0,-3.242250032807946,-4.3692925590392315,-2.504251570944357,1,-2.273171895184343,-1.2258935217398381
2,1,-6.371276102454339,-2.11393111465748,-1.7314023270218817,1,-2.6352979511271366,-2.3405561088954525
1,2,-4.929883727655524,-0.6564234068941017,-2.223132905781204,1,-2.0754262453201453,-2.702254297558488
1,2,-6.608320277381488,-1.9384635236494763,-2.0033604541271517,1,-1.7688690493078003,-2.5427142700389354
0,2,-4.220423369027181,-2.368809492709961,-2.774769077729509,0,-1.2193031259848275,-0.8858183331051187
1,2,-4.586172547372321,-3.188705579742258,-1.4909283770781687,1,-0.1016688179229508,-2.4967669384756204
2,0,-6.670304306002244,-4.024851040423505,-2.497206112750138,1,-2.119267101584969,-3.3252533298073375
1,0,-5.7028474560155455,0.3218333009666976,-1.9522525793864804,1,-4.627628993617833,-4.435475461182453
1,2,-6.153577212239119,-2.0566903655103843,-0.980765083595658,1,-3.411451148314597,-1.4984884321461118
1,0,-3.545713327481228,-2.7960325310948524,-1.8266030189550704,0,-2.547542259979658,-1.4485492731005913
0,2,-6.734883166798703,-2.5411448525059424,-1.26006095269718,1,-3.0829023571026517,0.9604863939387056
0,1,-3.95256421534674,-2.5801544484634826,-0.9401021975998104,1,-2.6475950601832157,-0.6377696944690476
2,2,-6.7345382576479444,-2.91662775988594,-1.307159848626367,1,-3.636793822122379,-3.0697883977963354
2,2,-7.021012650651472,-3.624501300311281,-2.304370264105282,1,-2.0734424658907993,-1.515408967302228
0,2,-5.538595659539673,-1.4807987644862415,-1.6702504973224874,1,-4.0006608920007425,-0.06920049082207935
0,0,-4.049391810729303,-2.1628742529516196,-2.27025997919705,0,-0.34656595748324204,-0.19655875536160294
2,2,-7.858145069658724,-4.066177902942515,-0.5160981683451108,1,-2.519791546932775,-2.17360517325739
1,2,-7.261770460627144,-1.4394932306297674,-2.651309085922085,1,-2.7617531845015932,-1.8201272030960416
1,0,-5.215619275811518,-2.3125343018398983,-3.2821441391718027,1,-1.6006533838555554,-3.951224487375712
2,1,-7.428829391999497,-3.18953486464172,-1.841777181884921,1,-2.0618395918626455,-1.448041092449184
0,0,-2.5745524526174837,-2.3954379250774265,0.13015016949598257,1,-3.703403591361906,-3.378588078566386
2,2,-7.37252509399236,-0.5664777465486979,-2.3965216593635907,1,-2.564975097712189,-0.10930832134976887
1,2,-7.093823974271477,-1.0411273805002612,-1.450494673418815,1,-2.2985693296493235,-0.3286992644800154
2,2,-8.019290308800642,-1.348869208667077,-1.3493017348168512,1,-0.8335900725795041,-3.4689510602660905
1,0,-5.20578296258056,-0.9771755760598242,-1.805775388830035,1,-3.5083271212906926,-1.7036685547189099
1,2,-7.394739729867879,-3.444504869646631,-1.0687214301054928,1,-0.06592613629067867,0.5284314614213246
2,1,-6.213360649943031,-1.0857007069996436,-3.0067338860321597,1,-1.4388702104829831,-2.0563701242347006
2,1,-6.643997832089239,-0.9085882476381404,-0.9403357779695477,2,-4.568726552931454,-1.948041145510588
1,0,-4.93800549955675,-3.6331015166367706,-0.2795460927814004,1,-1.113499171352927,-2.661450572299948
2,0,-7.5543430759852335,-1.1099639547609086,-3.072403072035165,1,-1.613060691648292,-2.517229674187921
0,1,-6.823673398415799,-2.1893986934846863,-1.4286445833762913,1,-2.443575774859349,-1.068483799317997
1,1,-5.809394023774326,-1.6457009292787417,-3.02493934814452,1,-3.6922596356434,-3.8378249155312893
2,0,-6.693709591874454,-0.6574400229311763,-0.9406954781838206,1,-1.8575935497102993,-1.8102393460365653
2,0,-4.1163528380208465,-2.924419835980143,-1.795509380639675,1,-0.4433082095114871,-3.29404263043872
0,0,-4.469107255640702,-1.5129805353872767,-2.1680430326387583,1,-2.008392903741528,-0.7161233276766963
2,2,-7.73104312833769,-3.205685847173256,-1.050066695339928,1,0.5176373954935565,-1.1544484010988065
0,2,-6.5384132569278455,-1.168730938770905,-2.1565261519285084,1,-2.4837973903583817,-1.8763814984957228
2,0,-7.234038494093227,-1.1851648288067902,-2.548249062702639,0,-3.5487468695393183,-1.0310839490249244
1,2,-6.517231865790179,-3.3028656044959597,-1.629103139987818,1,-3.414249361064554,-0.38564821192283505
0,1,-4.101458440526549,-1.6121509631273112,-2.9585850725902043,1,-2.0873968469053743,-3.3109844415850316
1,0,-2.9154128904944856,-2.4687401283396326,-2.780045493729913,1,-4.08140253426709,-1.396078103408771
0,1,-3.1085146790892084,-4.502706098926372,-2.5441185434667286,1,-2.520101196284597,-0.5224262159536406
2,0,-6.346048668447186,-2.0291960702918876,-3.5344579744281805,1,-1.6783799719276666,-0.8799210243241244
2,0,-6.244450633864176,-1.6484179387777957,-2.3817136293281225,1,-4.068031408285032,-0.8625842415138161
0,2,-5.532679800548157,-4.028569423249427,-1.380163742815296,1,-3.092756227358506,-4.289642391739233
1,2,-6.704144524172555,-2.8205494950843395,-1.5411082230148347,1,-1.731477956134127,-1.3060895779544215
0,1,-5.765707693642704,-1.9952637923938918,-3.1637716753733285,1,-2.443029939995121,-3.0288903254804063
2,2,-6.918342814403064,-0.8357799262502592,-2.6531034701422596,0,-3.054502835936003,-1.8564613336368838
2,1,-6.66204339999558,-1.2561183632594162,-1.2237459235964325,1,-1.6567263082277686,-1.5720903931263053
0,1,-6.5960162215054545,-2.8768408409903623,-2.342628750086471,1,-3.5424158032421293,-1.4728173372650035
1,1,-5.117514090866703,-3.5559593169121495,-1.5239964212554138,1,-2.6067465037098954,-2.396230160228895
2,2,-6.632457963878375,-2.533103595727867,-2.7465354263020263,1,-3.928189829333369,-0.9529051510204997
2,0,-4.4769637481557565,-1.6724164466127962,-1.8980865760570995,1,0.97407723341209,0.03473383621867643
0,0,-0.8770800457564394,-5.552511808651635,-2.0237566479878817,1,-1.4332598103444893,-1.8279770412210854
1,2,-4.495961057812771,-5.100346781991723,-1.3742988983238673,1,-2.5729951846987413,-1.2651532348303332
2,0,-5.148110681318421,-3.3000423262802148,-0.5309447591371681,1,-3.9251622724959763,-3.2141678827969486
1,0,-4.341478464612192,-1.7775563548682807,-3.4987207545881702,0,-1.655635511271485,-0.18044247058371
2,2,-6.599741467854218,-3.6927567537071653,-1.7945700362508177,1,-0.2561660731523956,-2.692093843955363
1,0,-6.252600349887442,-1.4905125665732277,-3.1696594083245877,1,-5.078080411205189,-3.0394635469086797
0,0,-4.124655881608305,-2.0121263252352857,-2.304972388787601,1,-1.5276596853143412,-1.054372351328695
1,2,-6.509119289438122,-2.10398757927803,-1.0732973384515874,1,-2.8399862324672616,-3.9101724817712897
0,0,-4.43906722515134,-3.3168703293762523,0.20088559528745087,1,-1.2962671675205755,-2.320013653671334
1,2,-5.028046860844872,-1.2693310718687585,-2.604566859952256,1,-3.9797403757751035,-0.38311948227166326
2,1,-6.100158823102818,-3.035519609754136,-0.7946045470557821,1,-3.7287553827105238,-3.456488156386138
0,1,-4.22689777769199,-1.6347604431336888,-2.4795050762023054,1,-2.013207866156984,-1.7923121662305304
2,1,-5.826731741539277,-2.144113580781961,-1.4228292370701123,1,-3.0469832643130093,-3.2531212442503614
0,2,-5.229122187846665,-2.5560111510341263,-2.050514526156665,1,-2.628452790694932,-1.456466411092662
2,2,-6.851466505817368,-1.6911014197638186,-1.6633779439743495,1,-2.665349732088407,-1.1876950966983453
1,2,-5.257145220069048,-2.1629254832684155,-0.7294031908301678,1,-0.5256047747784174,-1.6910838981196694
2,1,-7.189591067036487,-1.5621912656724737,0.5041647832223775,1,-1.4070189912191835,-0.6492658679209173
0,1,-7.031379474169278,0.06623270789721669,-2.9916858666710544,1,-3.503258244467262,-0.9471735586009628
2,1,-6.969976380063096,-1.2507028716055237,-0.03266326763320393,1,-1.7867372401877895,0.009821165015958533
0,1,-5.030759870353925,-1.8165236729961514,-1.239421382712246,1,-2.1470402361195164,-1.7458225664140423
1,0,-3.5303228649555534,-1.5864806882740925,-0.7316252383003408,1,-0.0005053709540483453,-1.6789839487117335
1,1,-4.6491408720173,-2.2581009109865766,-1.6382449873907237,1,-2.582145206454225,-2.1025963238039127
2,1,-6.6908699925827,-3.9848229153310033,-1.130786863452879,1,-3.2875890563706034,-2.69658667382019
0,0,-3.668578949102428,-1.6974237864043262,-0.9434039860134056,1,-1.594552138098714,0.5776628011703402
1,2,-5.909036370808515,-3.1277670911973434,0.016562384732786928,1,-2.9073308411724614,-2.166311943471781
1,0,-3.8184578343050584,-3.023391347008893,-1.985302188379665,1,0.6060558203771351,-2.2120763377893304
2,1,-7.7269824597371635,-2.1697060148210663,-1.2493263567531039,1,-2.4318594538387295,-0.5376995939761401
0,0,-3.203055409585751,-4.337076519796213,-2.215299149117003,1,-2.439344543793749,-1.1319960682216563
1,1,-8.326445196909868,-3.9941650995709046,-1.0815492578556682,1,-1.4567799139548432,-2.73788746804451
0,0,-4.743017358652772,-2.6763751403477793,-2.1095854974033323,1,0.3613009294292717,-0.662454900890618
0,1,-5.829024061942967,-2.561011007938986,-2.1132272442066933,1,-1.228388981829344,-3.06796821824133
1,0,-4.096291013223733,-2.9476439472302514,-1.5413951802885713,1,-1.5697362685434804,-0.9010563431599128
2,2,-6.979946721322934,-2.8704090490393117,0.40520185564313516,2,-1.949660739047768,-0.7540277079455486
0,0,-0.6471157192240269,-4.222233439969381,-3.3467724437047868,1,-0.36993940454315055,-0.33704759989571786
1,2,-6.678818941078947,-3.0378310742691035,-3.307719739939193,1,-3.56272053431906,-0.9753059843019469
1,0,-5.095634088730098,-3.297362841019926,-3.7042831063040818,1,-3.8968817474792106,-2.822545134178014
1,2,-5.230756355813129,-2.685666615198383,-1.1097957800650717,1,-1.7539093733516058,-3.224729989253964
1,2,-6.840523006652461,-3.380723449035717,-0.8106074740881966,0,-2.5372396801490313,-0.005413798854766005
1,2,-4.591364627918678,-1.761498483720944,-2.0537855260177684,0,-2.046417748171203,-1.2898386004434954
1,0,-3.232977416856839,-2.2800044098724324,-1.1713987111338664,1,-1.131025477099966,1.2607746865936689
2,1,-7.139974193029514,-1.3829905622953071,-2.964724342168074,1,-1.5919053849524356,-0.7338430417489883
1,2,-5.328141702429868,-2.8982770950251635,-0.8332862400529973,1,-3.1981759086849495,-5.35967222271195
1,0,-3.391179066465114,-1.8622330940171072,-2.2214760402173748,1,-0.814745662490922,-4.545740885548309
1,1,-5.271791344072444,-2.6109504530090835,-1.3543349365822253,1,-1.5835897123717713,-4.53517422100483
1,2,-5.747676739749761,-3.333800213357401,-0.5148384196355051,1,-3.6910882090954438,-2.691470270465436
1,1,-5.203071954473367,-1.5893754043607486,-0.9724062372473017,1,-1.3749203955181968,-5.323971679435106
1,2,-6.088263237346608,-1.6083046980923164,-2.5791410991328463,1,-3.590266461209227,-2.372222005052957
1,0,-5.311845284337796,-2.461370507185743,-1.2780719517850443,1,-2.230749944027057,-2.5112779755319226
2,2,-6.832562781130896,-0.24522480435269634,-2.067321850452069,1,-4.806933996178079,-1.3997118104929145
1,1,-4.838189003998551,-3.515800293985454,-2.847700317904564,1,-2.1074070874848645,-2.0888831578319866
2,2,-6.879645399937142,-1.3426815314080889,-1.589226904448017,1,-1.9769932646862645,-3.129727706070458
1,1,-6.679079482002152,-1.6996049235297863,-2.4205843160069502,1,-3.324894996550295,-2.5954298539382306
1,0,-4.5072592064670705,-2.484160326647758,-1.0426447096319615,1,-0.9840631557634956,-1.6980717957439646
1,2,-7.095356115770345,-2.263384654445001,-1.2727622753461783,1,-1.8887752776485194,-0.31949419342529617
2,1,-7.5198912087253,-2.233307030421362,-1.148272870999372,1,-1.1457898453834474,-3.524446207894646
0,2,-6.835756529118625,-1.9445704611713224,-0.23883630745113504,1,-2.0189095390399068,-0.6135576987807352
2,0,-5.316302627970827,-1.84767513962829,-1.9004917510932848,1,-1.7000863749301818,-0.8813268412379542
2,1,-6.193041908414094,-2.633896154201041,-2.49001587437339,1,-3.490757954965248,-2.9599510616775375
2,0,-4.963356885121637,-4.20802557932477,-0.8071955905295142,1,-2.528426679795676,-1.8523455093943273
2,2,-5.713251263823704,-2.5173057074404173,-3.121298875493308,1,-4.47791870700469,-2.814586122171127
2,2,-7.676250765443614,-1.105379237093279,-0.8151683981566901,1,0.025041664338302905,-0.8234979897638968
1,1,-6.757208314358386,-4.50633205423274,-0.1816441645956579,1,-3.2324482797383105,-2.8233149972059373
2,2,-7.756021282515691,-2.7531793981032258,-2.453714644181434,1,-2.6027104138779986,-0.3823326598787944
0,1,-5.626873549389271,-1.5332875569906013,-3.053155751578085,1,-3.083670213232043,-3.0357674161528623
2,0,-5.892650994408709,-2.461320981133674,-1.6175539020371954,1,-2.1762347823640398,-1.7500901312462196
0,2,-6.776521917727747,-1.9943577823362415,-0.766314277584731,1,-1.5159717473574226,-1.789471626574998
1,2,-6.243099047329934,-1.0079773922496815,-1.7142786924843618,2,-1.2520007077828188,-1.0695448893860464
1,1,-4.724420712191426,-4.128834223153277,-1.502639363849422,1,-1.7838643796532794,-3.2494714775769262
0,1,-5.533208026407418,-1.827480200492775,-0.7313118636249045,1,-3.9282148557835144,-4.804444113789568
2,1,-6.869221608999288,-4.27144820717592,-1.9146936309539841,1,-2.261502143979984,-1.053848063184322
2,2,-7.253386838918762,-2.118204877749733,-1.6197098314645944,1,-1.465090487365726,-0.4481318224350816
1,1,-5.409680146982517,-1.565150026439057,-1.3975754162778076,0,-1.1241469639589277,-2.2782371588713044
0,2,-5.011807512783914,-3.202903158876594,-0.14905662704588973,1,-1.8424595436409505,-3.056117088458426
1,1,-7.398058009248292,-2.8896960763720405,-2.9773246180368065,1,-2.310127810390608,-0.12994518943289746
2,1,-6.302797978254139,-2.324401020125978,-1.9597856295865137,2,-3.3522613099399208,-1.9740960962508844
2,2,-8.433173707296394,-2.1472491345410862,-1.4762063955359959,1,-1.6713429551334764,-3.85728770935835
1,2,-8.1954101615442,-2.4388951321464094,-2.422119365358931,1,-1.4937075617752529,-3.4247321842258502
1,0,-5.989912725388317,-3.4090902949724002,-2.256162420870078,1,-3.1426476688711413,-1.5346377298591165
2,1,-5.647047641249174,-1.7786776981050476,-0.7162928874532104,1,-4.8549535958081265,-3.5862465159701915
0,2,-6.841374063086808,-1.393406769838689,-2.3421295685121506,1,-1.7959854736221124,0.9685360712321154
1,0,-6.46663797153654,-1.6397990123712374,-1.6918130462077112,1,-2.2256962743713067,-1.1759087610447445
0,0,-3.785652995026243,-2.786872733100493,-1.3965452897378379,1,-2.1474961860401125,-0.8206821057336046
0,2,-5.992699708333116,-1.959329499733004,-2.7147691549345945,2,-2.731837438129131,-2.8042194651315993
1,2,-4.750775127151405,-2.1386928297456107,-2.184808076648275,1,-2.8730683020418026,-0.7716589463329881
2,0,-3.504867910161692,-1.5889567184611422,-2.1806304908145195,1,0.5383031825055102,-2.901170718048811
2,2,-7.220525726343015,-2.3326263920844172,-2.262239633610977,1,0.4267534175974643,-0.4495464161778001
2,0,-6.198642977606785,-2.7494915903649253,-3.1118124067858144,1,-3.4222554719372225,-3.38138847004391
1,1,-5.670089533956529,-2.5707623124394154,-1.5786528238905098,1,-3.068457139085602,-3.422797100956122
2,0,-4.613833767384075,-2.1731491999283374,-2.2054841796012035,1,-1.2203688612591246,-1.0042341053904393
2,0,-7.037635360190653,-2.912060367370444,-3.1359158481930076,0,-2.491788887163466,-1.1170770269273775
0,1,-3.2921440239953985,-2.4331827314851355,-3.2263395474757277,1,-1.1510541649456696,-4.009148093517097
1,0,-4.829353174290427,-2.7438329948827618,-0.7341731881093447,2,-0.4226577840224517,-1.4110136091377337
2,0,-4.628179135532994,-1.0078512213646196,-3.253317121929574,1,-2.5792776102951,-2.9003334909485443
2,2,-8.149159069198049,-0.6734161516681425,-2.2429298226746823,1,-2.9580757274236418,-2.6885012757738056
0,1,-4.19048638405149,-2.5747652991344463,-1.1806713929164936,1,-1.9248966096277087,-1.0570124193026444
1,0,-3.16143901638315,-3.356611437540936,-2.945343451923256,1,-2.0310142351481044,-1.3211906419220103
0,2,-5.080273154647426,-1.1592575454480905,-0.7165587230541774,1,-3.515154684410108,-2.225112675084152
2,2,-6.7976025266918665,-3.6855146020724483,-2.8796959068775965,1,-1.2363043583572328,-1.6363560514172033
1,0,-4.007626506805456,-3.112592612860983,-0.6518960078134626,1,-0.963310045686294,-1.1609087326689456
1,2,-6.451889123477755,-1.1839476063994816,-3.053973875262068,1,-2.6979107700708638,-1.861354210940023
1,1,-8.00329578470287,-2.109373721195982,-1.8556331140143838,1,0.20986576991098915,-2.1543876181254316
1,1,-6.4366704568105675,-2.045209697606631,-0.9796367151106057,0,-4.265936816854731,-0.5247074347973646
2,1,-9.333300882190294,-2.352607227880175,-0.960155628148294,1,-2.37020100533782,-2.490142027020703
2,0,-5.302123824935789,-1.2957803840157935,-0.624781650310535,1,-2.785163442184021,-1.9569140209890563
0,0,-4.071406955668337,-1.9138772819117436,-2.1582998498693837,1,-0.7507012734095717,-2.3148708686311634
1,1,-6.172659483410874,-3.237913573987411,-2.2629980282255158,1,-4.706001855850961,-1.3062822958734348
1,2,-5.565753903514997,-3.4331375532159103,-3.729641979893736,1,-3.250435551308957,-3.588391541871678
0,2,-6.485252445415412,-3.479329653664568,-1.6482574120515867,1,-2.8368219645342183,-1.7878941507742308
1,0,-4.296657114726817,-3.170826767259493,-0.8714701995870209,1,-0.4854487034377043,-1.0150055273688219
1,2,-6.604210679255684,-5.648140368511168,-2.3780753276081246,1,-3.4821504691408665,-2.775478972166205
1,2,-6.553503303436321,-1.4723191916452352,-1.4576436671573492,1,-3.019651631965545,-1.4261033783340418
1,1,-5.163693234534849,-3.3854178390292287,-1.2943255257158126,0,-2.7469269454587195,-4.210698631255573
1,1,-5.602315289825022,-2.7336937591522825,-2.008320680972119,1,-4.4985784441337415,-2.806913311090837
2,1,-5.589972624274088,-2.676850454756139,-1.0896155282237057,1,-1.8575352644315173,-0.39052853294224077
1,1,-7.586612917461017,-2.22979631128197,1.7982325784817823,1,-1.9700352912327275,-0.1843446972711833
0,0,-3.480469230589058,-2.3309903689847036,-0.6306757078580338,1,-2.540550105367159,-3.411167587994909
2,0,-5.6074147151642535,-4.1910706788993775,-1.4229243181189244,1,-3.1913132402426565,-1.8782531716650117
2,0,-4.3060261936610935,-4.018203819979286,-2.74036982320144,1,-1.1844727599586862,-0.5701545624832922
1,1,-4.558593911886097,-1.9789372273590007,-2.592672128304949,1,0.32964940923237407,-1.6772361394203958
2,0,-5.6407657256352985,-3.24903030775796,0.17722848142260195,1,-2.3425670442576787,-2.7786717669798287
1,0,-3.3279079269857665,-4.738981594742586,-0.6692904773133481,1,-2.4077545019933,-0.5492705828695483
2,0,-5.768760703836518,-3.195976778186914,-2.486565736852904,1,-2.4139046935342456,-3.0437423176623484
1,2,-5.613532160154421,-1.64106526202894,-0.7018990443251595,0,-2.517812883043849,-2.2462538892077233
2,0,-5.824459965514334,-1.53229789268316,-1.6195875358813516,1,-2.312393150366517,-2.5985103282881212
2,2,-6.769085893475522,-1.4820820252222118,-2.057141366264217,0,-2.508862217350737,-1.062887059581486
2,1,-6.102053950175073,-1.2868926951798874,0.21580459806724783,1,-1.7484618808811645,-1.27628086756902
0,1,-5.647189527842201,-3.271900545740442,-2.047176133062108,1,-3.134704728333076,-2.899613187769685
2,1,-7.065112398672093,-3.0883241161936774,-0.5962512256513973,1,-2.401645096111212,-0.6103233385146561
2,2,-7.207881828143866,-1.1843905520194487,-2.2820341618704854,1,-2.067257796436004,-1.1347533588366983
2,1,-6.676222221015197,-1.747192487285031,-2.372000058793262,1,-4.034982721644041,0.04539923018140368
1,1,-4.36747471583708,-2.919326730824771,0.4371512858380151,1,-1.9607221297304953,-1.0168597082636242
0,2,-4.706678913913723,-1.2787279449933606,-2.006642975873457,1,-2.5125032457683716,-1.3629799295983491
2,1,-5.79195249939281,-1.9215887570623766,-0.1300861575702843,1,-3.729460714583899,-4.663633175860291
2,1,-7.8221893384179735,-3.813412263792886,-1.9090424078368926,1,-1.6857553306821047,-1.7562660597648245
0,1,-3.7056730970959313,-3.9671728939176036,-2.0541111804508154,0,-1.3861306495122643,0.1963045584097054
0,2,-4.5580578674208345,-3.9631096744567333,-1.821099468337593,1,-0.3640178054562273,-1.8232526756132648
1,2,-6.0234341680841545,-2.4562937872337764,-1.8902763055959544,1,-3.301763268521582,-0.026009696707258723
2,2,-7.596745576698969,-2.9059130217096505,-4.004809835731235,1,-1.983371770140474,-3.374103846812872
2,1,-5.990458391348561,-4.375729873927471,-1.476116088403959,1,-3.6469320030777563,-4.148532161745861
2,0,-4.847631816377733,-1.8753086206215013,0.10932164664324806,1,-0.205421920063235,-0.6744543539134809
2,1,-8.133064173431043,-4.375192970160294,-2.2121200958848988,1,-1.4335492131229062,-2.589262591690696
1,0,-4.175367958512795,-0.8281856158688543,-0.48587002531059853,1,-2.644664265380207,-3.0607015902106482
0,2,-4.886369907842821,-2.976943914460751,-1.6857975552145137,1,-4.449134993178553,-1.3383484500217442
1,2,-6.222162344415136,-2.36705153297093,-2.8570516450285277,1,-2.6854742570226877,-1.608414452445908
2,0,-6.901252458072221,-2.702103298014533,-1.7502993885503872,1,-2.5024697733618217,-1.6492879924925328
0,2,-4.11403633552764,-3.6633872287942335,-3.2360196108631794,1,-1.3851519152918246,0.08892543890162252
0,2,-4.151984286353894,-2.726933447812814,-2.4591975987186014,1,-0.8523776987411362,-0.34840530736718034
0,1,-5.376519552132921,-2.858527229810809,-0.5909683285298122,1,-2.1655451592571584,-1.7212608667030187
1,1,-4.370966058345194,-3.534836657286997,-2.10736276322129,1,-2.9345664277859864,-2.3576130539343954
2,2,-7.648692826217924,-2.7058203584270144,0.49646961819403046,1,-0.0603192966892232,-1.8300673843537698
0,1,-5.077046576321174,-0.8670649107141379,-0.9627232795599103,0,-2.7538688409330696,-4.1891424134866515
0,1,-3.3179887831028685,-3.153222545795564,-2.892041410503529,0,-1.610331730804686,-0.8324710547043227
0,1,-2.481255031634212,-1.6527036894741196,-2.168183886102834,1,-2.414089413912197,-2.689349534201389
0,2,-7.455743129490865,-1.4158392390420356,-0.9645199759384525,1,-1.6256707341357601,0.04405371946853154
2,1,-8.00757776010371,-1.7312478702391845,-0.5737945561591413,1,-1.4764002635172295,-1.9578200249599527
1,2,-6.094848224043168,-2.4444178527630713,-2.052798719672053,1,-2.422984976500111,-3.6840275948019228
1,2,-5.393774895403525,-0.6072964097002227,-1.8330598129386904,0,-4.2358466417099505,-3.4095928641103344
1,2,-5.977778532895366,-2.0693249594822776,-1.0908851327496132,1,-3.108769723085699,-3.1961329046021416
1,2,-4.576239247013686,-2.5928506227699177,-0.6330479448674518,1,-1.036980761783389,-1.5940752085785022
2,0,-4.398537619517814,-1.172413868547799,-2.034588497330228,1,-2.160840195846891,-2.745989508507502
2,0,-6.434312626302282,-2.265836340007893,-1.0315285576331883,0,-3.491710517974605,-1.7390320959251746
2,2,-7.98363142985617,-1.8530558633709369,1.908314754753153,1,-1.771793027976913,-1.7137099281137091
1,2,-6.146670674936978,-1.0320970269241456,-2.631762175570313,0,-3.4814828729963545,-1.714732967500046
1,0,-5.737932973055839,-2.787770834322758,0.5701369304422874,1,-3.417366217860648,-3.2912245239702584
1,2,-5.535833479361561,-3.1990007918969265,-2.8494295313385183,1,-2.384317820818676,-2.0187162772726492
0,0,-2.608768314276426,-2.4133293985216477,-3.1448169684071425,1,-4.167455693844762,-0.6364887699968786
0,1,-3.98649691713094,-3.09104353157019,-1.3851936129533182,1,-2.066284669529387,-2.1216081533791336
1,1,-6.3021866995282565,-2.852971070653745,-1.3211533466857488,1,-4.509990173928262,-0.6684249037840646
1,2,-6.337074847208291,-1.9538852369839048,-2.6940872559721116,1,-2.3654764733985534,-1.939461580696897
0,1,-6.254821361356051,-2.2644740126780403,-0.9234240887771927,1,-3.226350336801151,-3.182102976162753
2,1,-7.123943655910203,-0.6326441947402717,-1.5549681038058238,1,-1.0565545353028192,-1.708963350594828
0,2,-5.639309223133533,-2.772645553812784,-1.4469902062843256,1,-2.5356098125525275,-3.0825899852727474
2,2,-7.9660186782310864,-2.994896929404345,-2.1583533169154006,1,-1.0754318588395668,-2.559720189669302
0,2,-5.924280358637592,-1.9450548203768512,-0.8461595366416876,1,-2.1703776127250616,-2.8111833673429647
2,1,-7.979024543930338,-2.213209092187455,-0.4074027365941064,1,-0.23154532942668526,0.1741319984593579
0,2,-5.560694160880102,-2.9782566030238025,1.4732649246558542,1,-4.034651778902499,-2.437679724223728
0,0,-4.915516256514373,-1.878312643726999,-2.0195024145106415,1,-2.2886433094567162,-2.02334362169901
0,0,-5.353353098888207,-2.616626660731945,-2.9841628439408647,1,-4.717923253681205,-1.882324374693193
0,0,-1.2850220568963957,-3.9266019221076296,-2.1997413392619896,0,-2.0748649634542873,-2.2967956872150523
0,1,-4.517799102654381,-1.5208087936255648,-1.4144546872456014,1,-2.6641174587589274,-0.4937766410296913
1,2,-6.783474520729171,-3.750688282109767,-2.4427090772928204,0,-1.4980699854583246,-1.0679142339880194
0,1,-5.581954418692716,-0.4075127160506409,-2.1209205356106047,1,-4.015873246504967,-3.1612087412848986
1,2,-7.0475783658202165,-0.34942872110700973,0.10263028925460738,1,-3.3286861053678587,-2.3916550622071666
1,0,-5.548245466068632,-1.7859405791060148,-0.5443643295336762,1,-3.109325834069029,-1.6624364272430365
2,0,-5.403716396148777,-3.7931280564440053,-2.6949476778150663,1,-1.6372599402641947,-4.0587080970257325
0,2,-6.441588993855321,-2.4200855503990706,-0.8933435369137472,1,-3.338844517431841,-2.1906505480284113
2,0,-3.6542042151143463,-2.7409990609096524,-2.3849359815221374,1,-1.8207555749273898,-0.5732186283343434
0,1,-5.747201339171292,-1.6957571874106216,-1.60198492431889,1,-3.376510317809438,-4.762585003527447
1,0,-5.3844246291639575,-2.9335062489175416,-2.1047751643293218,1,-1.8896837452821769,-2.8825672628469126
1,0,-4.189717461827349,-2.269373773921594,-2.4139498061141538,1,-2.424762813878239,-1.3700892526094899
2,2,-5.578288402185113,-1.6981101630913322,-0.9371060355162364,1,-3.049187326078305,-3.409877804168039
0,2,-4.821342432525752,-1.0115431426705248,-1.2658292472479569,1,-1.1299660621720162,-0.48059125602705
2,1,-7.613585528727938,-1.2457104305776352,-2.2587981788400127,1,-3.3166344870022417,-0.2651639194004911
1,0,-5.053365337778377,-3.4031750200267488,-0.3513420272134631,1,-2.9463828474706535,-2.493518687754593
2,0,-5.699146392279584,-1.5360420895956852,-0.37030123999815956,1,-1.5126308078425075,-2.091232244287845
0,2,-6.167557105996139,-3.6519643806812994,-0.026451440881716692,1,-2.3050072388335083,-1.6173139443758113
0,0,-3.5830458023435097,-2.5025277324452486,-1.230671058087169,0,-2.172688998339162,-1.6774388851174267
0,1,-4.576930226718239,-1.3197262470009608,-0.5628195669324823,1,-1.4631049206396547,-2.959765976473058
2,1,-8.23333447933512,-2.7130863110329613,-1.0027667133026696,1,-0.7876334103073176,-4.17173018709499
2,0,-5.69255097682844,-2.8577647021608583,-0.42720900579865506,1,-2.7633687470157895,-3.1382987913375886
2,1,-6.478665014442461,-2.59708245117423,-3.3963082216988743,1,-2.886378825069907,-1.8337518692314234
2,1,-6.746560255689371,-2.09832997296287,-0.26250133704845724,1,-1.7072286545086417,-0.4717109301077562
2,1,-7.630208257777066,-1.9014317763120232,-1.6690410762591128,1,-0.8278463415482096,-1.7589678112594136
1,1,-4.690089331411651,-4.464728767327238,-1.3023511465404638,2,-3.4701430953698074,-1.1886166127642679
2,0,-5.238151705553317,-2.1564279391944416,-1.8841510271716366,1,-1.396193229784129,-1.4113786127480306
0,0,-4.702729761690925,-3.6287078280902274,-1.2244963613155078,1,-2.6078178454838086,-2.2133202374901786
0,2,-7.0655259253489255,-0.7933563795221348,-0.9161538794016892,1,-3.2454799269987635,-0.07292440999597283
0,0,-3.447574573859919,-2.570964228280771,-1.1572889131799273,1,-1.889262741951043,-3.929910786149196
2,1,-7.182907521584023,-1.6605554983842574,-0.8191483348042099,1,-2.5671994159022518,0.9835811760497161
2,1,-7.650033013926737,-1.9245295552178017,-1.4779460797480444,1,-0.7932939390876386,-2.2292694334600407
0,2,-5.29151474727328,-2.6834940127322877,-3.435502793474839,1,-2.4047644849812295,-3.4366734426255725
0,2,-7.259824719524218,-2.5268897563961485,-1.5410954235035934,0,-0.4131455236737651,-0.27600405576709064
1,1,-6.084438952527462,-3.118016749469037,-0.5468947172977818,1,-3.1249732589455355,-4.901710307194977
2,0,-4.634117062354298,-2.3633599048111273,-1.0167477240076737,2,-0.7811571884492404,-3.828089620938388
0,0,-3.351547447982763,-3.1670320420867757,-0.43679456692632046,1,-2.529842513464267,-1.8938562312367844
2,1,-6.164220634779674,-2.3575241815180368,-0.9583360289675944,1,-3.935752750442698,-3.0545563052440983
1,2,-6.152728803735974,-3.454988836150011,-2.687377194690108,1,-2.5185721635644214,-2.957154732262976
1,2,-4.8473393469041035,-1.801441725843099,-1.839959204610354,1,-1.0674237117173435,-1.445053013195397
2,2,-5.788140470248516,-1.4738405040662856,-0.5104700236345974,1,-3.6718843107902823,-3.283737622123597
2,1,-3.998582554466972,-3.9415855285074137,-2.9305417728407326,1,-2.009358572050435,-0.08228085356546666
1,0,-6.3198787650654555,-0.4463546876246942,-1.584615125676775,1,-2.6095405656952333,-1.1822395466343394
1,2,-6.223138483339705,-4.2114077786687805,-1.7941555406033907,1,-2.499586643104653,-2.4680391590906186
1,1,-4.822309534884151,-3.8538196317780793,-0.23148200386397977,1,-2.36984336283316,-2.3452427108108838
0,1,-5.674468880121341,-4.568995236143035,-2.3206089404671304,1,-4.316582012322293,-3.4763847517832924
0,0,-2.6901161623590526,-1.7958201899319672,-1.9684729570959565,1,-2.3275305535920907,-3.3985073325991584
0,1,-4.01064572964803,-2.212106463382304,-2.6096496812654872,1,-1.7208225701679334,-1.384189033267058
1,2,-6.835182983089121,-0.014772373790397975,-1.8470511977451654,1,-2.65174040781037,0.6251040018722291
2,1,-6.816875216109958,-1.99493709510391,-0.6746825042339071,1,-2.2469257814789856,-2.8255644428608155
1,1,-7.827427893371151,-2.7431725302377616,-2.016776851798375,1,-1.7935310846766517,-0.8570627898400935
0,2,-5.735697726404118,-2.4670058993217245,-2.0456570901676683,1,-6.418967165402034,-3.215914933901586
1,1,-6.432804438047764,-1.410752219360474,-2.0817849040858105,1,-2.6839433296743476,-1.5040962845527668
0,1,-5.207935723430449,-3.073770960288063,-2.047494755483328,1,-4.352883344383699,-1.1582099827568233
2,0,-6.639616769160961,-2.0056310646695694,-2.815780194172868,0,-2.324417278074906,-1.6729637278394809
0,2,-5.0005339402938205,-2.8194743974222525,-0.4673106295918621,1,-1.6494737326536817,-2.3052107256420955
0,0,-4.233800578905444,-2.9068641809016027,-1.1001582245238577,1,-3.5457173604292826,-1.4400426585731965
1,1,-5.483486116073117,-0.06444713955368275,-0.3462771642742508,1,-2.947916221917452,-4.109233985469036
0,0,-4.049636380784054,-1.460115806177691,-2.0765490977867764,1,0.014175961383518398,-1.3943673877849059
2,1,-9.01118398733612,-3.071136555889764,-2.712517074702875,1,-1.9039013387343786,-1.8542530735268223
0,0,-2.661866694876303,-2.6809368426172453,-1.8941001681367131,1,-1.4805055798703872,-3.542310273181548
1,2,-6.0035586738670625,-3.109890237671764,-2.0292096184094226,1,-0.7268611250599415,-3.4367006150723887
1,2,-6.924868340867912,-1.395632720176009,-0.6088625799153198,1,-2.4347943032244026,-0.3216311957600626
1,0,-7.070366213241911,-2.00147804866796,-1.9055952801858524,1,-1.9149216952757993,-1.1274652573405817
0,1,-5.473939364064778,-0.7154877320484399,-0.7513330143368558,1,-1.5905073740509041,-2.3696101495423227
2,0,-4.84836189975039,-3.642743532461794,-2.5311251648783344,1,-1.4890455485516032,-4.02715561623946
0,0,-2.422009383788242,-2.3673987401415744,-2.0001715054766502,1,-3.6854137431991743,-3.7238003936291384
1,2,-5.421791047430955,-1.5906098057570315,-1.1656807161719305,1,-3.1887303145499217,-4.376840139231902
0,2,-5.336727238526278,-2.7362676568185873,-3.278320966424519,1,-3.026044173508445,-3.6650734427726186
0,0,-3.7509863972575705,-3.3991288179235926,-1.0788583077385336,1,-0.9739702125625492,-0.21701948862753706
1,2,-5.726858268187083,-2.987275290638955,-1.4356023871519765,1,-2.430441365132709,-2.19440365261885
0,2,-5.684825640393458,-1.758028762967546,-1.5267436105492562,2,-3.5372946815678867,-4.461263817557213
1,2,-7.7024891722148485,-0.9384615419466347,0.7571752167192203,1,-1.5482938014437764,-3.2626543901372704
2,0,-6.850922285958795,-1.4679995158702859,-2.6199221696242287,1,-1.9219973229950607,1.1091746892510987
2,0,-5.755163809890248,-1.8674941346514677,-1.216451014637637,1,-3.3857181940592693,-2.06833719432557
1,1,-4.088586686669997,-1.9681404318407427,-2.1276809219013466,1,-1.6922382681839687,-0.7865022079981911
0,1,-4.717791380060252,-1.62274802594539,-2.558083257522112,1,-0.3039785905404364,-2.1462673797253236
0,2,-5.826950635870832,-2.2671825068559404,-0.8799025346715978,1,-3.041681457413048,-3.0239399575649353
2,1,-7.682689543350544,-4.5738692082476335,-2.5009161601697247,1,-0.42285781367701103,-1.1901898129163122
0,1,-4.634278793281298,-1.2525528598846698,-2.325341215275174,1,-2.1271780276555603,-1.6718330360258713
2,2,-5.8464250275265055,-3.2956623152898996,-1.535433132289341,1,-2.881878553378066,-2.1972760806368736
1,2,-5.571865221507827,-3.5441839028023745,-3.752035003868732,1,-4.5994270875665695,-2.4107446906013625
2,1,-6.4315895122488875,-2.9114423926830035,-1.9464158292477,1,-2.547348812724374,-3.7002903863588825
0,1,-5.491192152248212,-2.1070447564135457,-2.072109235620542,1,-2.7869875113102145,-2.082585855437311
1,0,-3.8269274671446256,-0.818158276760413,-1.5316508154910933,1,-1.1615605086982845,-0.09845751422298943
2,1,-5.993676406742747,-1.2635096406796946,-1.504385326158656,1,-3.608601511981734,-2.787191365796626
0,0,-3.8779717782794467,-2.6545357594009,-3.5614414293685073,1,-2.417130425259403,-0.3845768872173694
2,1,-5.781139193702655,-2.905302712173856,-3.0063790148415377,1,-3.090476487531116,-2.82618538135606
2,1,-9.268813583712896,-3.3987093144091016,-1.6226080971086154,1,-2.996476715977608,-2.410575230434836
2,2,-8.26796738036932,-1.8338122821948648,-2.902538180508092,2,-1.7413434334313738,-2.4500462693879
0,2,-5.893969977969123,-2.6149989642193936,-2.832481224017232,1,-3.093654893277944,-3.466455298099536
2,2,-7.809479627416336,-2.450070118520605,-1.8241286799238798,1,1.7732894799533776,-1.9958837454989424
0,0,-5.773644465974774,-1.0393242939055138,-1.0659039182417778,1,-4.295696223586342,-1.9189100204182883
2,2,-7.8516825435257,-3.9154520744108847,-1.7901463838046787,2,-1.8681420625563003,-2.911609266588206
0,1,-6.666705452022078,-1.0645165561163916,-2.452279936351905,1,-2.2643205492705896,1.189790539742411
0,2,-5.062850349630401,-3.045678082607119,-2.811785006216019,2,-1.267245321852975,-4.126072839490054
0,1,-4.744138858044629,-3.1134767450797565,-1.7758280843267698,1,-2.9271072243537297,0.37716195041976297
0,1,-4.39267958197007,-2.9606047248068483,-2.589194771449147,1,-0.8647552164341048,-1.5930379854093033
1,0,-5.345138649361777,-0.5195087517149621,-0.9365811949548793,1,-4.448018248248397,-3.758055734434701
0,1,-3.0403940760909247,-3.948646669112974,-0.1901280981156641,1,-1.0547836572276208,-3.909365981905718
2,2,-5.202921283857056,-2.5469080012901615,-1.4847179096665057,1,-2.0946292362441574,-2.4299484231560213
1,0,-2.8341269325710403,-1.0349118717248882,-0.7089154232659469,1,-3.0589103607945645,-1.8112689121832182
1,0,-6.066775795465793,-3.420356516960382,-0.4185187999347397,1,-3.9069945459691824,-3.7937763967441596
2,0,-5.769335148349052,-0.46836754341373266,-0.7808791011688839,1,-1.9329915336033345,-3.6634343918614696
0,0,-3.5372902271863755,-2.7451458313049,-1.516047754618135,1,-0.6080619708724415,0.06322977985738087
1,0,-4.689584463362345,-2.0293194958724836,-1.1562843745738867,1,-1.6898999461352697,-1.2129894298290456
2,1,-7.217192790923546,-2.457191211814473,-0.11750793284783079,1,-1.7634164822037346,-1.7105181792137136
0,2,-5.99113783599401,-1.765341540104124,-2.3837533652496044,1,-4.103073590803325,-2.529557088521146
2,2,-6.916334847436742,-1.6136834551154906,-2.4923396813222887,1,-1.4889515298492109,-0.7661079912373392
0,1,-5.749482306179945,-2.217490360788785,-1.8083117279648497,1,-3.328498088887075,-3.7596875969062777
1,1,-6.331128906817515,-1.3894522337944761,-1.7502249433763315,1,-4.613158683677408,-2.607109530561516
2,0,-6.827571025604752,-2.8796706520297626,-2.207039206146999,1,-2.857178142738493,-2.4929790145824993
2,2,-6.894876231016426,-0.7696702841500376,-2.078958158170264,1,-2.6618979520345816,-1.6169832423658443
2,0,-6.0501053347359806,-3.669141729948596,-0.5056737854205244,1,-5.013860674965539,-3.0938507795993915
0,2,-4.6321465643021975,-1.3953132818023635,-1.9756064701588665,1,-1.721805991335832,-2.531737079929219
2,1,-4.982052888152969,-2.835738309162938,-0.004492350661856159,1,-2.1741595697733382,-3.126550981518513
2,0,-5.244380882522348,-3.813921792164233,-1.6823657178195772,1,-3.0833079005391353,-1.9207016384369209
0,0,-5.042305963506624,-1.4253265200340646,-1.5090283697305091,1,-1.773716037262126,-2.211787689752984
0,0,-3.003377944994647,-2.51725506946687,-1.0782076558604956,0,-1.274988513800283,-1.9015364892928277
1,0,-5.735265113065046,-2.91149319900835,-2.417596860828745,1,-4.150697455561408,-4.138865432917758
2,2,-8.264679313033149,-0.7631265690667954,-1.050527862985358,1,-0.4815785551613506,-3.5074396888482933
2,2,-8.222748491893634,-2.0240028740969396,-2.0968527407026962,1,0.060352767612263714,-3.859114719791033
2,1,-7.129877362782769,-3.554231967294184,-1.0398423951639624,1,-2.4028376497526702,-1.3397771560608391
2,2,-8.087029267750406,-1.0709635684561385,-1.0006615831275985,1,-1.1164582542845845,-2.3896267342177033
0,0,-2.4732568433502005,-2.1156519951584265,-1.6849053903337983,1,-2.721317923697256,-3.757101266862468
0,1,-6.412122645112181,-3.414064851440801,-1.4435121321200295,1,-1.761669935669039,-3.68391724490136
0,0,-3.889581278031862,-1.989831644135824,-2.110849720572626,1,-1.2878598207182481,0.32562231258807484
2,2,-6.157758182554483,-2.4080828950120767,-2.1918633297527816,1,-2.179244760751541,-2.9856935148427866
0,0,-2.8258328260919248,-3.3904241471243703,-3.3539020227140615,0,-2.0599635525835653,-3.794852683756795
0,2,-5.104916514060246,-1.3273606914682794,-1.377629549001866,1,-4.375904539000065,-0.06381143596615146
0,1,-4.693777887141745,-4.089968803567654,-2.843184360071888,1,-1.1231242623203697,-1.633334076438077
1,0,-4.1694826101321105,-1.9093948130253282,-1.1004956783175222,1,-0.8405505608242236,0.5837313407790906
1,0,-3.645560835558189,-1.6960408049342532,-0.10133587461281013,1,-1.9095051029932386,-1.589876562154643
0,2,-5.361414474056813,-2.4252511829450376,-1.4320693786550147,1,-2.0162552931471547,-3.00179632491564
2,2,-6.851204010837654,-1.0295247536740009,-1.8730284745660297,0,-2.547153013142406,-1.0374492659686323
0,0,-6.143782407534717,-2.1831036002087503,-2.398066237985544,1,-3.4915640502544565,-3.2224779102792436
0,2,-6.050461310134881,-0.673154359767788,-1.7760282410151689,1,-2.9907849076268582,-2.523312691010315
1,1,-5.512325735640916,-0.3869505418151564,-1.4066868679158204,1,-4.314610942335519,-3.8913364722057904
0,2,-5.811049363491403,-0.28175564990115953,-0.582002925743935,1,-4.437804390413383,-4.2625255785020135
2,0,-5.210666122548378,-2.044551863139132,-1.6654942855170352,1,-3.180358081054318,-1.9356706339288858
2,0,-4.5505120491584385,-0.590928651201273,-1.2892009957036423,1,-2.5865327444095927,-1.082572343270921
0,1,-5.335122295948324,-2.4626074295559004,-0.8616759218914944,1,-3.082853745370044,-4.4892334721430505
2,0,-5.370433660623103,-3.4799040740391476,-2.2061828213523813,1,-3.426837280877415,-1.7939110441385906
1,2,-5.882553221796589,-0.825538730910256,-3.080267980575739,1,-2.7851642275332766,-2.062609036899617
2,2,-7.789992656461576,-4.077018796080404,-1.275218598621234,2,-1.5041934677042383,-1.3710260475842084
2,2,-8.508786051925474,-1.8714173397504439,-1.0201876042422442,1,-3.0683202756172623,-2.74120922694643
0,0,-4.601341999425287,-4.619008669797094,-3.39946894182659,1,-0.7272979125122403,-2.392458864308156
0,2,-5.842690785288556,-1.5132313421640853,-2.7962663391267872,1,-1.954436969283127,-2.1635041217207287
2,1,-5.028723368643308,-4.076190611507144,-2.5021525098622175,1,-0.8727842896552378,-3.1714374786535355
1,1,-6.929239069400923,-1.296788888595799,-0.3943924473051792,1,-2.74402549438294,-0.8912366006707487
0,1,-5.182438182115704,-4.360007708361043,-3.257822212152991,0,-2.0258413757943337,-2.1817757353078537
1,1,-5.408412023225272,-0.10050849910255533,-0.4185303156026001,1,-2.3780626882296794,-2.480712171423082
1,2,-5.4084557497958015,-1.2517040492845448,-0.8153664886885754,1,-3.7313877301352205,-3.0642443746879655
0,1,-5.270653435484058,-0.10357733177510253,-2.090768496777887,1,-2.1651267096698747,-0.608822680896322
2,1,-8.684224808517886,-1.5327574358716038,-0.443314521288792,1,-1.377928588556777,-3.859750048266392
2,2,-8.483327653787374,-0.8747347420886542,-2.5545760588623723,1,-1.825750111040063,-2.706848608532807
0,0,-3.5966518459604973,-2.7726061490714073,-1.1251140602595049,1,-2.016376767834468,-0.6259709521702549
2,2,-7.569310014865736,-2.8836433002751427,-1.4857436438346139,1,-2.1614726814652574,-0.8476502794407712
2,1,-7.3516892470658295,-1.822366984182891,-1.0374396118262927,1,-1.1687256543195887,-2.1941475410094715
2,2,-8.493684589942292,-2.8034936350433073,-0.6462420260308931,1,-0.6241309609306867,-4.187254195552763
2,2,-6.153730311170852,-1.7683114034766234,0.4424922664974833,1,-3.632280111889217,-2.9379558220871127
0,1,-4.578381243701538,-1.6326615512459988,-1.5584100399776533,1,-1.4150126083459496,-1.5780480696442634
1,2,-5.725607076258841,-3.039796807014884,0.07760682729723722,1,-2.026281739648999,-2.5372837018005336
1,0,-3.4055905785795817,-3.3538374820626835,-1.6174370617645613,1,-1.2943390965840933,-1.6983161407997973
1,2,-5.553485523840599,-2.2389218335648753,-0.8804557966073935,1,-2.459104844151484,-4.224309794165455
1,0,-4.650269760261261,-0.34960406309427094,-1.616658331945863,1,-1.73983079469144,-3.683670689590577
0,0,-4.164023747528913,-1.3386655413739508,-1.5011533863940263,1,-1.4019758854895434,-0.28531145832965166
2,0,-6.76977852796702,-1.8735037277396853,-0.20006072894847704,1,-1.378371106309027,-0.18808248294357355
1,0,-2.377291690325596,-3.3875834822581936,-2.165672309330703,1,-2.249822309901999,-3.007697682196116
0,1,-6.404871785340382,-1.8238152219634154,-0.8994308394249293,1,-5.429070805071379,-0.05678631013943214
1,0,-5.107614448362304,-3.2925696925532124,-0.8004680200045334,1,-3.313833778733737,-3.060448753686122
2,2,-6.414840119269234,-1.4578988684281415,-3.3577474255499586,1,-3.8895222796831717,-1.4641129269813558
2,0,-5.920393027034227,-2.155359822042512,-0.6356499184969435,1,-3.775461143482895,-2.09638379917292
1,1,-5.629504757197094,-2.8511743883638285,-1.4391457122271434,1,-3.3612244926969943,-2.4070176721014414
2,2,-6.903369087776995,-1.4898202830610905,-1.9151414356035656,1,-2.0598173910146023,-0.2950075531247992
0,1,-7.300220862121487,-2.08042991059522,-2.8443791440157318,1,-3.557672294329712,-0.16639282369476305
2,2,-6.383697158094217,-4.050486624777202,-3.767714913818293,1,-0.5926240916717469,-2.5418865495095746
1,2,-6.723619639670766,-2.081998651930525,0.73419020860262,0,-1.9836658061182628,-2.0241712692840688
1,0,-3.91707909854099,-2.356780968165606,-2.62740502099388,1,-0.5798260164209088,-1.1749469872955545
2,1,-6.843218059989677,-2.913367871382339,-1.78478620305092,1,-3.4100473396084268,-1.1133220515228874
2,2,-7.056252568896297,-2.8466728297822015,-1.0059714284664396,1,-3.7443011771396653,-0.1952039082270025
0,2,-7.118310690474407,-2.225345700141369,-2.274051679130289,1,-1.2685770556935658,-1.5603027325848466
1,2,-7.688181176336882,-1.5384170784615303,-2.0777569845055717,0,-0.14749661227667654,-1.518792810747998
1,1,-5.788133734422527,-3.2831278159513237,-2.056933573411437,1,-4.152144458720883,-3.1519122709119305
2,0,-6.037642542870112,-1.2500949439422742,-2.060719930453358,1,-2.6527129838418215,-1.5681111934543126
2,1,-5.8173393102360285,-2.2491706806869556,-2.60014877059076,1,-3.8364633910288637,-0.7290240415717117
2,1,-6.963246136748206,-2.703282876133519,-1.2488265452431284,1,-1.9049235556798476,-1.0891842842858916
0,1,-4.971932925169179,-3.370576849931278,-1.6367956412338063,1,-2.2073834606036766,-2.6900283152130644
2,0,-6.021749146402842,-1.8531716377098952,-1.669232851529122,1,-2.7804487125412494,-3.195919218799419
2,0,-4.890417118885124,-1.479303872161495,-0.6645461696826003,1,-3.9625401385470163,-3.5746413106101356
0,0,-2.9509995750544054,-4.199116053168395,-1.7615506725825254,1,-2.310611550064598,-3.0315890014925686
2,2,-8.98204178050004,-1.6497208504344192,-1.6987775175001598,1,-2.8836931991817654,-3.4086100164403357
0,2,-4.012778137288812,-2.9343179397086336,-0.7817164777379788,1,-0.6110735530560796,-1.9006688051618161
2,0,-5.465792050511551,-1.8276342814484066,-2.4328738594363237,2,-0.9263189558761296,-3.3062218335279594
1,0,-3.921965200095748,-2.2727940215210847,-0.7839318067679233,1,-2.884588676414723,-3.242415289947191
0,0,-4.4505883322918045,-2.711456215877516,-2.14711690839849,1,-0.18195881903622957,-1.4152118799958875
1,1,-5.635353387343639,-3.3596116758418835,-2.2541049752715128,1,-1.9053515730423571,-2.7126702154299718
1,0,-4.622085594293806,-2.914117417947953,0.20882722199000203,1,-1.0197583616256631,-2.0146912491529694
1,0,-4.455387948716074,-3.3854258434093585,-0.21926072295002252,1,-2.3010950782956123,-3.406935928406461
1,0,-4.2869187601591365,-3.08359017233809,-0.0398158674606548,1,-3.8599005675125286,-3.34785457317789
0,0,-2.8548725537830446,-4.38889203164426,-2.2795581986749496,1,-3.1639064323873587,-1.732925748501299
0,2,-6.967763686212536,-2.7062702608444766,-1.0729609887194655,2,-1.5862436069875394,-1.2041977535644737
0,0,-2.554869217869965,-1.5518101424478326,-5.00051279140056,0,-1.5500504018021497,-4.320280048843537
1,2,-7.469849994884973,0.3861298430435065,-1.8169636778429952,1,-1.571268325112364,0.1606292695262519
2,2,-8.736008805330194,-1.6229237491412198,-1.0625421889142954,1,-1.1789668237066993,-1.423126626826178
1,0,-5.5667413024868715,-2.438052314280594,-1.2903615260023205,1,-3.285479183558681,-2.84794238921004
0,0,-3.562879938009113,-3.4962727476983417,-2.2079426676116136,1,-1.624871733778694,-1.6455791500408354
1,0,-4.2091395697907545,-1.5739623335378308,-0.7891206690896204,1,-0.49778370913757286,-1.2918881166341503
0,2,-5.623854354196985,-2.0379124170876537,-0.9693055636429664,1,-2.309720747813489,-1.2392918502424382
1,0,-5.375088236371775,-3.532690429409606,-1.5722460564823388,2,-2.3428625450382445,-2.605113763910346
2,2,-6.4381143703890436,-1.5677133070175542,-1.4339771334409122,1,-2.995820452626236,-0.36084503606247775
2,1,-7.939738598405887,-1.0768250742699497,1.0317851667845623,1,-0.7827803509776551,-1.5746523694009378
0,0,-3.2205312753747117,-1.4644639921260931,-1.4127851985140127,1,-1.7140575530656448,-2.0614338327274178
1,1,-4.681327329293514,-2.878390775336047,-2.458338431398755,1,-2.680117236637094,-2.4663044234550715
2,2,-9.875340844287464,-0.5891987596505195,-1.302996080381357,1,-4.2655775198076356,-1.4746863084846342
1,0,-4.319236159255435,-1.4036710236126178,-1.6385507685250045,1,-1.109443370034827,-1.0080007640303805
1,1,-6.618721045983858,-2.3918143760837616,-2.7305831047514637,1,-4.458339498198095,-2.727949541703836
2,2,-6.848635331342817,-2.8692522145339403,-2.216656163410968,1,-3.699288483316659,-0.24537049748465667
0,2,-4.906197990375291,-3.3358083151413602,-2.5039547667284565,1,-3.7211596382721464,-3.717881038398388
2,0,-6.835454726978254,-1.9239813828022578,-0.2021200274472288,1,-3.13401564628204,-1.557011976002297
0,0,-3.10825034803899,-3.453877660380952,-2.126129371923193,1,-2.2672990280267573,-2.7951017025329974
1,0,-5.451365465374016,-2.089369689448098,0.37599175121520356,1,-1.008333123805927,-3.2724598797808944
0,1,-3.231353318766341,-2.8775096010017305,-2.4310657861320832,1,-2.7386406489752275,-0.6447812451966377
0,2,-5.588954753242607,-2.5139269814003353,-2.176000087703761,0,-2.8370350907073676,-1.997642699587264
2,0,-5.805020895680232,-2.4664215935535183,-2.546572733062177,1,-3.051278669081177,-3.184731947419698
2,2,-7.138836784965912,-2.3467213187356637,-2.249666235566126,0,-2.7779992145063037,-0.9616571489579625
1,1,-5.916109667332414,-1.759985589232875,-1.6255877105835963,1,-4.685056095540949,-2.761806510505886
0,0,-2.344217071080517,-2.2030906053035273,-3.8379030418894176,1,-3.1569381623068153,-2.7417403754960783
1,2,-6.717790635532971,-2.7044635266398127,-1.1098674156893884,0,-2.3403176809254247,-1.4174994773549352
1,2,-6.175814901024176,-1.7148717690389979,0.028985489918170293,1,-3.988225251221225,-2.9614592305386833
1,2,-6.775660236394141,-0.524648801177825,-1.1698039396293551,1,-2.3114628923717797,1.6362397790201504
0,0,-4.717323830912448,-4.3429153663674676,-2.4301821688868768,1,-2.0028328934697757,-1.5739439041458319
1,2,-6.374035349218155,-1.5690602908893205,-0.4785387734905173,1,-3.2716217928499143,-2.0957251031165565
1,0,-4.603108477287671,-3.6904720359764167,-2.2157997985337547,1,-1.5833727268479831,-0.8427621032827909
0,2,-5.252294325988293,-2.94767653231937,-0.8284897562014033,1,-2.7093932396777567,-2.94974072714933
1,0,-5.672051357855311,-2.695992955244749,-0.8643208887189856,1,-2.8071449749301727,-3.7074084083983116
0,1,-5.699966341875939,-1.7374610217500817,-0.28285724400633816,1,-1.6776016983910103,-3.6844256234388144
2,0,-6.5839869126003645,-2.0217486205924584,-2.800506589119657,1,-2.5889654545197005,-0.7790605930361403
2,0,-4.192498498021075,-2.0188707712889475,-1.4911042409407984,1,-1.2745241848263498,-1.920331658476346
1,1,-7.390481834643239,-0.9206497545837709,-1.1781519616491953,1,-0.7363114777012582,-1.3225399743050597
2,1,-6.4255761850880795,-2.786843853827725,-2.469827975519551,1,-2.849916161237618,-0.305344473709382
0,0,-3.040775081401388,-2.984562193967445,-1.6381389989549362,1,-2.2101378043445434,-2.372182931610735
2,2,-6.614702959142939,-0.1892117686833199,-2.0356656622089595,1,-1.667295892386758,-2.2909612231720384
0,2,-6.631228030309786,-3.660731226583943,-1.9462729639233054,1,-2.4662344798841787,-2.6300736445090207
0,2,-4.111099297059971,-2.006175759386633,-1.3807974520432034,1,-1.2191999823036224,-0.4514207470034918
0,2,-6.133896121049628,-2.2397200547849785,-1.6219680024758238,1,-5.368897146273561,-1.419828152071489
2,0,-4.3135820771633115,-4.445623525193018,-2.696056609904715,1,0.792268440564565,-1.7866544024821616
0,1,-5.628045053370629,-1.7751533038349592,-3.1474870055361013,1,-2.734495816081861,-1.9529061266005288
0,1,-4.961147600978693,-1.0841821028599736,-2.519846726570928,1,-1.571579975760892,-1.9549570970676458
1,1,-5.836081599839802,-3.3036489632327175,-2.6111822326431318,1,-2.161192893828927,-2.417280804760447
0,1,-3.0290911415843005,-2.679935095053859,-3.404574277902819,1,-2.0279883209596,-1.8197641670340987
0,0,-3.0145165696826943,-1.6730860285407405,-2.0220044199449014,1,-2.3616985052108026,-3.3330723584876525
0,0,-3.5967348789562794,-3.6053702584660394,-1.1075101493108015,1,-0.10901059561884896,-3.0463502183625075
2,2,-7.80898905474389,-2.5069933105211994,-1.8993817668427153,1,0.03144715163494283,-2.4490977894714088
1,2,-8.566274940822971,-3.122820067817768,-2.134484797002304,2,-3.340092560179394,-4.051129443475068
1,2,-7.858916330063705,-1.0910601317129203,1.2773227848486586,1,-2.5915174243511387,-1.3522895673071775
2,0,-4.833502445156252,-2.312312848476278,-2.2797186435357157,1,-2.3068099098294175,-1.565619071979829
0,0,-3.8359419845575795,-3.1859018725914496,-3.6075514972916074,1,-2.6438773579736154,-0.8605234651390281
1,1,-5.547853344479865,-1.2386306570037982,-3.1529040144771443,1,-1.2775579054458832,-2.7253686180164713
2,1,-7.211265771927803,-3.1523764248024086,-1.607131864821318,1,-2.550575701685948,0.0600497051811365
1,2,-6.448627102613915,-0.9054124808019981,-2.0229029835853374,1,-3.532580278211268,-2.6766880983852532
1,2,-5.312675300281813,-2.714004829381259,-2.7765208541829836,1,-2.1886184260797155,-3.925926841737879
2,1,-6.627713992565284,-2.2229608282154167,-0.9353654993925576,1,-1.6956151801451567,-1.2948437129887775
2,2,-8.170928385763899,-2.1624000394181153,-2.4613093032595845,1,-1.4534498745483688,-3.294579567533933
1,2,-6.557436702272218,-1.9557092989486702,-1.509943037535612,1,-4.025112443417195,-0.8230098987730455
2,0,-6.030091614629577,-1.8969368596178646,0.6951354920090973,1,-2.419123323828006,-2.801912795378214
0,0,-3.487036349874416,-2.697226695382361,-3.434778481313427,1,1.490045189943119,-0.5140035158958116
0,0,-2.1093848666355206,-2.7913115950796894,-1.9559866585180683,1,-2.398096353204826,-2.7034928283861013
0,0,-3.6359267715359302,-1.2971942761177584,-0.4833036666878061,1,-1.4304584336915216,-1.4088114341093558
0,0,-4.366987763066449,-2.4441095808957543,-2.0223268615736343,1,-0.3338799201164704,-0.5471740633248986
0,1,-5.928080291739553,-3.6688399943039283,-1.9530704613314471,1,-2.4314001626357036,-2.033368262954117
2,1,-8.217998768419577,-1.129324683740108,-3.47218200031001,1,-0.5648260676791058,-2.2667005466717653
0,0,-3.8959990044656623,-1.18330464443668,-2.715621475359275,1,-0.21385162307290995,-1.9976850995866275
1,1,-5.391959857870781,-2.9230782019852706,-2.242481589155399,1,-3.3726807189398302,-1.2030281523650819
1,0,-5.754093372393135,-2.10533576178009,-3.828800853391855,1,-4.434094630185267,-3.2415957360445624
2,2,-7.863446102005161,-2.9337434205388404,-0.7103363284403381,1,-0.2884610062537213,-0.5066676458169286
2,0,-7.444781434451608,-0.24643187819963974,-1.4182199329818894,1,-1.0208004791747196,-1.9331293792782007
2,1,-6.157864849791395,-4.701377873468861,-2.933106319549217,1,-3.8506634910235737,-3.431428929751191
2,2,-6.753829139942496,-2.8840983835517617,-1.315280993184499,0,-1.6770029654871674,-2.1039340842730447
1,0,-4.6738038871839915,-3.7365020727931397,-1.9303637755939782,1,0.2321625576848092,-0.8041800859041283
0,2,-6.710854387555129,-3.0033915443872132,-1.8603654352241958,1,-2.290540292534428,-1.8606796442913345
2,1,-7.0946399352587015,-2.9563856872246945,-2.4880668823481535,1,-3.8332572282662047,-2.8879100098811152
0,2,-4.889331173818755,-2.69146906043286,-2.7285514124509285,1,-1.229926518146427,-2.9980871176891375
0,2,-6.138846147993429,-3.2365983448938356,-1.148050770926762,1,-2.6131478832958708,-3.2759597373423084
0,2,-5.431730439198641,-2.3051674438787413,-0.8836540207247708,1,-2.3607633093124574,-3.5343963665001956
0,0,-4.968058177778972,-2.363261801692645,-1.599994570888296,1,-2.0759194394727665,-1.9439760610188788
1,2,-5.656735384567346,-2.330526996432595,-2.000453014471206,1,-3.0487314624541884,-4.59720991390585
2,0,-7.566418169987218,-3.274096404208676,-0.7674367818505106,1,-1.6909814541229578,-0.767957656463732
1,1,-5.167485755175643,-1.9582194109252946,-1.225857994267484,1,-0.34087992611335816,-1.8884099903460985
2,2,-6.16480458850386,-2.911604583775489,-2.174294380762893,1,-2.9699072589408897,0.09125286560165913
1,0,-1.706618304410744,-4.228315992715023,-2.226150177471394,1,-0.4361396885374642,-2.857287695579694
2,1,-7.439229303169975,-2.4377238746181895,-2.09963784636067,1,-2.5252636352471964,-1.1806995772677507
2,2,-7.948012059903261,-0.5727255553382045,-0.49074769760565473,1,-1.3758198793619432,-0.9396697598288672
2,2,-6.482730772198883,-2.5008048047025557,-1.0487881577398857,1,-2.6217801422858704,-4.00042783708567
2,1,-7.979373758754268,-2.6658797030126955,-1.684535602939937,1,-0.97698176347632,-0.41029127180941716
0,2,-6.123297649132793,-3.4518688163480045,-0.6637968550167797,1,-2.7291278906357266,-3.094970537873343
1,0,-5.464518612251828,-2.865529647954766,-1.4478194299603988,1,-2.784716317478317,-3.2646196421653744
1,2,-7.274533301794367,-2.5818801134399942,-0.6913660312949679,1,-0.17843220545613847,-1.0676777802996253
1,0,-3.798133557419639,-3.7043507076532496,-4.111869906653036,1,-1.6312759966085209,-0.07357410375902596
1,0,-4.666421151284561,-1.7856389100910892,-2.3427573820742484,1,-1.8645881569926954,-1.1857671703118509
2,1,-7.683675671248993,-2.9886032313068767,-4.291319343212266,1,-3.2892164943812965,-2.3234925624764617
0,1,-4.058248460933604,-4.171265696568993,-1.1063830966944308,0,-1.5662286386207747,0.39306670948393163
1,1,-7.0271957328352235,-3.3175499478562847,-1.7417029109794122,1,-2.9592761378892827,-1.1776600557598043
2,1,-6.0020004840317664,-2.5517742126804044,-0.11352193371147679,1,-2.70233300504019,-4.061645398147262
2,2,-7.961571018113264,-1.6391180631739033,-2.4569592664949695,1,-1.0804980175228784,-1.4143917107112736
0,1,-4.24029553259748,-3.6192986257190816,-2.001391770057324,1,-1.7237416300880752,-1.1214684403295139
0,1,-5.207705143965103,-3.6389210397856013,-1.566912229760797,1,-2.6711565727859234,-2.9893397441519927
0,0,-4.354831017449075,-3.9164659191618973,-0.7826566434099811,1,-3.3821363049009148,-1.817984789437785
2,0,-5.9929021591434,-2.884899751984834,-0.23568678579800406,1,-1.829258770012987,-1.4676174469237162
0,2,-5.59454639113139,-2.092422348890625,-2.001949309053591,1,-3.9709629244173854,-2.4844971749291243
0,2,-3.302920448411255,-2.7898886044643705,-1.2265649905066054,1,-1.616321187005316,-2.054489872423528
0,0,-5.4503180171894545,-4.383027134355161,-1.0648353183299322,1,-2.5825501628710876,-4.154838756274956
0,2,-4.87296281686064,-1.798941057679476,-1.8547940306110309,1,-0.9577100359299369,-2.8656774391897057
0,0,-4.798835147550651,-2.524761048143993,-1.7454741167124836,1,-1.7514122462732649,-0.26577718813960316
0,0,-3.5766436890213726,-4.202911088494467,-0.9762722941018579,1,-0.8128256276664524,-3.4534421798646715
0,1,-4.667191981061769,-2.9387596727787404,-1.060977548777477,2,-1.0378346204156528,-2.0894289130139847
2,0,-5.615013732378815,-0.6415484584789442,-3.4911566488036505,1,-1.971824118115266,-4.583185435103314
2,1,-4.8290507786909185,-2.312820143353604,-2.242886440412317,1,-2.6559541213248323,-1.6107214578720257
0,0,-4.883390101815985,-2.9984781359966393,-1.4496837617511185,1,-1.7054490595155523,-0.6553086645119077
0,1,-3.818331182897811,-2.7127525682606737,-2.861309270965058,1,-1.2457661308812464,-0.37386731501339576
0,2,-3.6141744826596227,-3.7646625305583346,-2.2309480042970193,1,-2.0839845302990945,-0.5690941899148381
2,0,-5.274652376628544,-1.4488535769884185,-2.2487875690787242,1,-2.8834102495964338,-4.075418141325015
0,2,-6.58103861210043,-2.2061266741681336,-0.796472639830917,1,-4.230543774803547,-2.7631342732850617
0,1,-5.695338994994376,-2.0883334204957817,-0.8334726400604489,1,-2.9926863003666804,-1.7636681962762983
2,1,-5.927035684858352,-0.741018571616459,-1.540906783345902,1,-2.9757825479098776,-3.900692603212781
2,1,-6.487666384100019,-2.4609459553172304,-2.8422144315410356,1,-2.846066194677386,-3.170941667936834
1,1,-5.554045010013585,-1.3052553488611731,-1.1177347541591856,1,-1.9436877478484311,-2.411437768598732
0,1,-4.712083278093235,-2.360095006957425,-1.6831315523024024,2,-3.8844908434899943,-3.1507066866156155
0,0,-3.3581679560953632,-3.6999364240872294,-2.2430660073681183,1,-2.2142276264344654,-1.6250865382234698
2,2,-8.662122587873515,-2.2544008035547476,-0.337911221255498,1,-2.232236772090647,-4.154930835757444
1,0,-5.419445593174052,-0.23987081144456335,-1.7973716380782174,1,-2.8344757036575863,-2.304826445266927
2,2,-8.7679952334137,-0.3144548011817776,-0.8060670429460198,1,-0.9305279911879658,-1.4234633706218438
0,2,-6.692972995612529,-1.758293945800164,-1.0773673705375257,1,-2.1591563214507854,-2.194730266321896
2,0,-4.924248961617698,-3.7389210773686816,-0.6707343090879596,1,-1.4079023406514786,-2.27831294422944
2,1,-6.759061922308102,-2.9083741300995785,-2.3770664374363166,1,-2.0444150235509086,0.578903730751336
2,2,-6.730018134145978,-3.8580579660613936,-2.506009079753565,2,-0.8128151626870894,-1.2958573858221838
0,1,-4.5464301314784645,-3.856013127978128,-0.2742114587948994,1,-1.2189841394896048,-1.8746328064689002
2,1,-7.296655070189869,-0.5812372257852167,-0.33992563718307944,1,-2.7337716793625684,-2.223906528115762
1,2,-5.073764997079229,-2.0245332310596282,-1.8145246758377578,1,-4.112800310944436,-4.338702282265118
0,1,-4.976880137110094,-3.902961321319166,0.05076536910935836,1,-1.3648803313586584,-1.2421917185246778
0,1,-6.514129787165424,-2.337153993681601,-1.7908020799249984,2,-5.004944178578873,-2.535059709768029
1,2,-8.389483885891515,-1.000009233904267,-0.871427314396756,1,-1.2258722872611831,-3.8607445832328118
1,0,-3.1139254285410702,-2.372812576454413,-3.672652984515365,1,-1.3997320874609196,0.45015748722346993
1,0,-4.18380305222578,-0.7125752991491203,-3.048499356300918,1,-2.6009695787876765,-1.6616822966629075
2,2,-7.205804432621302,-0.5533799742449161,-0.6681119343365226,1,-1.2895809303545556,-0.909605636440792
0,0,-2.9213395687125465,-3.388758139688834,-1.8752307799129413,1,-2.2453359315976122,-1.8521333209076958
2,2,-7.232932003119878,-0.665110319133279,-1.2564045253897036,1,0.4888330531468805,-0.38989893657604957
0,0,-2.1752637335734883,-4.113167062784375,-3.2948602309335167,1,-2.329201146125844,-3.702875831593665
0,2,-3.7045881882155394,-3.7878760715373443,-0.9306060480467537,1,-1.151506246069229,-0.722330499438308
2,0,-7.748323892320605,-1.7521419958331865,-2.020333085881017,1,-2.2846326254556146,-0.8454054230221459
0,1,-8.064921004099528,-0.41170882371431694,-0.9717649719032126,1,0.41932465252555895,-2.9082043948629384
1,1,-6.615602217558216,-3.371448586976824,-1.9910165525956576,1,-0.4014324256346349,0.8509394519138489
2,0,-7.1303629603238985,-1.075524225859767,-3.0706254229553576,1,-1.5230935335555011,0.8516398468086595
0,2,-6.555678481293869,-2.4636982286277527,-1.291706726125719,1,-4.084932471606999,-1.8987063058356743
2,0,-6.017223400336085,-1.033794398728684,-3.2560848282761974,2,-3.6833670285129814,-1.6664362172662939
1,0,-4.981202200458636,-3.519556814363858,-3.073608685325251,1,-2.472394047266937,-0.8365954650130645
0,2,-6.151298100557757,-1.8578843205905835,-2.136104728545472,1,-3.668091318784228,-2.3392534593209127
0,1,-3.0953779975953033,-2.743799189117686,-1.6278053607243912,2,-2.169352683912744,-1.3129044014587348
0,0,-3.609301917993576,-3.162430320112557,-1.1140936038088336,1,-0.16489465132511683,0.09845418386255744
2,2,-8.857764590167736,-2.275819885908749,0.0037089974197295206,1,-0.75272252586681,-2.1135497454456256
2,1,-5.339228966390548,-1.451942008235017,-2.5503682890379764,1,-3.3679879290247503,-0.5412602159735038
2,2,-8.962949383239152,-1.5055788935654062,-1.7954727738789222,1,-1.3141509430364537,-3.3054344013465595
2,2,-6.599465211418559,-1.956133038864365,-0.48398277396690426,1,-2.5079478706922345,-1.83212884541883
0,2,-6.676818892930603,-1.1626957619902194,-1.9881580406840242,1,-3.687970073741111,-1.9611493634807078
1,1,-5.863167381421474,-0.7330474934161457,-2.755373162220123,1,-2.286908180690849,-1.650932980602523
2,2,-6.045105173936792,-3.6753704054826226,-2.058512725008995,1,-3.599125408795398,-4.618408883698917
1,1,-4.441767152810152,-0.8779611475821532,-1.7209444289714029,1,-0.8484342256928172,-1.3357844165262283
1,2,-7.170081009130488,-1.088955464050209,-1.8407160725139318,1,-0.9638478386617402,-0.0977461480955546
1,0,-4.1626659504773915,-1.6052748433441826,-3.0321336826934697,1,-1.4606882266110066,-0.6609498132952332
2,2,-6.6028213932096484,-1.0101321014520135,-2.9716691146285337,1,-3.4436337640021684,0.2589694171792454
0,2,-4.786375431867,-2.9703583861609077,-2.6496379595169435,1,-1.249294185005394,-2.5643413507086947
0,1,-3.9035807024063,-1.8786229315347587,-1.7620486455875104,1,-0.6580061840771374,0.3891255417367214
1,1,-5.255192378219897,-2.545617952305116,-2.039322978751417,1,-2.4375015629674963,-3.6688108343384735
1,2,-6.908914834149714,-4.105999062934281,-3.254496858586047,1,-1.2472723131735153,-2.108882494997319
1,2,-4.9125004069350275,-2.8557458169608787,-0.4717763837837894,1,-1.5795083343439007,-2.420275824824016
1,1,-6.026908969035653,-1.7188558551501072,-1.8559915934056899,1,-3.5680557682029317,-2.454160668938623
1,1,-6.229667402688052,-2.7685370859834544,-2.4098762972394234,1,-3.6959938754397994,0.20314698830686684
1,0,-3.3976125742658936,-4.676972618063032,-2.033066626377413,1,-3.1588374322959862,0.06909059002761775
2,2,-8.466969855052508,-1.9698120556704872,-3.4954922276133114,1,-0.7469425229685345,-1.6999415239035094
0,2,-4.370808637439054,-4.070004846513813,-3.146464764536483,1,-2.2899316433043415,-3.002424239625814
0,0,-3.2680201433560296,-3.251103451468853,-1.511545070288248,1,-1.2992552014955137,-1.0568751003874597
1,0,-4.440313686190233,-2.7702040201688747,-2.1920807636823922,1,-1.5776472988731303,-2.491023402299986
2,2,-8.436095308463868,-1.5358306998749796,-2.136792519093959,2,-1.7851425231069098,-2.7825949745091894
2,1,-9.519270572293209,-1.5610917037520198,-1.2737061000350933,1,-3.332628829711364,-0.8665733605228814
2,0,-5.653705316693899,-0.8049582942543776,-1.7325774249615973,1,-3.3019455868371077,-3.1755162998420428
2,1,-7.829513169618613,-1.2316897218850573,-2.39990874750147,1,-1.8184761934253335,-4.658815823065439
1,2,-7.109089349197573,-2.104051848593737,-1.213464629782515,0,-3.00313096971021,-1.608377452190644
0,0,-1.8951405630878462,-3.8897756404754755,-1.8994229173745103,1,-2.722262822433636,-1.0316433910838323
2,0,-5.601673826537227,-2.5536695467623294,-0.5779287819240613,1,-4.854153126513086,-3.6805217025267436
2,2,-7.952803043814198,-1.5107818482446187,-1.505796627874658,1,-2.7104214063669074,-1.840805551674479
0,2,-5.114561362405129,-2.087320588771661,-1.0746718680246703,1,-2.504495609448414,-2.29136252943335
2,1,-7.223643400705799,-2.8436388664961014,0.2821127258630092,1,-2.028525649569892,-0.8183611812387657
1,2,-6.879145791127119,-3.543232379406104,-2.5042670737342623,1,-2.8274007212247527,-1.0638766993504265
2,1,-6.997127616495436,-2.5496296930789435,-1.6956399936716982,2,-1.02596122857116,-1.05981289935325
0,0,-2.8518254621522265,-5.427979565404831,-3.4470638253822594,1,-4.253879981481387,-1.199610542514687
1,0,-2.8614751780586705,-4.9315050157295595,-1.3687453200834272,1,-1.9272105359150613,-2.9348710037464456
0,0,-3.891420557069038,-2.03920878815644,-0.5173775186427501,1,-0.4825647960540268,0.4975712895280461
2,1,-4.9901394655285305,-2.518945713618099,-1.8863698375477698,1,-2.366450905416192,-2.175378177582986
0,0,-3.148949012065646,-2.4398159728089115,-2.0946389446132825,0,-1.1523382182839774,-1.9548873473305137
2,1,-9.132932766499586,-3.610002894548381,-1.5534876133781732,1,-3.459232572872838,-2.1363968729937963
2,2,-6.546593169628576,-2.617823275076648,-2.10574498455434,1,-4.1942999504103655,-0.767401444003967
2,1,-6.64217770802982,-2.132294995428984,-3.118648783978892,1,-3.220374566365278,-1.0655212192924866
1,2,-6.124092431004068,-3.52150267643532,-1.7607994136417169,1,-4.207490773891685,-4.073748283111284
0,2,-4.46594079198182,-2.244697934422335,-0.5792375848581186,1,-2.7008277188255003,-0.5993564314295171
1,1,-7.438871154075191,-2.8126403335710606,-2.023152884732032,1,-1.8830875808737635,-0.3713953201451742
2,1,-7.685810145162806,-5.048858402100521,-3.9020019719770365,1,-0.96727009271264,-2.8020905195526566
1,1,-6.025311508699725,-1.3217877963224702,-1.1372153287415023,1,-5.268344662726858,-3.0130395093147557
2,1,-6.399469619742181,-2.018319648903968,-1.2266624972581839,1,-1.8284541966420647,-3.0103634947579025
1,1,-4.9868167542615005,-3.629946171121184,-1.351633139161853,1,-3.013105515573889,-4.229400661151847
0,1,-3.617236267164592,-2.916348403498776,-2.3236641965083655,1,-1.3054029570479555,-1.1477334131412857
0,2,-5.644559466145493,-3.0690810777514868,-0.6835915364603876,1,-3.9506077925803154,-2.3076830165904023
1,0,-3.9934213326619745,-1.1976101285704843,-0.806239644516878,2,0.10375846401958944,-2.798883823020641
1,2,-4.982658551680229,-3.2305505571031343,-1.3380022030172436,1,-0.2959919499553523,-1.3279966602132696
1,2,-5.729164501503775,-3.6208407317619313,-0.47671532921662085,1,-4.193350455264252,-5.774576617412352
1,0,-4.946207569752114,-2.271647069036433,-2.4278506745807604,1,-3.4524924052401973,-2.547686975633812
1,1,-5.659857461054297,-0.5620791105979466,-0.8184873578746626,0,-1.6999413458418817,-3.3918014640169147
0,2,-5.726093710358354,-4.003088031809289,-0.4130992399621267,1,-3.1406298302695608,-3.894570008562337
1,1,-6.9273394640909896,-0.6968224390863624,-2.3361840093562005,1,-2.9924993704695773,-0.623803900409613
1,2,-5.695050695342793,-1.8449452827721922,-0.8892955918163016,1,-3.469867202801088,-3.90940860603985
2,0,-5.968904497819539,-1.0089246174400563,-1.8786972420791428,0,-4.262059181577526,-2.5155710558781808
1,0,-5.358546228509968,-1.827581566887487,-1.9422787083432045,1,-0.9741052997386985,-4.2611684786385995
0,0,-3.478090822500642,-4.581840454056619,-1.4404038660746568,1,-0.03471775325492654,-0.5734407121136924
1,2,-6.669747156895189,-2.3423662761124637,-1.2987084392908932,0,-1.2828268732553907,-0.1848960484860076
0,1,-4.133726120017494,-2.68982620492073,-0.7304627820023506,0,-1.7965113310957455,-0.27683994796344913
0,0,-4.691348523727106,-4.285468526268847,-2.3634888271510044,1,-1.743112814564202,-1.7437721476813755
1,1,-6.134508351855445,-1.766021673891942,0.42293168384256385,1,-3.86295244668933,-3.2217638677007874
1,2,-6.564097683466814,-1.714313820914674,-1.0603273921213119,1,-5.031819495653465,-0.49702049107062163
0,2,-3.948237411695583,-2.6830549079524015,-1.4453780243881547,1,-1.1549886227828692,-2.1604437956792175
1,2,-6.819764263308195,-2.13941347092964,-0.8003412807221452,1,-3.165971687562075,-0.398167307551902
2,1,-7.97155337577682,-4.153484487350161,-1.9956559248640402,1,-2.555980876783689,-3.0899679956148938
1,0,-3.7010887144526228,-3.4154850613334924,-2.8292590258874766,1,-1.4987564715157207,-0.6936790729104159
0,0,-5.639904021672827,-3.4576669574997383,-1.1713904416860796,1,-2.8306289001842107,-2.190971982444782
1,1,-6.062268668397116,-2.5621582154513667,-2.1456421659025375,0,-3.762597342389853,-3.652979696994249
0,2,-6.503776691636892,-1.7960341119592973,-0.3771089818975659,1,-2.6439272963185325,-1.1334117444788976
1,0,-3.815089481040632,-1.7330879500585605,-1.5766468691950413,0,-2.674838637492366,-1.6004249622904831
2,1,-7.45761598363345,-2.6522022774960496,-1.4846997117562584,0,-1.2545345263406484,-2.0737154053824174
2,2,-7.769767049405756,-3.15403719361721,-1.312807424690477,1,-3.348940459034453,-0.45330835968403216
1,0,-3.6373063781447996,-6.141438742468328,-2.5594246054848098,1,-2.999971255912114,-0.9940765559722118
2,0,-6.0448106536025366,-2.691157730711513,-2.8516099877662997,1,-4.698630981760116,-2.318591251574177
1,2,-5.9069797577334064,-1.6295419522801131,-3.4259772385712894,1,-4.24679520042926,-3.741893474193348
2,0,-6.7766439792493465,-3.025452844993098,-1.0655471017788285,1,-2.7359970334746735,-1.3425768208285278
2,2,-7.277246427869031,-1.8181582650728194,-1.152402608279456,1,-3.4916624348094745,-1.3482394251051255
2,0,-5.6868242009207055,-3.4815739280403672,-2.3081792127492973,1,-3.536432729703992,-1.8435541448530313
2,1,-5.896050618217577,-2.8696740623247488,0.8523198759984931,1,-3.185035963144139,-2.5679664155351443
0,0,-5.243657694599334,-3.6659329729160293,-3.0575802426090144,1,-1.396996348767538,-1.3461362767792662
0,1,-4.39133714019487,-3.337012268454193,-2.182420331355296,1,-0.8152827452816239,-0.4582612056159473
2,0,-4.772126700273917,-2.415184696731413,-1.5863442450178462,1,-1.645461204314485,-3.2892978830089055
2,0,-3.744999181650222,-1.8762198554789467,-0.2646542016261051,1,-0.9182604193846322,-2.0479921058690786
0,1,-4.680923765596176,-1.247614769272723,-3.0894996675877175,0,-2.271835232886243,-1.8193372361227549
1,1,-4.504366115653439,-1.4762781966335774,-3.1400858824622784,0,-2.932825697707602,-2.564571532630736
1,1,-6.022383389262573,-1.8713660783143276,-0.24863826750784024,0,-4.209695617748789,-2.392946538378561
1,2,-7.11901032586705,-1.5286648294837462,-1.7458047772253333,1,-1.2756180348161243,-1.4740136437566984
0,1,-4.93848878772679,-2.8241055823062338,-2.1065565250397116,1,-1.22168046423075,-0.8649086109407442
2,1,-6.247182181030356,-2.7838866566370477,-1.7822855108513278,1,-2.7438855030021703,-2.548184936541816
1,0,-5.528370019463438,-1.9464523026807998,-3.0272126159785193,1,-3.822216066776657,-0.5518253462483003
2,1,-7.639766269800443,-3.444475863032717,-0.28049435465056627,1,-1.5544761221840693,-1.168785613154211
2,0,-5.423099339694478,-3.2017117023089545,-2.2176682835486616,1,-3.75699486702141,-4.925311902109657
0,0,-2.746616544301098,-2.2341909134286935,-3.091226541576726,1,-1.91564396029263,-2.3807469969082407
2,1,-6.207622030217774,-2.8317290179568047,-2.222836119284936,1,-4.44757995803354,-2.144625039418009
0,1,-4.977236393820484,-0.27802506332119625,-1.9127773924998186,1,-3.917173980448528,-2.755083191734641
0,2,-4.820520785051456,-2.1503275578248546,-0.8964584856326784,1,-0.48807150037631897,-1.6377239931785106
1,2,-6.700909498183311,-2.8487015272453053,-1.322668410361812,1,-2.129656913996236,-0.40284361330039986
2,1,-6.49637748997463,-2.5413916578510283,-1.438079859934031,1,-2.8873651316114293,0.6648342306227164
2,1,-6.8181880034257185,-2.1850540438072747,-2.541498041229847,1,-0.7278982724797562,0.9235369061679781
2,0,-3.640492982028321,-2.1994869157151307,-2.1574842052763583,1,-2.681647244011706,-0.7802479088793008
0,2,-5.334049246309447,-2.5471798179132166,-2.4721927233145413,1,-2.99277457596919,-2.5907763491670095
1,1,-7.340119171098984,-1.8550959168735157,-1.7897934146980907,2,-1.6175616695338806,0.38566580775573844
2,2,-6.974812216170884,-2.2080028222172956,-1.2638418692950615,1,-2.6176194640415407,-0.07216230819870806
2,1,-8.232626131211067,-3.023066407052403,-2.4597637093987545,2,-1.2261618709573232,-2.6771652692026073
0,1,-5.751556330811785,-1.9963201806241417,-2.994229038044293,1,-2.9600902594467007,-2.518289260868258
0,2,-5.484044962644532,-0.8049838895945964,-0.11471576853111931,1,-4.6323968013250765,-1.5592271367371533
1,0,-3.39014224991614,-3.399555838718972,-1.534608870350325,0,-3.0084554956031644,-2.5154589303161288
0,1,-4.171430241738152,-3.126910078357271,0.7871654406107802,1,-3.1889334201487194,-2.2501702057644266
0,1,-6.411501852274628,-3.1535157395882774,-1.529991948897064,2,-4.344169804749074,-2.5869617302325523
2,2,-8.744731332875064,-0.4715107447411979,-0.7174636131229434,1,-1.805226362707892,-3.5399286558127656
0,2,-4.4903922701714984,-2.755942170064937,-2.6263324526446192,1,-1.2123354441888354,-2.7417003221531613
1,1,-6.403239801932378,-0.4817084491251449,-1.3740213957094936,1,-2.5427988411983704,-0.3703245861991673
2,0,-4.516046860572822,-2.14979736878683,-2.109202056154818,0,-0.21672139267919133,-0.19687199097822328
0,2,-4.508341659568403,-1.6048187927620952,-1.6268291917714253,1,-1.455120799633848,-2.0916679374612617
1,1,-5.3049178537971,-4.103149357569613,-1.3087731452458011,1,-2.019682529180845,-3.450723616329487
0,0,-4.308845571006141,-3.3319518150527387,-1.5500249843569907,1,-0.24328299406123777,-1.7998537072314773
2,0,-3.8772978910108407,-3.14578924859787,-2.8820461472721774,1,-0.7631877777810809,-0.5309078680479254
2,1,-7.228254029270435,-2.6931921439948123,-1.5928771920298335,1,-2.7754379780382603,-1.8814118892649399
2,0,-6.503002008434041,-2.6058151871442234,-1.3567926477869392,0,-5.400711794755603,-2.6486403019905405
1,0,-3.894351826409704,-0.4177265678648734,-0.10427152763243108,1,-1.8247528440700411,-2.20369546041742
2,1,-7.4587992265337855,-4.093121258984834,-2.8235795099701444,1,0.18806624737989286,0.49609103137972976
2,1,-6.638482473668765,-3.630906626957043,-1.9951000170828765,1,-2.4619755532560035,-0.8390020751012942
0,2,-5.452446825389283,-1.9686908409589536,-0.7507512336399015,1,-3.2662134806001433,-1.860190229939357
1,0,-4.452105399361593,-3.347771714893774,-1.3804698668156923,1,-0.43083884597840183,-0.6220372783832177
1,2,-5.5944815956756,-1.3794531902761182,-2.0180317256357787,1,-0.6223289647445704,-1.7850022443428273
0,0,-3.8676533743143535,-3.0993486646647694,-0.5027757845866911,1,-0.9417163700342819,-2.271658860580171
1,1,-5.873691530443885,-3.1126418220259717,-3.409936332021968,1,-2.4403772959982275,-1.8287011088369252
2,1,-7.262624206432554,-4.327596167295767,-2.2119978374178717,1,-2.1789661498975628,-0.6500472337084291
1,1,-6.896468683197704,-3.6651004831397804,-2.460431499557366,0,-2.493367507616899,-0.45588594233026103
0,2,-5.732385544069368,-3.3917255202423204,-0.3609423120101838,1,-1.8975454007166412,-2.1569053748357474
1,2,-5.561992342479599,-1.5657755555285968,-1.505197584527183,1,-1.6922657253620783,-2.171359399263811
2,0,-4.0620491496525695,-3.35376602805882,-1.536119844699047,1,-2.913500211886885,-2.0915881773930787
2,0,-5.483702558398818,-1.5949472444366792,-4.757288680480441,1,-3.9331494798348867,-1.8986831093076686
2,0,-3.637834813680512,-1.9724644589849718,-2.525345322432142,0,-1.2371109390247972,-2.6080958373458647
1,1,-6.483077429087692,-0.9698664668739287,-1.8320132793745914,1,-4.0072062109522895,-2.2246638470603872
2,1,-6.71265558994923,-2.034445110997108,-1.7980134293443713,1,-2.777304795221772,0.8217677337529703
0,0,-3.691788043062661,-3.19020744940878,-2.136448208174321,1,-2.3483322737498575,-1.6639095933118133
2,0,-5.282765573920628,-1.0943432912448972,-2.6421965536465137,1,-2.9074196005776347,-3.243413123118766
2,2,-7.223005027667773,-2.8606911785078335,-0.8356686356151659,1,-2.002469527598967,0.08307195376314469
0,1,-4.238638254268029,-1.3930238847576826,-1.3039176987273802,1,-1.4021609722703572,0.004107122930090412
0,1,-5.444188210768631,-2.215290474147946,-3.4983989449463087,2,-2.5595304286983245,-3.610908424231612
2,0,-6.05009253869896,-1.159739739774762,-2.8968843986455726,1,-2.893746554743949,-4.125377697993263
0,2,-6.119171917479706,-1.4651097059384692,-2.5022980659222753,1,-2.2279028843780915,-2.964237131955201
2,0,-5.46010394072859,-3.049478268090615,-1.8623877302250136,1,-3.6862638559485053,-1.5062377311374193
1,1,-5.54365350375558,-1.5294554808771208,-3.3953436601635154,1,-3.5729870458798465,-4.798578806967487
1,0,-5.282028594394866,-2.900210521570381,-1.1721058437363046,1,-1.2155668675095648,-2.3821581449353983
0,2,-2.2353393661077092,-4.265632950524336,-2.6577225846839942,0,-3.377770987954662,-2.5226338956773806
0,1,-5.015812025665567,-2.5280255219806125,-3.001034820301909,1,-3.065360339099442,-3.199885876688035
0,0,-3.5750426822438888,-2.0917365730619326,-2.2086006604589454,1,-0.8232136866114684,-1.6460478248925283
0,1,-4.063227793780281,-3.032509027674454,-2.571161020832366,1,-1.8915675228404165,-1.1580520791342892
2,0,-5.804214765155163,-2.2667512988675163,-1.6009134008770334,1,-5.129667176478611,-1.234774265339879
0,0,-3.1902787437339915,-2.032623305138466,-1.7330669458925403,1,-0.6624446633147203,-2.052743515590585
1,0,-6.117277379820241,-1.4339041646168933,-2.3124139827614756,0,-1.9761088514676395,-3.948203534167531
2,1,-6.643202242654536,-1.5895048429949785,-2.602897166840128,1,-1.8100356214643356,0.5009188429265008
2,2,-4.307267156734921,-1.537150208975012,-1.4978191111403043,1,-1.9990128754799596,0.6250055384565982
2,0,-6.8488859025636755,-2.8927008931567495,-0.514520450399053,1,-2.6074527717010594,-0.6375907063479738
1,2,-6.383349788712334,-2.551332574809076,-0.8974796197556029,0,-2.667570111773916,-3.3728010112423927
2,2,-7.98984387699033,-2.26989221908961,-1.1968468575325273,1,0.2397021325184141,-1.2227729969710466
0,1,-3.517520244719237,-1.0864979210758852,-0.30637718731925845,0,-1.885149633651711,-0.9799677328998535
0,1,-4.942161563486714,-1.707068819792704,-1.0626232433983134,0,-2.098884565870045,-1.5885740008998952
0,1,-5.173649479844562,-2.0248854915359042,-2.6578282472083687,1,-3.188859676500936,-3.131942739113423
1,2,-5.646600595680202,-1.8914415547417385,-2.482157947311724,1,-2.1547654706644694,-3.655472882055097
0,1,-5.826478909935169,-1.3309296271499083,-1.282225607011331,1,-2.785640651763168,-2.55098054989557
1,1,-6.743736074737263,-3.0409980552242653,-0.9442791355446738,1,-3.564068867463125,-1.870815615809211
1,0,-4.419483341464255,-3.0186548978587844,-1.789672457834555,1,-1.0111761523784601,-0.9650557736143617
0,1,-6.136580842370505,-2.441848187340618,-1.3429076180324615,1,-2.2944736759022812,-2.6564839131199234
