a,c,b,d,e
2,0,-2.2516534113893965,1,1.8117036560202042
0,0,0.9673975881589316,1,3.5397925632374054
1,1,-3.238210512377543,1,0.033297142896939524
0,1,-2.485790932745608,1,0.47484316442147356
0,0,0.08149226687228728,2,1.7893815079264466
2,0,-3.476454336432979,1,-0.8819682605625297
0,2,-4.412965076080967,0,-2.574150473738608
2,2,-7.111278549047413,1,-4.577008577789258
2,2,-7.081391068167527,1,-5.012046706622052
2,0,-2.3608086754153748,1,0.4308954454463018
1,0,0.7192599953529326,1,3.7675481601832765
2,1,-3.5688959273410044,1,-1.5346549172398039
0,2,-6.713954660823218,1,-4.609215782754121
1,1,-4.8838117501311205,0,-2.5728501074381067
0,1,-2.0624416371032757,1,-0.9281650635572969
2,0,-2.526528313524202,1,0.7354560336488647
0,1,-1.22767697336915,1,0.7334674571634158
0,0,-2.198424489170639,0,0.63201138427409
0,2,-3.924298591261192,2,-0.7408198478676082
0,0,-0.7824257892892694,0,0.8088740753602826
2,1,-4.889711691119753,1,-2.143262872417943
2,0,-2.310278390257836,1,0.49898468662644874
0,0,-0.30147111560735945,0,1.9396758436449129
1,0,-3.2983419888663144,0,-0.5030121873308313
0,0,-1.0536979478517656,1,1.161959653575407
1,2,-6.07346721560643,1,-2.4966710101383636
1,0,-0.9333535993454815,1,1.9485988808469932
2,1,-3.86140140355571,1,-0.17539064780285074
1,1,-3.9379297345618576,1,-1.1947654098365872
0,0,-0.66351597163981,2,0.651902951065948
1,2,-3.729047155191431,1,-0.7626019087032745
1,1,-4.32323801731015,1,-3.5163065684186634
1,2,-4.790767463646198,1,-0.09222230573524692
2,2,-5.436991606576627,1,-4.219904078421132
0,0,0.17337599491343003,0,3.2620220662438273
2,0,-3.5008752282980318,1,-2.0913849904139443
0,0,0.4569118198476434,0,2.164397007953524
0,1,-3.0322910778919248,1,0.1836341754732131
1,0,-2.066493516982819,1,1.1056796276887217
2,0,-1.9232940780398056,1,1.2919309625078954
0,2,-2.552696453013123,2,1.6055125851274703
2,0,-4.757062979521935,1,-1.8294678569294993
2,1,-5.0138521988908415,1,-1.2126137985928733
1,2,-6.062792565401558,1,-3.46980116617721
0,0,-0.6837128536682195,1,2.590663704896861
1,2,-6.33071227762217,1,-1.5332906074398047
2,2,-7.44880202672341,1,-4.658974830269997
0,1,-2.7181681072097352,1,-0.25364979496859225
0,2,-4.346399462084195,1,-1.5453173176648287
2,2,-6.79513687066177,1,-4.348441270728516
0,2,-4.026127767399473,1,-2.230568108380893
1,1,-2.952724887276272,1,1.5634541841496494
1,0,-1.9465510489334212,0,-0.6886663611755295
2,2,-4.977331049652534,1,-1.4643917312848918
2,1,-4.810846620977743,1,-2.6514401926208513
0,2,-3.68836639906335,1,-0.4130241025731016
2,1,-6.00534226548781,0,-4.44129255278163
2,1,-3.3270619715323555,1,-3.5016404327129655
2,0,-1.8098698399398747,1,2.157981604172668
0,1,-3.0711601024007726,1,-0.6394771137851369
1,1,-3.824320716308583,1,1.4068417364792487
0,1,-1.3146383559971697,1,0.9617468100883544
2,2,-8.053587607070906,1,-6.399622791266324
0,2,-4.116174484662628,1,-1.4919221609321576
0,1,-3.640140681849907,0,-2.00683160057281
2,1,-4.865469281051648,0,-1.4542952763525658
2,2,-6.973582514897305,1,-3.19187088981679
2,0,-3.055395797176393,1,-2.2630711566994774
0,1,-2.1302844714868048,1,0.2659318476567595
1,2,-6.172300608109593,1,-3.998078534131347
1,1,-4.433673841227656,1,-2.2857935623733834
1,2,-6.510103173989658,1,-4.58788551418667
2,2,-6.638563495139563,1,-2.1768111780854964
1,2,-5.413406189993003,1,-3.49792479193238
0,2,-4.76503445820383,1,-2.01134708489866
2,2,-6.4914769129695316,1,-4.169552872125784
1,2,-4.66990879416404,0,-2.3091125052254533
2,2,-6.968479877790749,1,-3.861809993588614
0,0,-2.7579821508477917,1,-0.30380065221874375
1,2,-4.2455621427622425,1,-1.3909960134465662
0,0,-0.11338961911238943,2,1.7644605171386818
0,2,-5.08893045364354,1,-3.656771343791925
2,2,-5.613455034405256,1,-3.9116019896829837
2,2,-7.6139465007670335,1,-4.7105365775328485
0,2,-5.2984970971008165,1,-2.8409697547558275
1,1,-3.058551258875171,2,0.4351461501333509
1,2,-6.491205852826469,1,-2.664499214236888
0,0,-1.9631317230662508,0,0.8761954637070097
2,1,-5.734287161180578,1,-3.3610443591320536
1,0,-0.8473422065621932,1,2.818338148417451
0,2,-3.3127170097951777,1,-1.1925671705528882
2,0,-2.6882607495161204,1,-0.44057384935613997
1,0,-2.99582811152018,0,0.8691544800443827
2,0,-4.049552098627146,1,-1.8022215343929346
0,1,-1.7358932878622593,2,0.17059060769532264
0,1,-2.3496575476145414,1,1.291182378570626
1,1,-2.1103356480197206,1,1.1645466396364497
0,2,-2.974216939310958,1,-0.5161697211807115
1,1,-4.258941432115515,1,-3.8461771917310847
1,1,-2.794829920376217,1,-0.44311041215530816
0,0,-2.246439032770791,1,-0.7448031757891937
2,2,-5.248773359885701,2,-3.04571689135043
2,0,-4.25081771013493,1,-2.7573817505009783
2,2,-6.614128254453518,1,-5.247567875053813
1,0,-3.3118851673330925,1,-1.407515871212044
1,0,-1.4900313589484997,2,3.114388205717201
2,0,-2.288447695946146,1,-0.19770445195221753
2,2,-6.910920084555439,1,-4.871262998711732
0,2,-2.890208120861211,1,-0.45236881651920535
2,0,-0.8427694782150257,0,2.0236071127059825
1,2,-4.37802351125054,1,-1.06710533962509
1,0,-2.1550902356990287,1,0.1359493536421872
2,0,-3.285036222526026,1,-1.4217275010895403
0,2,-3.265576658431147,1,-0.20205016374691764
1,1,-3.2695488639126706,1,-1.1885244073940158
2,0,-2.2301745032851397,1,1.4879822543934937
0,0,-1.189905375065648,2,1.6756777509421261
0,1,-5.117662520726099,1,-3.444747306330641
1,0,0.26534096353023995,1,2.398267944757733
2,2,-6.114066416267494,1,-4.079037201032071
0,1,-1.8697247530740286,1,0.3791756955526301
2,1,-3.22897949499883,1,-0.4157145282581629
1,2,-4.77730562453692,1,-1.5122728996098784
2,2,-4.7560992746966395,2,-0.6647188260729375
2,0,-4.295490560911341,1,-2.8346252682490514
2,0,-2.2475253031961375,1,-0.07140234057683181
0,2,-3.350874413115399,1,-1.0029293836716473
0,1,-3.387660203641242,1,0.7749817965708583
0,2,-3.829163534345345,1,0.12883435932393628
1,2,-5.786687785263418,1,-2.4162867557085224
2,2,-6.0753510946206815,1,-3.649063318320783
2,0,-3.42602054039456,1,-0.9377629393367981
0,2,-4.61729477597097,1,-1.8592961410422004
0,2,-5.665760116615651,1,-2.2376387642924387
1,2,-6.293588765405822,1,-2.992829900180302
0,0,0.25217603543366107,2,2.4144860834230233
0,1,-3.629588264448083,1,-0.2986246731156167
2,1,-4.6912129658863355,1,-2.3837187961898416
0,1,-1.7276465195720363,1,0.827254095267107
2,2,-7.043338792141411,1,-5.9397313725727265
2,2,-8.004943903934459,1,-5.216361857810662
2,2,-6.403939255346486,1,-4.913271536122773
2,0,-1.9578738681662393,2,1.2457087785989605
2,0,-2.6368069914987897,2,-0.6918192280769593
0,0,-0.6791025776619228,0,1.4022320227131897
1,2,-5.480980374163361,1,-2.16073318194436
1,2,-3.98971192957613,1,-1.274466284698026
2,2,-6.100230263648602,1,-2.488384776167596
2,1,-3.200934116631826,1,-0.996516683458466
0,0,-2.089857118230125,1,1.3707819725111914
1,2,-6.7832526691454795,1,-3.3623604135417504
1,1,-2.498050146426724,1,-0.6132874173106433
0,0,0.7202641538337657,1,3.478319725234526
1,0,0.3579715424738752,1,4.198232990504557
2,2,-7.415675381337644,1,-3.8290940823942288
1,1,-2.188172984518946,1,-0.26642943469204317
1,1,-2.120231433090394,1,-0.13348401998859294
1,1,-4.448160355143197,1,-0.2491398072375064
2,2,-7.957728949918619,2,-4.677275054652831
2,1,-2.5431077158700433,1,-2.1248037447035655
2,1,-3.8460129333298356,1,-1.9909513948804418
0,1,-2.3314551363908884,1,-0.5660840304822402
2,0,-2.34783037495941,1,1.057483412030132
2,1,-4.261571830558215,1,-0.8316647001028896
2,1,-6.696231578903843,1,-5.182945667953268
0,0,-2.2159319273721767,0,-0.4612594976074411
0,2,-3.2813276339676665,1,-0.6532902993670684
1,2,-6.509500513869664,1,-1.3788207772021042
1,2,-4.269377126936177,1,-0.39128776810923505
1,2,-4.057927321237139,1,-1.4677347923658777
2,2,-7.050210119072309,1,-5.025006084004582
1,1,-4.6358758976346275,1,-2.558428535624253
2,2,-7.1618192651366375,1,-4.06673551866136
1,2,-6.398699161979135,1,-3.944581126221541
2,0,-1.8022115331710338,1,1.7609206476297112
2,1,-5.427023787403766,1,-2.9636249428485772
1,2,-4.363754643061666,1,0.7751502470523368
2,0,-2.4679716661811972,1,-0.9968356841581614
2,1,-5.410075523291459,1,-1.5603579188845647
0,0,0.21456274186255964,0,1.5424854308191238
0,0,-0.980525953326996,0,3.082740382097901
2,1,-4.102811668058801,1,-3.3593965179471543
0,2,-4.072229211249764,1,-0.6831744753613715
0,1,-2.5074002621854645,1,-1.0928178490795064
2,2,-8.394284795042854,1,-5.48645045384454
1,2,-6.1969845330753826,1,-4.988222277561347
2,1,-2.240520891185463,1,0.7013489603473786
1,1,-4.221258404421725,1,-0.556166104862638
2,0,-2.947542211455226,1,-0.6302014630290595
1,1,-3.0580661635313238,1,0.7263384109661133
1,1,-1.602681949203583,1,0.5582024858704832
0,0,0.4087793469020553,1,2.5496555290663676
2,2,-6.550297270711079,2,-3.2926316159642637
2,0,-0.18879216772668705,0,2.454783189712341
2,0,-3.3821624914314383,1,-2.039055724820156
2,1,-2.893388480172934,1,-0.5705424565903443
0,2,-4.130003567892491,1,-0.788412683861591
0,2,-3.1900962809591693,1,-0.08796596541875501
2,2,-7.129302577711114,1,-4.673292027982876
0,0,-0.8049321577064,1,2.7979713233580172
2,2,-7.025808226800989,1,-4.505635417432406
2,2,-5.613406768226964,1,-3.35599095438248
2,1,-3.8990584685508036,1,-0.08402342352532433
0,2,-4.510942547560871,1,-3.860907850288407
0,1,-2.8665209920880605,1,-0.698034523925371
0,2,-4.190763823540956,1,-0.8463566497155719
1,0,-1.116927748212762,1,1.1835510151217383
0,0,-1.7077607150598946,1,0.8001778054546118
0,2,-4.403393814096573,1,-4.520208629094094
2,1,-6.3281196156157105,1,-5.2587564442097445
1,1,-3.4304810027057635,1,-0.4372202607593092
1,2,-6.79925886634989,1,-2.4329244414171103
2,2,-5.720342675900787,0,-3.4821873428783254
2,1,-3.3074318363897954,0,-1.9149836785653538
2,2,-5.426526279795072,1,-4.573864589751431
1,2,-5.823304146050519,1,-4.851339742051837
0,2,-4.016360661351946,1,0.29661476455231073
0,2,-4.301954768001472,1,-2.223135738296588
1,0,-1.6687097015123222,0,0.12322049964670356
2,2,-6.031451416863433,1,-3.65304787320893
2,2,-3.7623465688775113,1,-1.4012710259076457
1,0,-1.8100610211757886,1,0.5579687533413256
0,2,-3.66157342825419,0,-1.1687253354243108
1,2,-4.1575758189128305,0,0.6301955917076185
2,2,-6.318152630500474,2,-0.7277780947814971
2,0,-2.9023079972011447,1,0.614345363614074
2,0,-2.1834720397493426,1,1.5621433425727957
2,0,-1.579629318474939,0,1.8254223754129864
1,0,0.33930087208330395,1,1.8164092636666347
0,0,0.2745435169256827,2,3.5232256457511477
1,1,-4.707702264113849,1,-2.566525362677794
1,2,-6.588490077902068,0,-4.8539855235808
0,1,-1.317145712766074,1,2.2102267191646376
0,1,-1.0011469203834464,1,0.01245028922171243
2,2,-6.543351651655781,1,-5.021653463115343
2,2,-6.786719561664847,1,-4.106174617238745
1,1,-2.035433845501106,1,-0.6755693936277389
2,2,-5.499872031492544,1,-1.6428162540948903
1,2,-5.4632297599080095,1,-1.7344595274810732
0,2,-4.777237664847514,1,-1.4997335234589702
1,1,-3.32781764721537,1,-0.08619088938022779
0,0,-2.1990788441245552,1,1.1629434753544885
2,0,-3.2116687821001153,1,-0.24162606334939996
1,0,-2.842839907536357,1,-0.10334020772239089
2,0,-3.063546042991801,1,0.3273277162125201
0,0,-2.4865936489258784,0,0.8475763851295633
0,0,1.5386091570812448,1,3.922412913909642
2,1,-3.4909264125265453,2,-1.0323936829163909
0,1,-2.1044294225491456,0,2.1961608090702134
0,2,-4.680309924239399,1,-1.1396120116219137
1,0,-0.5685998015838445,1,1.294125476228359
2,1,-3.514455064390161,1,-0.332141163805033
2,0,-2.512364727161726,1,0.8640814555349217
1,2,-5.235013664787348,0,-1.8332001693876439
2,1,-4.354163363204897,1,-2.0144808712786455
1,0,-2.5066573040242575,0,-0.4840943013256951
1,1,-2.2115814880371856,0,2.0512811638979622
0,1,-0.1476500470335802,2,2.950416397518539
0,2,-5.51604581574077,1,-2.450438431566348
0,0,-3.7361199232228417,1,-0.6211409523524579
1,1,-3.9867081347434357,0,-0.6382593259056283
0,2,-4.252727088881384,1,-3.4919368421220596
2,0,-1.7040358287339958,2,1.6320076495772824
2,0,-2.73548727138683,1,0.6765291520180337
0,1,-2.8768950022186917,0,-0.025176540647531526
2,2,-5.251545648394277,1,-1.5138778319957782
1,1,-2.748764940440827,1,-2.5353930995815728
1,1,-3.0586912092995258,1,-1.5195279138362068
1,2,-6.320152157905475,1,-3.2721098081300077
1,1,-2.51743121895845,1,1.5819538940712936
1,0,-2.8362321639851817,1,-1.0377929602663452
0,0,0.30789800282674884,0,1.648643671969591
2,2,-9.692201674835596,1,-8.572660273966447
1,0,-2.279532611453842,1,0.5299146573509808
0,2,-5.0437432599508565,1,-0.7935324891840405
1,2,-4.766216097633997,1,-1.6590044104156738
2,0,-2.5498529334367848,0,-0.22953382314487386
1,1,-2.832680298294189,1,1.1827529051931926
0,2,-5.035421187512547,1,-1.2991408534163136
2,0,-1.8362504686121448,1,0.3425865289353224
2,0,-1.4615833164237377,1,2.70619545676388
1,2,-5.226440340817484,1,-4.0667383919929385
2,1,-5.480304952002898,0,-2.75375519741879
0,0,1.2628618184822133,1,5.128835470731778
0,2,-4.472454729828899,1,-2.6028022180263175
0,0,-0.34201510799250057,2,-0.0035717042183809333
2,2,-8.293584531701327,1,-5.269611915701624
0,0,0.6531464441384411,1,3.3825517644921548
0,1,-6.014601155206739,1,-3.9500631371033297
2,2,-5.590261494106909,1,-2.134073309729339
0,1,-1.0834412583738684,1,2.9716772275978824
2,1,-5.066709854417273,1,-2.6808429173899526
1,2,-4.693399443168673,1,-2.4109205247569836
1,2,-4.785760371440627,1,-3.6230037255412366
1,0,-2.591701035744437,1,-0.37705954226188076
0,2,-4.7521060316247405,1,-1.4447231068152306
0,2,-5.076286067651282,1,-2.184073886004875
1,1,-2.5892917552141257,1,0.2616808176397898
0,2,-5.5307934381050465,1,-3.227953830561497
0,2,-3.869949606308594,1,-2.6171350621939142
0,1,-3.9865681922332454,1,-0.335368910489774
1,2,-5.992339187118063,1,-2.8716754258602584
1,0,-0.7910244816931115,1,2.1239531944011265
0,0,0.4495530368322904,0,3.9603210888137617
2,1,-3.707993656431586,1,-1.7829080779189865
2,1,-2.2273129873962105,1,0.2599087626040145
1,0,-1.7626393612024334,1,0.42214908269799367
1,0,-1.094217824261934,1,2.182288525272532
1,0,-4.619311608363297,1,-3.338940388394157
0,1,-1.8521781479531207,2,-0.10297131417118854
2,1,-5.755116884243652,1,-3.8044608185105897
1,0,-2.251810776193145,1,0.6030536932877448
0,1,-2.5411898078665858,1,-0.9794125174883166
0,2,-3.581619154209122,1,-0.11323831141257157
0,1,-2.780896892078053,2,1.3558809116011699
2,0,-0.7950271326844891,1,2.143368435154839
1,1,-3.33091205409249,1,0.21800900285195635
1,2,-3.658232867890985,1,-1.3077508964393127
0,0,-1.5719986597759839,1,1.469798724837387
0,0,-0.7736113612664679,1,1.3657963190513773
1,1,-2.2175936697553054,1,-0.6763719763792513
1,0,0.09873121001159357,2,3.7321860703408842
1,0,-0.3625643479600267,0,2.503328799521921
1,1,-4.094747159725552,1,-2.6585633817980083
0,1,-4.346132630979097,1,-0.9541927075229641
2,2,-5.820488962835515,1,-0.9452828866762197
2,0,-1.2559590215596648,2,1.2119350305983088
1,1,-1.4015786268828547,0,0.2242328076672151
2,1,-5.415104126803824,1,-3.547855763316439
2,2,-5.386180969767677,1,-2.4589788360655858
1,1,-3.0367084417474595,1,0.4823770757487107
0,1,-3.2065886516073614,0,0.17157912101026818
0,2,-6.870966725239375,1,-5.931981348766503
0,0,-0.4363667549083392,1,2.844734642096598
0,0,-0.20141752562936344,1,3.446018508708898
0,2,-4.314817984306488,1,-1.937406154773213
1,0,-1.2535733401365103,1,0.4828139693725775
2,2,-6.175587527020136,1,-3.735063828174057
2,1,-4.622757564064267,1,-0.8287015154303485
0,0,-0.011755864640378255,2,2.106738377027688
0,1,-3.0073165693467647,0,0.24185349021005587
2,1,-4.79651211190531,1,-0.18921147883742728
1,1,-5.335637050596392,1,-0.14158771804337622
0,2,-5.261513330477892,1,-2.7348661699806174
2,1,-4.037086341065533,1,-0.7677298211400173
0,0,0.7343386497988096,2,3.8913351843431068
2,2,-6.424031834195779,1,-6.969801028388041
1,1,-4.878917763055434,1,-2.2569303932563365
0,0,0.18813443757163384,1,2.7655506196224744
2,1,-4.206734347872418,1,-2.4164025519755636
0,0,-0.014082353029674977,1,1.0441200747579966
1,1,-3.4203941502147526,1,-2.5735808552815476
0,1,-2.768330681408175,1,-0.6847096719791346
0,2,-3.581359518928018,0,0.13416294002494977
2,1,-4.1288948585952445,1,-0.43912774316745307
2,1,-3.57567236828502,1,-1.3408970221074674
0,2,-6.128804253015231,1,-3.2960212730885425
2,0,-3.214050013346401,1,-1.6732376311160226
2,0,-3.014694791375814,0,-0.6167308001307368
0,2,-4.738967219963224,1,-2.5998739507948345
1,1,-4.539885128419512,1,-2.484129392135666
0,1,-1.5129559912317734,1,1.7261676368279966
1,2,-5.388374290215906,1,-1.7392952025299486
0,1,-1.7441630998462974,1,-0.9186995351972478
2,2,-7.497002612504223,1,-3.8563182405306646
2,2,-7.717147614305814,1,-4.829869975258738
2,1,-4.542205071804464,1,-0.953312370896292
2,2,-7.262152173311024,1,-6.043402148931502
2,1,-3.6808979429993878,0,0.31760864310008685
0,2,-3.889730073618226,1,-1.5898646282093767
0,1,-2.7268992333567454,1,-0.18622637220016486
1,1,-3.6834651319058977,0,-0.4464938098782501
2,1,-4.063269415230816,1,-2.563048197329005
0,0,-0.1885903708355282,1,4.459147060319136
2,1,-4.258901482890716,1,-0.11881199621530869
2,1,-6.835340672579775,1,-4.288448654743988
0,1,-1.5013033390199906,0,1.00877874201919
0,1,-2.435530430111782,1,1.350303485324771
2,2,-5.8729955112602,1,-4.123152078636971
0,2,-3.4906208208119436,1,-2.5825937260832452
2,0,-2.2027868915282713,1,-0.56997085737968
1,0,-2.299469707361951,1,-0.9209027792320987
2,1,-3.9310106736730495,1,-2.4958454951480267
2,1,-5.562864473603757,1,-0.4724852939969968
0,2,-5.190349624360302,1,-2.7882222202925253
1,1,-4.201707987270769,2,-1.6679413890443786
2,0,-2.376332180230111,0,1.870269742575345
2,2,-5.541673038184094,1,-2.3861297359338884
0,2,-3.8311536705107025,1,-0.2332305936735528
1,1,-3.733722781024279,1,-1.0937984139875885
2,2,-7.862377059942484,1,-4.641884096869441
2,1,-4.452380417687431,1,-1.0207333628951947
0,1,-3.9461306309488173,1,-1.3814605733402328
2,2,-7.7294182170548345,1,-3.935527351427623
2,0,-2.3469658362229633,1,-0.5920734701777457
1,2,-5.350861150877301,1,-2.6943271635966997
2,2,-6.44455913645863,1,-3.195811970288016
0,0,0.546339638535974,1,2.8256707349412737
0,0,0.7099939851250787,1,4.773843759351621
2,1,-4.050798013186178,1,-0.10637514213041155
0,0,-3.5236999812292815,1,-1.3499716449463295
0,1,-3.0019140175758094,1,-1.1079013841338428
0,1,-3.4228422955734423,1,-1.4353228491698586
0,0,0.539829881243135,1,4.192158712117648
0,0,-1.6943671362247046,1,1.8992438628002735
1,2,-5.81485256988961,1,-4.360709065808058
0,1,-1.7965584681963676,1,0.19626391585292136
1,1,-3.9362362003783975,1,0.962365908283394
0,2,-3.1522220180308858,1,-1.4784703219637017
2,2,-6.402545992617748,1,-4.313626288907918
1,1,-4.615964555419055,0,-2.0745799861653786
1,2,-3.5422576649296005,1,-0.31298725599830607
2,2,-6.62465166375015,1,-3.7516451709985863
2,0,-3.205490871053197,1,-1.6260644824784376
1,0,-1.4091000745897897,1,1.963436255852447
0,2,-5.518002740239015,1,-1.608671279476021
0,1,-2.3428859182793813,1,0.8586046047739219
0,2,-3.5554496305861387,1,-1.4174504562347847
2,0,-3.4180058884211286,1,-1.6139119207404207
0,1,-3.7344027868021707,1,0.010958271487211513
0,1,-2.535561134248018,1,-0.45697572452013124
1,2,-3.589673635804726,1,-0.36344960337396326
1,1,-4.638641887877054,1,-2.123324652015371
2,2,-7.151296317509003,1,-6.0631307151084215
0,1,-2.8251354892383835,0,1.4436473528718483
1,1,-1.2580734698637155,0,0.8914291352940176
2,1,-4.906197813733746,1,-2.395116673725341
0,0,0.0275174154205321,1,3.4434067251421636
1,2,-4.243415172281207,1,-0.24590208291170246
0,1,-1.9715915385205496,1,2.568838632138214
0,0,1.0032197394911224,2,3.8149776575886847
1,2,-5.571560170570067,2,-0.9009996984457762
2,0,-2.920427208575769,1,-0.12294844130649377
2,2,-7.9379690428343235,1,-4.176604686360072
0,1,-4.007845158973304,1,0.001767944943240618
1,2,-5.746193987896497,1,-4.4869742242602575
2,1,-3.3737899955249615,1,-0.8536146623571392
2,0,-3.208016515525277,1,-0.31001522588678687
2,0,-2.5789686805323857,1,0.2023419680029105
2,0,-3.076517771077531,1,-1.580706679513849
2,1,-4.220989348755589,1,-2.166452380970839
1,1,-4.18642499749462,1,-0.4120063201660893
1,0,-0.24580935222046052,2,4.850628779821607
0,1,-2.76808664904403,1,0.5716605341856553
1,0,-1.152850592228726,1,2.454698967051007
2,1,-3.2579917205126776,1,-0.6319450056551716
2,1,-4.863389998202782,1,-1.3284689903457094
1,2,-6.404242385689109,1,-2.895656221651112
2,0,-2.99866172848431,2,1.3215458150259698
0,1,-0.4252693221086328,0,2.3090556558838964
1,0,-1.3830983764218123,1,0.20491641665345317
1,0,-2.5567751294827663,0,-0.7641535596953686
1,0,-2.000821149670603,1,-1.521060898456935
0,0,-0.1135405508431464,0,2.5860550295576514
2,0,-0.8448407684208137,1,0.16596979103705478
0,2,-4.159612460875987,1,-1.752045912652824
1,0,-1.5511377920187674,1,0.24969669515459758
2,2,-6.300987786304243,1,-1.7819574147515853
1,1,-2.3363260257301515,0,1.2167208067480555
2,2,-6.402997963291034,1,-3.8018896810436154
0,2,-6.141770960525745,1,-2.7142192962243934
1,2,-4.938036309592211,1,-1.390571859792339
0,1,-2.600879870816976,1,0.8769616737851311
2,1,-4.76763507741332,1,-0.4268559339553457
0,1,-4.062202556981291,1,-2.229153071939895
2,1,-4.219474016548331,1,-1.3811989532615743
2,0,-3.267043561194047,1,-1.573313943683167
0,2,-5.246395497220127,0,-1.1996991167922137
1,0,0.6094824579611098,1,3.306921588386277
1,0,-0.7375145358667493,1,0.6497214873376322
2,2,-5.789775216420842,1,-3.658763473256805
2,1,-5.560088847107076,1,-2.9138821828802417
1,2,-4.893709920546964,0,-1.5602861986258945
2,2,-6.576582393806855,1,-3.7520236275329615
1,0,-0.4269141085391803,1,1.8594206551012014
2,2,-5.427682981678742,1,-3.0953040234054265
2,1,-5.891600500285167,0,-3.531473603197127
2,0,-4.110961615982942,1,-1.0653750422283317
0,0,-0.302338318816199,1,2.946859500907969
2,1,-3.347746333523699,1,-0.8260349111016585
2,1,-3.2324619650366753,1,-0.7792612877832473
0,2,-4.897741969936966,1,-4.0915159680940665
0,0,-1.2908956591126772,1,1.6952519551538052
1,0,-1.8303296881715372,1,-0.19174471571054452
0,0,0.9355224428266704,0,4.276089951607771
0,2,-4.836973980929967,1,-0.19200232623871227
1,0,-2.1982607931914577,1,0.05278821827800656
2,1,-4.966633121958323,2,-2.999417222722705
0,2,-3.8453117525859124,1,-2.579667582585092
2,1,-5.764646149366561,1,-3.819386266702119
1,1,-3.9755667786256494,1,-0.46398093025595866
0,0,-1.3624900163702023,0,1.8614640687822397
1,0,-1.943407104710886,1,2.2565440133211223
1,1,-2.981481342303325,1,-0.1024905210676284
1,1,-3.5423195855575913,1,-1.9061055906711821
0,1,-1.0005871511213844,1,2.357602688436382
1,1,-4.164673983586885,1,-1.2066574522782894
1,2,-4.148476326041495,1,-1.6460967286061126
2,0,-3.4105393077569115,1,-1.5873977578554308
1,1,-2.614451876772397,2,0.046920544514784154
0,0,-0.6370665389559536,1,2.183560780379042
2,0,-3.0413924646109285,1,-1.453930713819551
0,0,-2.4491739768316636,1,0.9482501728318135
2,1,-2.300041090748329,1,-1.343984581705665
1,2,-4.1561407029137065,1,-1.8245693681353765
1,0,-2.046133349888212,1,1.9327026408954673
2,2,-5.133830385453921,1,-1.9133550363027527
0,0,1.1276199020114035,2,2.1519233408741245
2,0,-3.0941245619335866,1,-0.6921841069685524
0,2,-4.811426027475665,1,-2.3900539172976925
1,2,-4.981643911090026,2,-1.1996574116485257
0,1,-3.212091833679622,1,-2.365582045185262
2,1,-6.472429992407268,1,-1.9797851915161928
1,2,-6.479034100446745,1,-4.188775551508254
2,2,-6.860081205536435,1,-2.776413934448133
0,1,-2.8813536412645426,1,0.35793275928262924
1,2,-4.9410862080896685,1,-0.8894698208898946
2,1,-3.8331902635608692,1,-2.1744691205929736
1,2,-6.788915594153998,1,-2.355691590842891
0,2,-4.132845104725158,1,-2.0793522539429126
1,0,0.9754014344246689,0,4.136335120346602
1,1,-1.5697731362818705,1,0.16366509508567995
2,2,-6.46070517157341,1,-2.8170758562104443
1,2,-4.106959358499126,1,-2.1074346294796253
1,0,-1.9834883662434293,1,1.9905902014567116
1,2,-5.816563869403932,1,-4.885430400948494
1,1,-3.652043209521699,1,-2.27533065954308
0,0,0.6119873754814573,1,5.06372790346008
2,0,-3.7730570432168413,1,1.1554821550498549
1,1,-3.593287348732743,1,-0.642668962098152
2,2,-5.878940080641103,1,-3.6139979432566367
1,0,-0.6088776928765587,0,2.0695367704544454
1,2,-5.685388565042285,1,-2.6177129352252995
2,0,-2.3601016529881207,0,2.2393417027571116
2,0,-2.6317301086458653,0,0.974793260381573
1,2,-4.427029804777151,1,-2.370446932200275
1,0,-2.1441435945815273,1,0.5778921057195542
0,0,-1.4811428861966633,1,0.25196766717550934
0,1,-1.620955325671857,1,0.5077295341171255
1,0,0.5117735113523052,1,1.9248376794585274
0,1,-2.3589899423116476,1,1.4170264289316854
1,2,-5.409255284077828,1,-2.8735395822488394
2,1,-3.4892621263969996,1,-0.5775687735789331
0,1,-2.9549558679322043,1,1.3148584547405846
2,0,-2.9210756034619485,1,-0.7681356748461169
1,2,-3.012844824630067,0,-0.4146948710028827
2,2,-6.34110900946549,0,-3.6888210105479007
1,2,-4.3672732504720155,1,-2.3588056276181293
2,1,-1.862996146979135,0,-0.3720912519094155
0,1,-1.5327502655592233,1,1.9818676199363061
0,2,-4.498627333947954,1,-1.2826941187649277
1,0,-2.2644446260333972,1,0.43352902679682603
1,0,-2.1591015710692183,1,1.8788770906970467
0,2,-4.582589027983069,0,0.11453946816188632
2,2,-5.899738523695968,1,-2.3597633872648256
0,0,-1.6206939862037153,0,2.889406866056655
2,1,-3.6975466465208093,1,-1.3855935949370422
2,2,-6.683567118566447,1,-2.853969085033728
0,2,-3.538545288005468,1,1.2673603025888776
1,1,-5.287098554668806,1,-2.9723654453379265
1,1,-4.181607337609093,1,-1.5318501429181972
2,0,-2.189542410385844,2,0.9175215072643907
1,2,-3.6344575860368282,1,-0.3098121574700127
0,2,-2.4077899163866054,1,-1.0447871949468188
0,1,-2.8328323303920824,1,-0.3256600711682371
0,2,-5.2243360578672515,1,-1.607272191063703
0,0,-1.2999012135071941,0,1.9395231584724568
2,0,-3.098552628720801,1,0.2491726879348065
1,2,-4.652670573543766,1,-0.8273905736692888
0,0,-2.5538330635268416,0,1.6911185911071236
2,2,-7.5414384512631205,0,-3.608851112272288
1,0,-2.740084100135862,1,1.0343155895010128
2,0,-2.698453354038399,1,-0.9208363632799206
1,0,-1.2477894001428997,0,2.8476113322283725
1,1,-2.1264178413810653,1,0.8246840379629049
2,2,-6.731013434965424,1,-4.879446466410296
1,0,-3.1226578711972115,1,0.8307672598374269
0,0,-0.30412831419260816,2,3.1125986169419635
2,1,-4.561247395961128,1,-2.1564363899417067
2,1,-6.314992692020239,1,-4.289156056524578
0,0,-0.7967426568127968,1,3.3278808636411297
2,2,-5.827612439026461,1,-3.3281066311256415
1,0,-1.8434048449083762,2,-0.27043390850211657
0,0,-0.5374431664771181,1,3.314254977231076
0,1,-3.109248190468633,1,-0.4917996231995179
0,1,-1.7671371626642896,1,2.206902995524381
1,0,-1.6446196612349158,1,-0.8626146549620006
0,0,0.028946476944288646,2,1.7413997657471956
1,0,-2.124349230028865,1,1.4455082502471328
2,1,-4.67561187736735,0,-0.6154624928540096
2,0,-2.5648389626538606,0,1.747584973330379
2,2,-7.032693153131321,1,-5.233668498451029
0,1,-1.4317530751178054,1,1.5104122389261991
0,1,-2.2747792320157356,1,-0.17050980773125102
0,2,-3.7297724964347867,1,-1.0331953252768633
1,1,-2.4893484337592957,1,0.9330658791938198
1,0,-3.9121032507185944,1,-1.5266920520328209
2,1,-2.926594574967802,1,0.46331383459949804
2,2,-4.7488529685606,1,-2.2374704261413916
2,2,-5.906138968293841,1,-3.6124775320934064
0,1,-2.714416824326789,1,0.14636462033414122
2,0,-3.4957319135356184,1,-0.9229731309459527
2,2,-6.30913455942737,1,-2.2443574640179964
2,0,-3.1926186864343067,0,0.105441241772112
1,2,-5.742237069242858,1,0.03735199427370839
0,0,-1.780287565281958,1,0.30877343419563685
2,2,-5.409585562289927,1,-1.9818726195142182
2,2,-6.3009715799960855,1,-3.3801612522909394
2,0,-3.64661176187474,1,-0.9707127813959001
1,0,-1.3615558229579885,1,2.238014992683018
1,2,-6.245859617325504,0,-4.792988692528597
1,1,-1.7237317932546088,1,0.5417776338472384
0,2,-5.485031744283872,1,-2.5890883663619717
1,1,-2.9275762518792003,1,0.380484642031912
1,2,-6.71718013903292,1,-3.6515164725984977
0,0,-0.6638219619579231,2,2.437512371926763
2,0,-3.1612205850065234,1,-0.9598462956741125
2,2,-5.096142142305367,0,-2.7210104541920037
0,2,-3.895151489565664,1,-3.3304793658353367
2,2,-6.443012295791889,1,-2.6742287202339137
1,0,-1.7778284718024309,2,0.6711151144508366
2,1,-5.665893239850122,1,-3.797087146972445
2,1,-5.824598301979071,1,-4.863571797356797
0,2,-4.751787277427261,1,-2.9550972237170017
1,1,-3.0965526490290816,1,0.48170935696923045
1,2,-6.915742727122582,1,-3.5448544762927052
1,0,-1.6849100234625096,1,1.0821572631434375
2,1,-4.22024590143815,1,-2.224271998321105
1,2,-5.828590970014932,1,-5.6301196480186295
0,1,-3.975567524812929,1,-1.8192178261177547
0,2,-4.734585896880304,1,-2.931759990887948
2,1,-4.3310668722753345,1,-1.3906969501576598
1,2,-4.161358640551925,1,0.06005756760378311
1,0,-2.7588972615542606,1,0.2556711214080495
1,1,-4.144167541813269,1,-1.0964378741188792
1,2,-5.93842194037226,1,-3.1244999043563664
2,0,-2.8180830986603222,1,-0.16035876137149882
2,0,-2.892740651575567,1,1.1313199199775636
2,2,-6.203037110874081,1,-3.7589137537413984
0,0,-1.1642968478430968,1,0.27842325906417575
0,2,-3.0650789359976818,1,-1.9546788749545188
1,0,-2.315014428843847,1,0.46572354480344164
2,0,-2.6460125193210042,0,-0.16423122994739386
2,0,-2.315866124603978,1,0.6071038451971865
1,2,-4.4285720803697295,1,-3.573809000962863
1,1,-4.939280028593884,1,-0.8844491083828749
0,2,-3.713891022668875,0,-1.9100354801033157
0,2,-3.5704730335324837,1,0.4350523292217796
1,2,-5.241912970513663,2,-4.076884693998905
2,0,-3.4028456569455767,1,-0.5128036359545983
1,1,-3.1085094919128538,1,-1.222611944084178
0,0,-1.6852936140285784,1,0.7004139069155908
0,2,-3.969934976425574,1,-2.097223861271039
1,0,-2.4262503920071374,1,0.8638249376776771
0,2,-3.106154411835472,1,-1.5395646447135765
2,0,-1.8672514524303512,0,-0.19482973619029198
1,2,-5.022495105873796,0,0.20478280836596285
2,2,-7.3348421112699675,1,-4.30769462912054
2,1,-5.256357269769516,1,-1.4877567435215875
2,2,-8.277325245614078,1,-5.026430147167639
0,2,-5.4266541612611965,1,-3.8689143113156046
1,2,-5.4238779489641855,1,-3.4285577749279135
1,1,-2.715044232486859,0,-1.636160971697393
0,1,-2.3530046427916735,1,1.5251214527525292
0,0,-0.7379897107076493,2,2.30030712754936
2,2,-6.510890594496796,1,-5.745459481822023
0,2,-4.070209916592842,1,-0.6984278298086887
0,0,-0.6650732285857393,1,1.851104738762461
1,1,-4.558694065887867,1,-1.8794759593575359
1,0,-2.0115957685391335,2,-0.6529784457150105
2,1,-4.818134288042548,1,-2.0916507803896587
1,1,-4.6271453809553575,1,-3.004456048242333
0,0,-1.3278391076185923,1,2.2518019729344623
2,2,-5.972231678147425,1,-3.4543920152539282
2,2,-7.38509420777452,1,-5.10610582130109
2,0,-2.606975423805232,1,0.9604157727981104
1,2,-6.145430042065681,1,-3.168981329644135
1,2,-5.901363247005534,0,-2.849915043512509
1,2,-6.159155605266501,1,-3.4458967810080794
0,0,-0.8059522342581221,1,2.496640811155827
1,2,-5.998589157710091,1,-2.710777458834751
2,1,-3.1162872068922454,1,0.720637527975976
0,2,-3.1627968133630264,1,-0.5848959372531456
2,0,-2.7146778663723863,2,-0.21114585648866802
0,1,-1.5090469593247062,1,0.2544509257332187
1,2,-6.311341999425287,1,-5.170341108004086
1,0,-2.3385645705481855,1,1.7127595112928815
1,2,-6.087564012818606,1,-2.9554679093888474
2,2,-7.899181806668687,1,-6.0934978866543625
0,1,-1.2565768445445376,2,1.221907116421411
1,0,-1.7916137454008507,1,0.8966595558675586
0,1,-3.524095071303182,1,-0.8014037197078556
1,2,-6.529748118546221,1,-3.192948720336813
2,0,-2.9400880249003096,1,0.20657367544460925
2,2,-6.1378203698200595,1,-2.643131742651958
2,1,-5.362345765734188,0,-1.6665380336962548
0,2,-4.583111429279701,1,-1.8930104225155293
2,1,-4.459962755984152,1,-0.15561094703893574
0,2,-4.1970290098296035,0,-1.0206563283191972
0,0,0.13690860044363806,0,4.360623434419353
2,1,-6.062087866086246,1,-3.1704260620482594
0,1,-2.260985848394385,1,0.27013340905510264
2,2,-3.83727660190013,1,-0.9667944771408882
1,2,-5.2058825751246065,1,-1.7173893846696586
0,0,0.04522504555342055,0,4.082643516755667
0,2,-4.489732590680302,1,-4.202988021533544
1,1,-2.574585359605618,1,0.2299456138294408
0,2,-5.505766598203228,1,-2.688626748288801
1,0,-2.3605503292510184,2,0.5105710682366056
0,1,-1.9051445824470474,1,1.282563662791502
1,1,-2.425245523212972,1,1.0121304504048072
2,2,-5.4910444770962386,2,-2.1771294686622653
1,1,-2.645321738242852,1,0.8803115956965857
0,1,-2.205384200467915,1,1.0445795796653166
2,0,-1.88657323721482,2,-1.0804321778537735
2,0,-2.8892304008060865,1,-0.6101311405883783
2,1,-4.304825675417965,0,-1.2652050941830935
2,1,-5.421991655957111,1,-1.767160274635629
1,2,-5.234114905375221,1,-3.301373558637994
2,0,-3.58887210271363,0,-0.7578225298579503
1,1,-4.143465829610031,1,-1.2092980785101946
1,1,-3.901902685869873,1,0.12454459070827295
0,1,-3.6793342702399925,1,-0.7081316241339776
1,2,-3.5470538583624163,0,0.30225760369921995
0,2,-4.718505574974308,0,-1.3937827382538728
1,1,-4.839754049855564,1,-1.139442117774673
2,0,-3.7145813955370777,1,-0.7990187449648319
2,1,-4.0608707255186145,1,-2.508442171826762
0,0,0.37058576295080403,2,3.0666900014770335
0,1,-2.8864328966785315,1,0.23297716266977186
1,0,-2.7159964680857676,0,-1.9398789718722136
2,2,-7.9347008191303114,1,-4.641079129543661
1,1,-5.454889307427933,1,-2.2420248225192463
1,2,-5.257771695918204,1,-2.1451421804570723
1,2,-6.058060545014168,1,-3.0106718302776425
2,0,-3.207664983313176,0,-0.13468896294725075
2,0,-3.1249944331152513,1,-2.521187806961273
1,1,-3.2941439772557586,1,-0.4437002796571713
0,2,-4.676803449178855,1,0.14206281499092643
0,0,-0.14989682922966152,0,3.1993124908742843
2,2,-5.735642533575097,1,-2.0027986604116172
0,1,-2.243842178430218,1,0.7224465918128864
1,2,-5.014258860364341,1,-3.176266958733629
0,1,-2.190505474673739,1,1.8686171149385484
2,0,-2.2147045567339654,0,0.9644155161606576
2,0,-4.198365271230603,1,-1.6543816508361695
2,1,-4.785518079890261,1,-3.179456712935479
2,1,-6.903413155952233,1,-4.823472960135211
1,1,-3.9227361068102216,1,-1.551643097940545
1,2,-6.536754151604959,1,-4.040828083164791
2,0,-1.5473387596639585,1,1.3480548645121442
2,1,-4.36365930348549,1,-0.24461193956242777
1,2,-4.704085524387346,0,-0.9698130460095428
1,1,-2.485628363018041,1,0.013752888785464101
0,1,-2.8904177479432724,1,1.0090250216914394
0,1,-1.6405444433513492,1,1.651508180013105
0,0,-0.038462629577827534,1,3.222493641300396
0,2,-3.04230977762942,1,-1.4249376579397988
2,2,-7.1615757093230785,1,-4.775596664412907
1,2,-7.042374947556752,1,-1.2459351507938696
0,2,-3.6033475705979994,1,0.005210790906768348
0,2,-4.893506375048425,1,-0.692263442037419
1,0,-2.6899273654656457,0,0.6390219398407472
1,0,-3.0913105633472937,1,-1.874457523046664
1,2,-5.511496301789493,1,-0.58645958969892
2,2,-6.049603580261172,1,-1.4419421406363973
1,0,0.5442551517165772,0,2.501086350394458
2,1,-3.413315949355101,1,-1.438417215377504
0,0,-1.4869701929977706,1,-0.3364648474148928
0,1,-3.001082753372557,1,-0.4590628571654788
2,1,-5.625797607164179,1,-3.3902214168024525
2,2,-5.6993579464342,1,-2.164802343890277
2,1,-3.4407613208291052,1,-1.0894709641121607
0,2,-2.9113552102749143,1,0.6380260828487063
2,1,-2.654363492655369,1,1.0319891552508378
1,1,-4.886528693167702,1,-3.2758989733449138
0,0,-0.48439167135411026,0,2.3827360136949642
0,0,-0.8901022742497027,1,2.86129694488534
1,0,-2.1110384217649854,1,2.0442338157934117
1,0,-2.065216085920841,1,2.21171273973106
0,2,-4.711352518606792,1,0.03538679009621171
1,0,-2.1883003416214226,1,0.6571171063758007
0,1,-3.092555263035505,1,-2.3074385358195064
0,1,-3.002285885911715,0,-0.977458396799514
1,0,-1.7905066053198038,0,0.20189436999201327
0,2,-4.102288399331691,1,-0.6421551546315574
2,0,-2.501348254610616,1,-0.32521653827603814
1,0,-1.5146201895405853,1,2.2783434771836455
0,0,0.8298484043881074,2,4.478923760138915
2,2,-5.834190232891144,1,-2.1814961622174915
0,1,-1.825757382471411,0,1.6082021303078522
1,2,-4.629814062651732,1,-1.4760043840780772
2,2,-7.959429628981349,1,-4.358875256625315
0,1,-2.376435852894119,0,-1.2949386437521408
2,0,-4.127592055894421,1,-1.268446661552674
0,0,-0.47842262105233085,2,1.3474078528816924
1,1,-4.172893831512407,1,-0.7358804717105396
1,2,-4.812357675909844,1,-3.3586173257292407
1,1,-4.387122535297077,0,-1.6022750477370717
0,0,-2.3704354018717293,2,0.38280210647466073
1,2,-5.749784507904661,1,-4.172339315136449
2,1,-4.5248093891317005,1,-2.0773177262055595
1,0,-0.42870784035308174,2,-0.46037292915258154
0,0,-1.3366103832070584,1,0.8218769271286279
1,0,-3.1988872202205103,0,0.40834616549928204
1,0,-2.5682494178307786,1,0.9109580253158509
2,1,-5.633159135349386,0,-3.7348621423588195
2,0,-3.2765524101476338,1,-2.02008482709274
0,1,-1.7323797853095626,1,1.3896817722929955
1,0,-0.9391271786412555,1,1.8273421536601928
1,1,-4.442978923461782,1,-2.443449944007571
2,1,-5.272739453682713,1,-2.049596818513497
1,0,-1.498233896386892,1,-0.6027312072709989
1,1,-3.2609825277906244,1,0.664361864581563
2,0,-1.6424692124535072,1,1.527027177523033
2,1,-4.5014957111425575,1,-0.9707494225667446
1,1,-3.769388827021039,1,-1.433123662874076
0,0,-0.8974071750102244,2,2.351528880457051
2,0,-3.4809292841828166,1,-0.11636155970667972
2,2,-6.060243925239071,1,-3.756353018877483
0,2,-4.453778085102964,1,-2.0778780425092456
0,1,-3.9321749066066474,1,-2.338449844611236
1,2,-5.179523584611883,1,-2.2935853365047416
1,0,-3.227830799990863,1,-0.8301666315105399
2,1,-5.6406807814929145,1,-2.463343270666527
2,0,-1.857306794113444,1,-0.5199388707922377
0,2,-3.996546068494449,1,-2.830352325864033
1,0,-1.4072331670563047,1,1.0960047454434219
2,1,-5.783282132802179,1,-2.698703580571327
2,0,-4.146938964835934,1,-0.9981688774894283
0,2,-4.114390098822499,1,-2.6506891401233132
0,1,-2.4274372285174444,1,0.8898001289151583
1,0,0.010813804294236506,0,3.819092072950707
1,2,-6.280157890501561,1,-3.178746618305917
2,2,-6.016992006701619,1,-3.755629990819092
2,0,-1.1029855878331243,2,1.2328389150249535
1,1,-3.2834651547388063,1,-0.6520428644799476
0,0,-1.0301382510591992,0,2.037647487380749
0,2,-5.172027087434316,0,-2.473681659700667
0,2,-4.772568266966974,1,-0.9008897391285124
2,1,-5.688201090394692,1,-3.0827837554001194
0,0,-0.08983923849002151,0,3.374710541866479
0,0,-2.4549872488399322,1,0.5806174200707397
1,1,-3.4686228686139238,2,-0.5882781035388739
1,2,-6.240836834365087,1,-2.7808429015970972
0,1,-1.0951498808001598,2,0.13386960048233165
2,0,-4.040451324798553,1,-1.681756394716024
1,2,-5.845769871869028,1,-3.5579408692713153
2,0,-3.2295489414166143,1,-0.7036289995324015
2,1,-3.570948900496235,1,0.17847784322123617
2,0,-2.1554830595242347,1,0.22000051690704342
1,0,-0.4196282808558449,2,2.8434213131360586
1,0,-1.5662594404268757,1,2.6553083673370983
2,2,-4.949797542229314,1,-3.0160820286064216
1,2,-7.561525581581019,1,-5.516696134878288
0,2,-5.146666359080348,1,-2.107375223870071
2,0,-2.976984741056125,1,-1.0821689696711028
2,1,-6.5569957667067325,1,-2.9133371825498235
0,1,-1.0090280237674796,0,-0.3231703382167248
1,2,-7.042788154686699,1,-3.300250648029701
1,0,-2.5246674886460436,1,-0.622967045843569
2,2,-5.717503765871401,0,-3.502098505877119
0,0,-1.584281389903975,0,0.49528273159499814
1,2,-5.075375778492956,1,-2.617415134335377
2,2,-5.106907755969117,1,-4.086606901604082
2,0,-3.082905871444341,1,0.393922933044196
2,1,-2.728696411010256,2,0.12663052883817305
0,0,0.2885213348843103,2,3.3296120872389614
1,0,-0.2632255029012298,1,2.0805436828284813
1,1,-3.788942595089106,2,-0.23216379455804315
1,2,-6.248041809366766,1,-3.5434537274335045
0,0,0.4240241304032515,1,4.8911320002015515
1,2,-6.160341011924347,0,-2.1619451281343633
0,2,-4.9980334693594735,1,-3.3523613634185727
0,1,-2.141474262300865,1,-0.29573428317607553
1,0,-3.4635338715479826,1,-1.3715818940025788
1,2,-6.826527466265205,2,-3.0769080171828325
1,1,-5.032494089017122,1,-1.4684656296669218
2,0,-3.4971595789645686,1,-0.3736299794509688
2,0,-4.092774657633368,1,-2.0684707976573034
1,0,-1.8903014916537615,1,-0.8205517085888558
0,2,-4.761717312150696,1,-1.6335206970989888
1,0,-1.8497384057185553,2,2.1661978853487325
1,1,-2.743639472045903,1,0.9615748722348886
2,0,-3.807573803044919,1,-0.576316070757867
1,0,-2.320107908240557,1,1.5320046622914383
2,0,-3.9788963888572138,1,-0.8114480045408039
1,1,-3.5562827526616854,1,-1.6879796689248023
1,0,-0.6568336040289677,1,1.6973168333105015
2,1,-4.730197439103402,1,-1.5385351831261684
2,2,-7.5218399729568945,1,-5.547267393720802
0,2,-4.515356764885527,1,-1.340545326235076
1,1,-3.549008479830688,1,-0.8452888619200749
2,0,-3.0742167616822575,1,0.19150057733742254
2,2,-4.476270382127986,1,-1.0611320641396473
2,0,-2.6396536351097093,1,-0.22847005317268
2,0,-4.064586497608297,1,-2.3682188695621216
1,0,-1.031268200217093,1,1.2457131627231202
2,0,-0.4598164548358139,1,1.797960792516942
2,0,-1.6993334302521483,1,2.707497373181671
2,0,-2.312562328285415,1,-0.1707174914247489
2,0,-1.5196754585610897,2,1.6805419460737987
2,0,-2.9298384300568814,1,-0.7367556566771091
2,1,-3.298653783432189,1,-1.5854361984825744
0,2,-4.576114721923923,1,-3.5633196218437897
0,1,-3.741457107722284,1,-1.7778477325367974
1,2,-5.092619982892143,1,-1.6195926988588067
0,2,-3.502045648857345,1,0.3016728360006027
2,2,-4.583806471755262,1,-2.6247014155252955
1,2,-3.8392397433545993,1,-0.12368802010277402
1,2,-5.3560766844888805,1,-2.560984303141652
1,1,-2.324945850628749,1,-2.8775365913580853
2,2,-6.041930243323712,1,-2.997172549496315
2,1,-4.028286701611817,1,-1.7890177631766628
1,2,-4.205259677660233,1,-2.3816247071985535
2,2,-6.661162312724597,1,-4.236082138763356
0,0,-2.5207790089455706,1,0.22674940423156906
0,2,-5.3241453364548175,1,-1.8153167549823075
0,0,0.5426443614526186,0,1.2201317551598363
0,1,-4.301867037616653,1,-1.1146938398846964
1,1,-3.8551581958110512,1,-3.127611753944317
0,1,-1.2684873971573578,2,1.423543333539299
0,2,-2.393542695022893,1,-0.5475058632131828
2,0,-3.3334768054198323,1,-0.138756734853681
2,2,-5.343207534208933,1,-1.5413680462128665
0,0,-1.444565108892332,0,0.7104180344085972
2,2,-6.570965692017641,1,-3.221896842549019
1,1,-3.448275399032197,1,1.2298444936950224
0,2,-5.663731731502906,1,-2.4864123785703502
2,2,-7.984423970478654,1,-6.975999975918211
0,2,-6.14384804188927,1,-5.282610019766069
2,1,-6.187001033444851,1,-3.271249454543476
1,1,-2.8472492197333867,1,0.2095705118792618
0,2,-3.4426112194640597,1,-0.7976991600515945
0,2,-4.570010274590396,1,-2.671615582921553
2,2,-5.332038370559779,1,-2.262735569891413
2,1,-4.474517653868363,1,-1.4038467167313071
0,0,0.867773775163299,2,2.5745549042773677
2,0,-2.1780920314070324,1,1.7151182117074657
1,0,-2.407658403546007,0,-1.6328384280902362
0,2,-5.312668544989993,1,-3.8955076273625284
0,0,-1.2339737561600082,1,1.263210745343311
0,0,-2.54296771969653,1,0.5304352567436008
1,2,-5.835451465082571,1,-3.5883595465740346
1,2,-5.14599923273276,1,-2.167458548330893
1,0,-2.6395001866155643,1,0.6677361400189916
0,0,1.1092689022234783,2,5.069713427988818
1,0,-0.710572265893028,1,3.48890831748911
0,0,-0.22752857750570898,1,2.1060208686741406
2,1,-4.617946602926761,1,-0.4403643560983137
1,2,-4.861541839771963,2,-2.3303820503705452
2,1,-3.585959814306344,1,1.6134688457544248
1,2,-4.602510864550211,1,-2.0085969883097956
2,0,-2.291554774004462,0,-1.4267831720632145
1,0,-1.2064771249660664,1,0.9162984156719344
2,2,-4.756334118794672,0,-1.1864368190954122
0,2,-5.5061876169306645,1,-3.6075120876907936
2,1,-5.237344448019886,2,-2.8226210261104714
2,2,-7.697981877985307,1,-3.9067810824113187
0,1,-2.407689953254489,0,1.2244530195238794
2,1,-4.846192367410883,1,-2.06457910703475
1,0,-1.0057105456292303,1,0.3625258428046607
2,1,-4.782431455350369,1,-2.381236941406571
0,1,-2.2560458880643517,1,-0.7431528299272183
2,1,-4.68525586519776,1,-2.7140611279864713
2,1,-7.010715478787832,1,-4.135537397823349
0,2,-3.651666425880256,1,-1.0620861780182946
2,2,-6.385316095491985,1,-5.725105405018048
2,0,-3.65596706404321,1,-1.740746659958267
2,0,-2.3853251204809642,1,-0.5342695316165316
0,1,-3.9497210084534355,1,0.18199246445625583
2,1,-4.953715492641663,1,-3.170945512974721
2,2,-6.47386794271409,1,-4.203160805623484
2,2,-5.46692220810166,0,-2.2906090609954894
1,1,-2.2148020891283426,1,1.5139486352543967
1,2,-6.441441906518123,1,-5.763489938642001
0,0,1.5050072551002758,1,4.779692371060581
0,0,-1.0877110124912228,1,1.3471810023113155
1,1,-4.211367422933497,1,-1.6405680928356823
1,1,-5.029374801479257,1,-1.5465728301691646
1,0,-1.9472195414462987,1,1.5219539750129032
1,0,-2.1736385831342844,1,1.2041720611744429
2,1,-4.408847327773603,1,-1.673840333126665
1,0,-3.105887895254855,1,0.8058782232739397
0,2,-4.364475152655293,1,-2.3264780432246814
2,2,-6.672388362002852,1,-3.4327824103144087
2,2,-4.4011359126262715,1,-1.4453782225124374
1,1,-3.2171227017369595,1,1.2868056688026568
2,0,-1.1799690672734768,1,0.9697674667510704
0,0,-1.9804197550726361,1,0.1089106931979803
1,1,-4.314154408935587,1,-1.5365023401803115
2,2,-6.645494920036099,1,-3.007560253917841
0,1,-2.8389946007834572,1,-0.5363400985812031
2,1,-5.76690871812757,1,-3.3279554261038293
2,2,-7.293904032336276,1,-4.203859234576305
1,0,-3.1803279459007303,1,0.7504789597990493
1,0,-0.1391110923869694,0,1.9657623626457834
1,2,-4.294959639081532,1,-2.086313464264804
0,1,-3.748737116281367,1,-0.5356347259250986
0,1,-1.9288958416075932,1,1.5635795443858118
1,2,-4.298885620079231,0,-1.2749826649959493
2,2,-6.709450175435941,1,-3.289786769762109
1,1,-3.66671240368812,1,0.06328092757710402
0,2,-5.317065358063047,0,-3.185967613131333
2,1,-4.041306542548807,1,-1.7208835099847102
1,2,-3.1670454017299234,1,-0.4721680912713482
0,0,-1.0091004744675944,1,2.072036392029535
2,2,-7.136780346602891,0,-3.655378251669842
1,1,-2.9548066599764238,1,1.2466942257540863
2,1,-4.159614878109302,1,-2.397021935646323
0,1,-4.241952343672847,1,0.3215994986737465
2,0,-3.1375881160083052,1,-0.6466267885900885
1,0,-3.1413218890586743,1,0.41352885207872325
2,2,-5.799572796294468,1,-4.550133079893346
0,1,-2.86598581399742,1,0.03651252141776695
2,1,-5.7464912755511595,1,-2.56612299189102
1,1,-3.4075218738496296,1,-0.29107602730036874
0,0,-2.8495609109408813,1,1.5167276463546844
2,0,-1.6838626859456864,1,-0.9928184259589123
0,1,-2.6736376952414993,1,0.46157048229847897
2,1,-4.137053107259815,0,-0.6887051977130756
0,2,-4.031798039124397,1,-0.530977553356216
1,1,-3.2711709590081877,1,1.6541154655929806
2,0,-2.651528814126195,1,0.4611186247001227
1,2,-6.385987650248674,1,-2.452195939331684
1,0,-2.4147163709271715,1,0.8217408963517471
1,2,-7.218780908538726,1,-6.000168553655577
1,1,-3.7392582683877844,1,-1.8614286213265434
0,2,-4.414426896015572,1,-0.3357081697296198
1,2,-6.661554881660538,1,-5.161386096405155
1,1,-5.405877874539566,1,-1.7800829729038659
1,0,-1.4489173647454834,1,1.4039574620212254
2,0,-2.012729279611943,2,0.5496857932907118
2,1,-5.240707416176824,1,-2.750840085917416
1,0,-1.0946172576687325,1,2.4094839047915677
0,2,-4.95207060136767,2,-2.7889617420746813
2,1,-3.1452159830927293,1,-1.1063414034324999
2,1,-4.467695961125537,1,-1.0019616169455876
0,0,-1.7191533598439117,1,0.5573458374203317
1,0,-0.9359422180378889,1,1.7124805322119692
2,1,-4.469343013437883,1,-3.124131897930186
1,1,-2.9187856848468616,1,1.2525250728960813
1,1,-3.935205957610728,1,-1.120785947022975
1,2,-4.852219769484765,1,-1.39891423674477
2,1,-4.340687364241448,1,-1.3316977627773052
1,2,-5.901892957474669,1,-3.141004163956479
1,2,-5.695707329381602,1,-3.4091992953665806
2,0,-4.599798953897694,1,-3.581045549036717
0,2,-5.50944945559189,1,-2.976659249392397
1,0,-1.7602676415319582,1,1.39214918647281
2,0,-1.5779552205878773,1,-1.156457777142432
0,2,-4.041762790371862,1,-1.7504659334649852
1,2,-4.357445539964373,1,-1.173481152332757
0,2,-2.8280331882080088,1,0.14907265365067482
0,0,-1.7605434824818365,1,2.1320588657824957
2,0,-2.1394147486077633,1,2.0937723247106454
1,0,-2.207530586409735,0,0.4779460369303896
2,2,-6.106816755824897,1,-3.543865651671224
0,0,-0.6796631613351412,1,2.1560222677830083
1,2,-6.468741439263556,1,-6.084317409313143
2,0,-3.189882476645727,1,0.46998677287816415
2,2,-5.224598445979683,1,-1.9397783050877315
0,2,-4.303525064116745,1,-1.7643859760047913
1,2,-4.45480558329199,1,-2.1701492349273552
2,0,-2.4824764588456976,1,-0.5165276441567164
1,2,-4.680681937397925,1,-1.9408584257011579
1,0,-2.116481962865521,1,1.8627633018606897
1,0,-2.0919311506014338,2,-0.2243356313616599
1,0,-0.516861046098634,0,1.6585517711741273
2,0,-2.849140938322806,1,-1.935354968620929
0,0,-1.1071009603528574,1,0.8007610763946649
2,1,-5.326975693323456,1,-1.2287904227224404
0,0,-1.313732055439582,1,2.717562356701902
1,2,-5.13981257412095,1,-3.418105869629112
1,2,-6.761517597600356,1,-4.147871109438252
2,1,-3.1164392377070427,0,-0.6163412841968998
0,2,-3.1023696009110284,1,-1.5022240195648222
2,2,-4.133010166413796,1,-1.5634812159479965
1,1,-6.6286311359849375,1,-2.876799588873295
1,2,-6.239731016199005,1,-1.456666034115357
1,0,-2.3468799598533607,1,0.24590942122224593
1,1,-2.9959664702418927,1,0.9370085438765903
0,0,-1.126197728654013,1,2.437831287854204
1,2,-5.2740491040141295,1,-2.997020093611651
0,1,-1.2515818271650687,1,2.6899551818438123
0,1,-3.4037106952153477,1,-0.08520570353958179
1,0,-3.002317581049671,1,-0.13926080278398806
0,2,-4.178086195647619,1,-1.6573354784202836
0,0,-0.25336496154509147,1,2.806504626307571
0,2,-3.6603105254548582,1,0.40915513509442913
1,2,-5.164386456912996,1,-2.773475048354141
0,1,-2.338211924276276,1,-0.2748813455783967
1,2,-5.9634166696062,0,-3.145003656979357
2,2,-6.544750618576469,1,-3.316011798340661
2,0,-3.1697767744374747,0,-0.10119601295818764
1,2,-6.033706381719453,1,-2.3422580273374463
1,2,-5.183127650739237,1,-2.730510494013265
0,1,-4.172138192023672,1,0.3396830677796172
0,2,-3.6791544974499444,1,-1.3225378346984882
0,2,-4.133134614263893,1,0.10356693807814477
2,0,-1.0251798357747341,1,2.641358396414352
0,1,-3.5284619850993613,1,-1.7769905468940546
1,1,-4.359044534624621,1,-1.5321719823321973
2,0,-2.3854986202006665,0,1.3870836748419009
1,0,-0.7941219242065979,1,2.4054075285839276
0,0,-1.715794083437044,1,1.6084146499843803
0,2,-5.09687712965446,1,-2.7212691715572572
2,2,-4.7940221463662755,1,-1.0340501267855136
0,0,1.0137247884587481,2,1.520275359816778
1,2,-5.136859236198985,1,-2.756896739759126
1,2,-5.370373628324735,1,-2.476172504192962
0,1,-2.474010515587806,1,2.558690289455222
1,1,-3.1191938802986576,1,-0.5471728250394238
2,0,-3.9368266557221734,1,-2.261207064842729
2,0,-2.2672977932327236,1,-0.9338835036018713
2,1,-3.039811375173823,1,0.49467321621358895
0,2,-3.884568636877713,1,-1.8087460835354223
1,0,-0.8907294368951669,1,1.3553028996810645
1,0,-0.8649516487553933,1,2.2768908134360637
2,1,-3.789064536822811,0,-1.9113014537596977
2,2,-5.631683384538811,1,-2.403865065815641
0,1,-0.7760224608528703,1,0.7862227204642322
0,1,-0.60348029197391,0,1.7721602259132014
0,2,-3.6703801255156683,1,0.6529120982031011
1,2,-5.1444419177251,1,-3.7252548432408905
0,2,-3.6506625964428334,1,-3.0654063362190294
2,1,-5.328621894046165,1,-1.8238201805175431
2,2,-6.128859499216187,1,-2.403827162870155
0,0,-0.5448569839416062,0,2.185210920774272
2,2,-5.107837642713993,1,-3.9750117834103804
0,0,0.2378900134618498,2,1.7348093627272385
1,2,-4.6773114777111395,1,-0.266339573161136
1,2,-6.359458792536824,1,-3.2147550184526197
2,2,-7.576649961452702,1,-4.805025476909197
0,0,-1.5513857416336783,0,1.9476865355836597
2,1,-3.771328894802598,1,-0.9603389510151817
2,2,-5.178625370752373,1,-4.434483870642647
2,0,-4.67685174943005,1,-2.16509919837695
0,0,-0.9521535661676794,2,2.0753281865597306
0,0,-2.839245781952328,1,0.4583052597463406
2,2,-6.348577719463075,1,-3.1525749081751773
2,2,-7.048914222815866,1,-4.829270866939641
2,0,-4.506122266834445,1,0.36340822375051385
0,1,-2.7365688745254846,1,-0.10548257941894087
2,0,-1.7180134219548897,0,-1.2278141087825047
1,2,-6.395592091971807,1,-2.5513675898463744
0,0,0.5845841483026619,1,1.6123448926200568
2,1,-5.4172232084332075,1,-2.955370071466788
1,0,-1.891303574328064,1,0.790447953240207
2,0,-0.8362435192832463,1,1.9345132342743308
2,2,-7.501047540479891,1,-4.4276282567025484
0,1,-2.505824704651761,1,-0.7286664770927309
0,0,-1.0920905458524912,0,3.0310677689810945
1,0,0.3138824130488751,2,2.408689354908012
2,2,-6.94740890234791,2,-4.160218504017889
0,0,-1.137886839792312,1,0.7308416775608805
1,0,-2.0295295134004396,1,-0.8485126262798162
2,1,-4.1299866293385215,1,0.06005131822864729
0,1,-2.5397380842036874,1,-1.5865234928621263
2,2,-7.060219616812287,1,-4.895231334571664
1,2,-6.732755951547192,1,-3.1892393075573913
2,2,-6.113431290749542,1,-4.406723900066935
2,1,-4.373928306340358,1,-3.1843703003147215
2,1,-5.043289898445067,1,-3.2042400705856524
0,1,-4.085136860343622,1,-1.4933563578848117
0,1,-0.9901948435365913,1,1.7056746901801225
2,2,-5.387029301570442,1,-2.1610795771594784
1,1,-4.706258087339677,1,-1.292317367442826
1,0,-2.3253912200840934,0,1.072669587667963
0,0,-2.583169970579503,1,-0.058971237430173684
1,2,-3.6847935814026864,0,-0.6860535700306497
0,0,-0.7128308609660895,1,2.856451809531256
0,0,-0.7846757674746178,1,0.8736174371352365
0,0,-1.159647483558672,1,3.002097876156345
1,0,-1.2750074583296853,1,0.508976341896473
2,1,-4.524972157795445,1,-2.1374878205193926
2,0,-3.254132470100081,1,1.8494484695158042
1,2,-4.605661273207744,0,-2.89418765257739
0,2,-4.862234686942801,1,-1.7789303871604472
0,0,-0.438226015462086,2,3.763641842430205
2,0,-1.351474553655211,1,0.5589478590263086
2,1,-3.923618423670525,1,1.3432208869834406
0,0,0.20852070255301058,1,4.323100713322676
1,0,-3.0454606113918716,1,-1.0928766206124476
0,2,-6.480773657815683,1,-4.4094682182111224
1,0,-1.522693111559899,1,1.0304492980746212
2,2,-6.733194136566294,1,-1.2406231693435994
1,1,-4.054671746309894,2,-1.4219161964069853
0,2,-4.967029920025962,1,-1.4600552035566023
2,2,-8.5020466176923,2,-6.161622535382173
0,1,-1.9126503695484385,0,0.391448295961981
2,0,-1.191329658811635,1,1.3967192325870923
0,0,-1.516669716973984,1,0.7629317885672444
0,0,-1.138027125111702,1,-0.8713048445929883
2,1,-4.502047949270243,1,-2.75639133706237
0,2,-2.8963520542785854,1,-0.5213425840328095
0,2,-3.829207033522932,1,-0.35567325762486757
0,2,-4.175742426158821,0,-0.23170877985832972
2,0,-1.6704699848029718,1,3.254043835188989
2,2,-7.401353229812659,1,-6.303059511146795
0,0,-0.5993540944827271,1,0.035784932191205154
0,1,-2.8414908880301617,1,-1.3539906625205202
0,0,0.5283964305211315,1,4.337809951043065
1,1,-1.0445578621970135,1,1.675748068763709
1,0,-2.09015420258142,0,-0.017109368450425766
1,1,-3.206983253474997,0,0.2712613773867558
0,1,-3.046363000869468,1,0.6198991209794246
1,2,-6.828336893426805,1,-4.618836334243632
0,0,-0.6077203429582065,2,4.047801532705352
0,1,-2.491437930765645,1,3.2680508276871634
0,1,-1.9346979076529403,1,2.70148593541424
1,0,-1.7227017237837814,1,2.098096732398105
1,2,-6.425803778020109,1,-2.846087429404134
0,0,-2.8324896169631373,1,-0.5196168086305857
1,1,-4.738637088437075,1,-1.156617544954635
1,2,-4.286349550714034,1,-2.2127153630820735
0,0,-0.4956101493582006,1,1.0837999590684608
0,1,-1.3732823547152466,1,1.11066008996628
0,2,-3.7455303039037995,1,0.7426630011801734
2,1,-5.30333512006451,1,-2.7880630211938504
0,0,-0.14327976480007742,2,1.6777203908773617
1,0,-2.476571434429151,0,-0.6664970696161445
2,1,-3.805128815892731,1,-1.6936800172283426
1,2,-7.083936090075259,1,-4.713835312059889
2,1,-3.9063116607330257,1,-1.8248197590823758
2,2,-5.441696099534251,1,-2.903866945503784
1,0,-1.7167619178078255,2,1.9758040893080175
2,0,-3.138660215380027,1,0.13346327066358543
1,2,-7.04914747694621,1,-5.348204099867289
1,0,-2.1696131639031715,1,2.833618750030969
1,0,-0.0888863057019007,2,2.9611835759000766
1,1,-1.9798115008986783,0,1.4672766584950407
0,2,-5.190328113738978,1,-3.631449683392618
1,2,-4.922235639459481,0,-2.473619711731889
0,0,-2.408100888888121,1,0.15528520494933468
1,2,-7.850751725799215,1,-4.189002590326967
1,0,-2.4401138271393163,0,0.1796495045300268
2,1,-4.3834077407898375,1,-1.6401413860606766
1,2,-5.730297931822973,1,-1.5890888614130227
2,0,-1.6991239000002243,1,-0.3047906559796101
1,2,-6.727447859251913,1,-2.378644012136027
2,1,-4.2299658661646165,1,-1.4310595140977163
2,2,-5.2459514383020505,1,-2.1026813925893397
0,1,-2.8127764886747544,1,1.8817442045110637
1,1,-1.3312304064493086,2,0.971478444419623
1,1,-4.984725404053002,0,-1.9311097994121065
2,0,-3.354407707054947,1,-2.22135674935845
0,0,-0.9323243845483797,1,3.0607194188503266
1,0,-0.2374624974787647,2,1.8494041684327673
0,0,-0.6940368692276424,0,0.8037685058094222
2,1,-5.0609752205553935,1,-1.770948492988251
0,1,-2.522095552339583,1,-0.31150121736710623
2,2,-4.683977244188257,1,-0.30009065082830255
1,0,-0.4404077783679412,1,2.782038868315626
0,2,-4.727230341746641,1,-0.7285449956664705
1,1,-6.396752418051696,1,-4.534647719147192
2,2,-6.38120688872538,0,-2.86898420856753
2,0,-2.1902498500222842,2,-1.176873068924289
0,0,-0.42011238686866476,2,1.7906099363715047
0,2,-5.703926186432187,1,-4.61528217300213
1,0,-0.8369272659076825,1,0.668030198896115
2,2,-6.828057675720618,1,-4.509068095625101
1,0,-3.6229722125712955,1,-1.5610202062285496
2,2,-8.265304941677417,1,-5.372963325302112
2,1,-3.9011736838009154,1,-1.509931337381186
1,2,-4.723000833054073,1,-2.2721848644857428
0,0,0.2103049384375566,2,2.7012393227556224
1,1,-3.498342264356404,1,-0.16286786915131546
0,1,-1.5883243815265533,1,1.439066312741076
1,2,-6.059457522753128,1,-3.61401966132308
2,2,-7.072495269073528,0,-3.9756329375840327
0,2,-3.954098531636479,2,-2.1220560670182467
2,0,-2.5159450167131947,1,0.12788050456800393
0,0,-0.38903143130292206,0,0.6589510276353656
0,2,-4.763783679218596,1,-1.9153987699474686
2,0,-0.594902382053867,2,2.6945309661322114
0,1,-1.691209340946878,1,1.369435411698984
0,2,-2.634818161850952,1,0.046041991132962284
2,1,-4.7635163725045455,1,-1.230759693210837
2,2,-5.345795140774534,1,-2.493780857263718
0,0,-2.1427606166804902,0,0.5910302428094287
2,0,-2.285278730976802,1,-0.5833995110873049
0,0,-0.9354561689721264,1,2.7937707289529694
1,2,-6.837198974115692,1,-3.9110420157019785
2,2,-6.309676493989046,1,-2.5148496665712403
0,2,-4.082845233962672,1,-0.14237897978169523
0,1,-1.975507192494363,2,0.5596530033043002
2,0,-3.722752257548037,1,-1.2397467421924537
2,2,-6.408883897509002,1,-3.0220705794211007
0,0,-2.285287472037019,1,1.372505535374696
1,1,-2.4079513282170883,1,-0.9241273130454521
1,2,-4.874929543731069,1,-1.4499422308534609
0,1,-1.0782742829915046,1,1.932939059154848
0,1,-1.6894301660695952,0,0.10729432327345545
0,0,-0.1995796670261486,2,1.7356314267856883
1,1,-4.607057464723304,1,-2.527880554708368
2,1,-4.347288387363568,1,-1.185097898842555
2,1,-5.696909850423672,1,-2.525987483913909
0,2,-6.343127720870446,1,-2.9418248783114356
2,2,-4.9103706736618395,1,-2.001537851302902
2,1,-3.8441456944657033,1,-1.0887197994991442
1,1,-3.8119770762646734,0,-0.7695231195670227
0,0,-0.4302606491278796,2,3.019817712619984
0,0,-1.0177447651252534,1,2.1993679064154392
0,2,-5.146018986235129,1,-2.309456991548998
1,2,-6.186878112838786,0,-1.0941676487829843
0,1,-1.9621741175790786,1,-0.5913466490546664
2,0,-1.712410106642658,0,1.8585333149383894
1,0,-3.9778242319018426,1,0.08573495666040887
1,2,-4.46920710716225,1,-1.0181513457402351
1,0,-2.482066680891784,1,-0.14326845412477085
0,0,-2.543324895598777,1,-0.39948674761490277
1,2,-3.3114662131318005,1,-0.944232873659587
2,2,-8.249483068006477,1,-6.173537690109057
0,0,0.4816808298727384,1,4.042653272237746
1,1,-3.700753900093404,1,-2.3203999231858905
0,1,-3.414280423011521,1,1.3840090049241036
1,0,-1.2880595098041947,0,1.2253203046926633
0,0,-0.5819187165376006,2,2.7175977122745336
2,2,-4.338998358387286,1,-2.617120432675425
0,2,-5.868321271563168,1,-2.4759863287754262
0,1,-0.9905591209191775,1,0.2944766841480617
1,0,-2.6618770484739143,0,0.23590247785074622
0,1,-2.3361042056912544,1,1.7433981465937256
2,0,-1.465331755758187,0,1.5066926032794234
2,2,-5.843669335056591,1,-4.427070124456462
1,2,-4.548244417587215,1,1.2546947043852499
2,0,-3.049560431638458,1,0.8945620985592235
2,0,-1.432962656567407,1,1.4443573953123088
1,0,-2.1585418434686305,1,-0.16933289459946987
2,1,-4.437803889643832,1,-4.028241569604907
2,2,-6.40547006394156,1,-5.502098553661479
1,1,-4.952146779049317,1,-1.9118352605254307
1,2,-5.477574488962746,1,-3.712993132877906
0,2,-3.5643041223638408,1,-2.532111201002211
2,1,-4.069599299260321,1,-1.174039011369501
2,2,-7.172323119414273,1,-2.706263895084105
1,0,-2.8782894844157023,1,-2.349746026289599
2,2,-6.882033095226453,1,-2.7514186107721335
2,2,-6.520438592872544,1,-4.08635178711266
2,2,-5.9143460942858646,1,-3.8137240622793347
0,2,-3.6752886332819026,1,-1.6113003773214043
0,1,-1.879104441017474,1,0.8085789677808431
1,0,-1.5485142282599407,1,-0.15378151891892156
0,1,-3.9554436477662582,1,-0.3336218698274178
0,2,-3.9116734285223766,1,-2.3270967854900313
2,0,-3.790629772434351,1,-0.6213705585241407
2,2,-6.420094439252588,1,-4.403944231598359
2,1,-2.679851266152494,0,-1.3277127744214008
2,2,-4.847627637415001,1,-2.1573978468958996
1,2,-4.991610425009729,1,-2.1799058686647625
0,1,-0.38645009430910315,0,0.6166658733641657
0,0,-0.48736100122919135,0,0.882161615003016
2,0,-3.4631058028238364,1,-1.0328270362443663
2,2,-7.438424937803037,1,-2.870322345277134
2,1,-2.3296985518874496,1,-0.22604559548807557
1,1,-5.334922571065917,1,-2.2736385141762114
1,0,-0.1649548722859362,1,1.6826400277141862
2,0,-3.7684920866207765,1,-1.0431569171762314
1,1,-3.6462477055460227,1,-0.7186592524686674
0,2,-5.5733068350356065,1,-1.5742294823779148
1,0,-2.524873944443227,1,-0.3526662667500986
1,0,-1.289754433223254,1,1.1065259255412943
1,2,-4.546401185303896,1,-2.163413648193764
1,2,-4.986800138551189,1,-2.789564035822976
1,0,-1.8910218779728794,1,-0.06519355471931809
1,2,-6.801376525137838,1,-5.383933989478027
2,2,-6.149549747544288,1,-2.863194217306568
2,2,-7.17423776035025,1,-2.1440066259970734
1,0,-1.8422822195247084,1,0.15110946014350823
1,0,-3.3000469360735636,1,-0.25788529196855015
0,2,-5.599684106742949,1,-2.9237561481466114
0,2,-6.503891978820185,1,-3.2553107306916598
1,0,-3.103674984359895,1,-0.9565347064044128
2,1,-4.450728510695939,1,-2.5472120353613628
2,1,-4.078594877996208,0,-1.042011641281275
0,2,-5.608459236802853,1,-0.9097968416239479
0,0,0.6390391950903003,0,2.6489485950637444
2,0,-2.4337269646931348,1,0.45501411674599324
0,1,-1.7723691743670635,1,-0.9022600208285765
1,2,-3.896121694004182,1,-2.1307389562787606
0,2,-4.816764331930743,1,-2.4371730575458956
1,2,-5.955755442172038,2,-2.3609417151145093
1,1,-6.304810378541781,1,-3.030011531280539
2,2,-5.890139484736381,1,-4.89484703307042
0,0,-0.2500341981668095,1,3.1346743362071816
0,1,-2.880530738063209,1,-0.581718782431557
2,0,-2.9502596167567434,0,-0.27321748519946876
1,1,-3.0605893134941455,1,-2.626927919283457
0,1,-3.6384145428464327,1,-0.3368880879273174
2,2,-6.135951500696812,1,-3.512263076384188
0,0,-0.9997040432263975,0,0.2600922168517841
2,2,-7.289082485891278,0,-7.491981593769205
2,0,-3.585715155913225,1,-1.2320828510567652
1,0,-0.9401298616118653,1,0.49556029074194696
2,0,-1.6385772017544,1,0.4845421792273449
2,2,-7.107722156723341,1,-5.291375578583093
0,1,-3.3846498757729284,2,-0.2716606566832357
1,2,-4.537235539908021,1,-0.20154432023562152
0,0,-1.1179327010004791,1,2.8460151313180164
2,2,-5.060688956962974,1,-2.386506467245588
1,0,-2.9508984737946946,1,0.5072810663743471
1,1,-2.9241555150183096,1,-0.1943002333039284
1,1,-3.9261971822414647,1,-2.5030520428872247
1,2,-5.753669426224407,1,-2.7132141475105684
2,0,-5.137637522347752,1,-3.7504061461706097
1,1,-4.331976526430124,1,-3.5361627052124494
2,0,-3.5756055316643782,1,-2.780962455709544
2,2,-6.240785056310708,1,-2.626123563801212
2,2,-6.8687863595931296,1,-4.396937928881817
2,2,-5.9173935820528,1,-2.158649360234391
0,2,-3.713107181875081,1,-1.1047182732242635
1,2,-4.830769693804584,1,-1.3086453248581353
0,1,-1.6715042560905715,1,1.606559113992478
2,2,-7.629643276146324,1,-4.944890761651572
2,0,-2.843551315317728,1,-0.4502065287946374
0,0,-0.5799446428893115,1,3.5979208622942567
0,2,-3.443810290993792,1,-1.3474665309924818
2,1,-3.530630999374585,1,0.2834865868245191
1,0,-1.1070643763933985,1,1.6333075082280222
1,2,-5.980764141883541,1,-3.972925128823741
2,1,-3.019549807585823,1,-0.3514891516217608
1,2,-5.684679358589462,1,-3.3407466467086135
0,1,-1.6859624762813175,1,0.01909576751015929
1,1,-3.8384873006721456,0,-0.678993762420006
1,2,-5.399702708211114,1,-2.8256150580159693
0,0,-0.963833140225639,1,2.838323007418352
2,0,-1.7024186134763353,1,1.0969353433239724
0,0,-0.7611387734101634,1,3.7099238532647054
1,1,-4.015378081359943,1,-1.6347676188013254
2,0,-3.071694786859882,1,-0.329492861882079
0,2,-3.7072727104571235,1,-0.5730001416492521
0,0,0.021254055040605624,0,2.1180175858306907
1,1,-3.899269429183452,1,-2.629315738694291
0,1,-2.7476911680076235,2,0.746841330227925
2,2,-5.944071870264103,1,-4.365732396755935
1,2,-6.717910354873364,1,-3.228740653537164
2,2,-7.486281883430938,1,-5.070803748561224
0,2,-3.9893356035828638,1,-2.9060344389746313
2,2,-4.592325415411655,1,-1.5272311322897822
0,1,-3.2591277877501916,0,-0.24994080568569477
1,0,-0.750641413711199,1,2.2255505895188183
1,0,-0.46080505628407176,1,2.677603263839079
1,0,-4.28196171936397,1,-3.6142313001802124
1,0,-0.4105954134873946,1,0.5156695377639433
2,2,-6.885863827772867,1,-4.255386070772777
2,1,-3.4377851025378963,1,-3.1833257583595427
0,1,-1.9729396155000214,1,1.1974706922045733
1,2,-6.195468655895835,1,-4.799095664407771
1,2,-4.312443490194608,1,-2.706233709447689
2,1,-4.561453289501878,1,-1.565910892076523
0,1,-1.3763986629916638,2,0.7284210097959605
1,1,-2.06798697607364,1,1.6579556463740204
1,0,-4.800754597686894,1,-1.6134823958325324
1,2,-4.54714990275129,1,-1.7882751408737885
2,0,-1.8989759041229592,1,0.6920061314927984
0,1,-2.2382697824605495,1,-0.01228426606571964
0,0,-0.8344626623298084,1,3.3354038230670437
2,0,-4.278449644345285,1,-2.00574104359077
0,2,-3.1448279775646917,1,0.33182891763333155
2,1,-4.268134654482017,1,-0.9811462656203477
0,1,-0.693216223286168,1,2.1427734134850747
0,0,-2.9026044237053705,1,0.9281605501171666
0,2,-3.5079475437876666,1,-1.1698398487000357
1,1,-5.061920793002482,1,-2.2367887301017984
0,2,-5.662853543785796,1,-5.245097332849761
2,1,-5.211476100083304,1,-1.3809666735566901
0,2,-4.888790882833256,1,-4.5592973522569995
2,1,-5.233338288882366,1,-1.4806564494805814
0,0,-0.016181638249923247,1,2.575682286754615
0,0,-1.335087591367168,0,2.123578057814167
1,2,-4.300748532375808,1,-3.438228575876029
0,1,-2.111286994295586,1,1.3430818835991731
0,0,-0.19758515281097044,0,2.30765042449984
2,0,-0.4551098592840237,2,2.9230774873296617
0,0,-1.2176447795139083,1,2.682932325150034
0,2,-4.958563773507523,1,-2.5186718483044954
0,1,-0.9545165383639627,1,2.3012250288485836
0,2,-3.970273393736293,0,-3.011477233901455
1,2,-4.720748042773275,1,-1.7063236128373926
0,2,-6.013888580607634,0,-1.8855703974517382
0,1,-4.667318298155532,0,-4.508135532970997
1,1,-2.6951828420740642,1,-0.06274890114373353
2,1,-3.24950993514625,1,-1.3657511766506811
1,2,-5.807910483256646,1,-1.4390670167298514
2,0,-2.2851865392858715,1,0.3089645492884694
0,2,-3.806841385466633,1,-0.32592698976450263
0,0,-0.8278143718455055,1,1.6712139739282648
2,0,0.46273414012176506,0,3.6849478355870233
1,1,-4.08171837784512,1,-3.380086649391496
1,2,-5.456441130477762,1,-2.59866949818454
2,2,-7.534133215727294,1,-4.853960490361173
0,2,-5.283948936941463,1,-2.5886807976816297
0,2,-2.6278886768180394,1,1.206285603895133
2,0,-3.972442050774122,1,-0.007245499505891262
1,1,-3.3221366592393906,1,0.08144889599635263
0,1,-4.594149941671599,1,-3.1278165625252745
1,1,-2.7028473465686567,1,0.0040966772189076905
2,2,-6.2735541045399055,1,-2.770681691944405
2,2,-5.654586659409464,1,-2.797330032494318
0,2,-4.21069263880918,1,-1.2087159752235617
0,1,-4.159268166683634,1,-1.605572949551001
2,2,-7.245280829481559,1,-5.151946404777736
2,2,-6.065284265383898,1,-4.614793850403862
2,0,-3.1423177033368392,1,1.0269718362590743
1,1,-4.593525680169828,1,0.3291358364341104
1,0,-1.301558064989676,1,3.2297974939367426
2,0,-1.831886518279767,1,0.5706443681818691
2,0,-2.0798299252940717,0,1.499470158572589
0,2,-2.538407236291744,1,0.9432468980536761
1,2,-6.554173442096329,1,-5.890529088340495
2,1,-5.713222967410974,1,-3.55714744100087
0,2,-3.903258755341363,1,-3.5098747231804315
2,2,-7.667405803554601,1,-5.340730581444397
0,0,-0.9170135135101329,2,2.6096322110160206
0,0,1.1539753686812124,1,2.553452590463679
1,1,-4.231155647591916,1,-3.1802193223325164
2,1,-5.441289317903631,1,-3.1827360267348284
0,1,-1.2498844720970792,1,0.9426565753042732
2,1,-3.219249207799195,1,-1.5372618652700762
1,2,-6.342807521832219,0,-3.9632825593538112
2,1,-5.9716031125409765,1,-3.3376429916128565
1,1,-3.2722559733098247,1,-1.1854141041178665
0,0,-1.8753467000857704,1,0.6252824441582213
1,2,-5.2256849290120355,2,-3.9191691547846013
2,2,-6.604489559348766,1,-5.781484846884588
2,2,-6.662328456326054,1,-5.620428918479685
2,0,-3.3625817334605235,1,-0.8898534560738237
1,0,-2.946274640526493,1,2.485932214138099
0,1,-2.820084669848319,1,1.1771600726292428
2,1,-4.805865781416903,1,-1.9384465404893398
1,2,-5.479004373051115,1,-2.7991728469786765
0,1,-4.238584748785512,1,-1.5122648370965515
2,2,-8.296340860095453,2,-5.667739093801106
0,1,-3.9328142833147,1,0.3147215326856405
1,2,-5.2331880685037815,1,-1.545506151820388
2,1,-4.582151992360354,1,-0.22640656210281773
0,0,-0.63670709293205,1,1.9165976338111435
2,1,-5.137527407750458,1,-3.1399963403402156
0,0,-1.771780671617226,1,1.6096905508898942
2,0,-2.9835052542114155,1,-1.4014854357933533
0,1,-2.947936984962042,1,-0.11172184460688132
1,2,-7.284171836749055,1,-3.4234122025643265
1,0,-1.9362343567083038,1,0.44049176041590954
1,1,-3.5801823952826157,0,-1.681398563114589
0,1,-1.8072106762197475,1,0.820389029677669
0,1,-1.384810097631757,1,2.592157882171103
1,2,-6.478718186931994,1,-4.430714563226273
2,1,-3.6899602196351142,1,-0.39936185352985143
2,1,-4.390028158742916,1,-1.1995499036973445
1,0,-0.5692067712425062,2,2.1408672666102535
2,1,-5.170213132321661,2,-1.8949118424865512
1,1,-3.1377630157605543,1,0.6026483651691542
1,1,-3.502618244740364,1,-1.218142149222885
2,2,-5.6768827013419045,1,-4.408777342221694
2,1,-3.374431226990462,1,-0.970195399169753
0,1,-3.2915002773734336,1,-1.4363540568816155
1,1,-3.8862276386841414,1,-1.2164468123172658
2,0,-3.9308441214847116,1,-1.2022191725070241
1,0,-1.292928883594498,1,0.15974173482486975
2,0,-2.368045847942785,0,-1.9626674890924507
0,1,-2.063595972003007,0,1.742043569816356
0,0,-1.185865317224483,1,2.7121839523769777
0,2,-5.326256813131867,1,-0.0686016742122697
2,2,-3.067949563305323,1,0.7738952546062365
2,0,-3.3030910610295945,1,-2.379057127564667
2,2,-6.920883214359501,1,-3.239414808158423
1,2,-4.215313846966213,1,0.2224520817639315
1,2,-6.264744268969543,1,-3.591498972676932
0,2,-3.1421785106515934,1,-0.6050499743567657
2,2,-7.8618992740907006,2,-4.061283936832501
0,0,-0.4309856678979266,0,2.3962017271681537
2,2,-7.583227190563071,1,-4.287640885959715
0,2,-4.655690214311601,0,-3.924034573910484
1,1,-1.990091036161348,1,-0.2079668835783518
1,2,-6.380673667981847,1,-4.303041145797571
0,0,-1.46955543660365,0,2.1068996477104927
0,2,-3.81192551741998,1,-1.655284494913614
1,1,-4.242807958364816,1,-0.6057455332006356
0,2,-4.424322839636311,1,0.5814612401807251
0,2,-5.901908204920172,1,-2.9673354090561093
0,0,0.3070465004619287,1,4.085017417631011
1,2,-4.341895108148587,1,-3.519554367523275
2,0,-2.122205169808488,1,-0.2654534427010077
2,0,-3.4845253687192583,1,-0.2877658622256998
2,1,-4.066933732357828,1,-2.33862376607218
0,2,-4.395789890938045,1,-2.1111099310722685
0,1,-2.3718172995951363,1,0.6270621899217567
2,1,-4.505409017568669,1,-1.7252911499559034
1,1,-1.8218878806537881,1,0.13480948207096688
2,1,-3.4499755449864704,0,-0.8558988529430315
0,2,-3.1303436111093346,1,2.2104162099202584
1,0,-1.1774753382796599,2,2.0710858637499734
1,2,-5.15537835241809,1,-2.172242731550567
2,0,-3.1231962610104316,1,-1.0324978359767638
0,0,-2.4307772431688868,1,-0.5544752292771834
1,2,-4.7521672053866455,1,-3.267730680414397
2,2,-7.625411032998857,1,-6.898027222244661
1,1,-3.4874139078993855,1,-0.5994686247364864
1,1,-3.2785366933708984,0,-1.9383749218837232
