c,d,e,f,g,h,i,j,a,b
0,1,2,1,2,1,0,1,0.463303653585865,1
2,0,0,1,2,1,0,0,4.403551732442418,2
2,0,2,1,0,1,2,0,-2.2477562779889655,2
2,2,2,2,2,2,2,2,-2.1614155832488544,0
0,1,2,2,2,1,1,2,0.7317684633811946,0
1,1,2,1,2,1,0,2,-1.2657728424186923,0
2,1,0,2,0,1,0,1,-3.760333171879477,2
0,2,2,0,1,0,2,0,-2.6741427254432337,2
2,2,2,0,0,0,2,2,-10.31000339335492,2
1,1,2,1,2,1,2,1,-0.24042451915484858,2
2,1,1,1,2,1,0,2,-1.9227248525730891,0
0,0,1,2,2,1,1,0,6.704319015991206,2
0,1,1,0,0,0,1,2,-5.022672576411942,0
0,2,0,0,2,1,0,2,0.07054572183718677,1
2,0,2,2,0,2,0,0,0.6819733423910789,2
2,0,0,1,1,0,2,0,0.9909099405271427,2
2,1,0,0,0,2,0,2,-0.2487251344054744,1
1,2,2,0,1,0,2,0,-3.8574455127146936,2
2,0,2,1,1,1,0,1,-1.8204747419114304,1
2,2,1,1,2,0,0,0,-1.0154768898075888,2
1,2,2,1,2,1,0,0,-0.6171234320902859,0
1,1,1,0,2,2,0,1,3.9830678876788,2
0,0,2,1,0,2,1,2,-0.6226055701361723,0
2,0,0,0,1,0,2,0,0.1041596104290533,2
1,0,1,2,0,2,1,2,1.145938625153903,2
0,2,2,2,1,2,1,1,-0.2955702297150473,0
1,2,1,0,1,0,2,2,-6.631983648140954,2
2,2,0,2,0,0,2,0,-4.653391511105852,0
2,0,2,1,2,0,1,1,-1.8031642786558302,1
2,1,2,0,0,0,0,0,-6.518683281642733,2
2,1,1,0,2,2,0,0,4.423936978928258,2
2,2,0,2,0,0,2,0,-5.257420527983358,2
1,0,1,1,2,2,0,2,2.1954747086887902,0
1,2,1,2,2,0,2,2,-2.468924724862721,2
1,0,1,1,2,1,2,2,0.1341642577130162,2
2,2,2,0,1,2,1,0,-2.6208532919855916,2
2,1,2,2,1,2,2,1,-0.7695375184135429,2
2,2,0,1,2,2,0,1,1.8566937109870052,2
0,2,0,0,1,0,2,2,-3.6072553439146646,2
0,1,2,2,2,0,0,1,1.3405018520307028,1
2,2,2,2,2,2,0,0,-0.34438599318551044,2
0,2,2,0,0,2,0,0,1.5402610127141065,1
2,2,0,1,2,0,1,1,-3.644564251123434,2
0,1,0,1,1,2,0,1,4.044586969605109,0
0,1,1,0,1,1,1,2,1.3718281782587831,2
0,0,0,1,1,2,2,0,7.89928769361427,1
2,1,1,0,0,1,1,0,-3.9171381635763263,2
1,0,2,1,2,1,2,1,3.3290013083309367,0
2,2,0,1,2,0,1,2,-4.3765307790942245,2
0,2,0,2,0,0,2,2,-3.8934315865159532,2
0,0,2,1,1,1,2,0,1.228810081687788,1
2,1,0,1,0,2,1,2,-2.452527753081201,2
1,0,2,0,2,1,1,0,2.437125993209122,0
1,0,2,1,2,0,2,0,0.5138338033401896,1
1,1,1,0,1,0,0,2,-2.0833615874443767,2
2,1,1,2,2,0,1,2,-2.0335405123287185,2
1,0,2,2,1,0,2,1,0.13679167612439547,2
1,1,1,0,2,2,0,1,4.073905573206551,2
2,0,2,1,2,1,0,1,-1.2063607370091598,2
2,2,0,0,1,2,2,0,0.7470657821868848,2
0,0,2,1,1,1,2,1,2.9511035989166072,2
2,1,2,0,2,1,1,2,-2.5126694486577086,2
2,0,2,2,1,1,2,0,0.9566852715253376,2
2,1,1,0,2,2,2,2,0.7362525697740812,2
0,1,1,2,0,0,2,2,-4.380134088785674,2
0,1,2,0,1,0,0,2,-4.174807254905269,2
2,1,1,1,2,2,2,2,0.5743009971949405,2
1,2,0,2,0,1,2,1,-2.252796461539011,1
1,1,1,1,2,0,2,0,-1.0677489290001272,1
2,2,2,1,2,1,0,1,-4.610004533536909,0
0,0,0,1,1,0,0,1,2.7766012248160488,1
0,1,2,1,1,1,0,0,1.7132616571817056,2
0,0,0,0,1,0,1,0,2.8116822080554713,2
2,0,1,1,2,2,0,1,3.178024369504268,2
1,1,2,1,1,1,2,0,1.147026362031529,2
1,0,1,1,2,1,1,1,2.042524743077383,0
1,1,2,0,1,1,2,2,-3.542810789243573,0
0,2,1,1,0,0,2,2,-5.406160877384947,2
0,2,1,2,2,1,0,1,1.7687568501454762,2
1,0,2,0,0,2,2,0,0.8617165526303354,2
0,0,1,1,1,2,0,2,4.280403340280391,0
2,1,1,2,1,2,2,1,0.7469158488310915,0
1,0,1,1,2,0,2,2,-0.47120752328956367,2
1,2,1,1,1,0,0,2,-4.191131577031614,2
1,1,1,2,0,0,1,1,-3.1181154260135076,2
0,2,2,2,0,2,1,1,-1.0908987336884524,2
2,2,1,0,1,0,2,1,-5.760255061233812,2
0,0,0,0,1,2,0,2,5.013322060035533,2
1,2,2,1,2,0,1,0,-1.4728464021525525,2
0,0,0,1,2,1,2,2,5.315668970508642,2
0,0,2,0,2,2,1,2,1.866528476809139,0
1,0,0,1,2,2,0,2,5.131250274326112,2
0,0,1,2,2,0,2,2,1.1262122985900431,0
0,2,0,2,0,1,2,0,0.46132634686628715,0
0,0,2,2,1,0,2,1,-0.5393746044611729,1
0,0,2,1,1,0,1,0,-0.6860420222047603,0
1,2,2,1,0,2,0,2,-2.8453682030026597,0
0,0,0,1,0,2,2,1,6.236325152400087,2
0,0,1,2,1,1,0,1,3.730840056303452,2
0,0,1,2,1,0,1,0,2.6663082119000223,2
2,0,2,0,2,2,2,1,-0.05346150759762969,2
0,1,2,0,0,2,2,2,-2.578954814646309,2
0,0,1,2,1,0,0,1,1.0726022417309498,0
1,0,0,0,0,1,2,0,1.0379323418887818,0
0,2,0,1,0,1,0,2,-1.8388064535858353,2
2,1,0,2,2,1,2,2,0.5466624494030273,0
1,1,1,0,0,1,1,1,-2.859584186429872,2
1,2,2,0,0,0,2,0,-7.308200209813712,2
0,0,2,1,0,2,0,1,1.3918733988391299,2
2,2,0,1,2,0,1,0,-1.5243739422202136,2
0,1,1,0,0,2,2,0,3.758372486293331,0
2,2,2,0,0,2,0,2,-6.181710960604832,2
2,0,0,1,2,1,2,2,2.164344247204077,2
1,2,1,1,2,1,1,1,-1.1211630672390203,0
1,2,1,0,0,1,1,1,-5.014000912989259,2
0,1,2,0,0,2,0,2,-2.4083301604908227,2
0,1,0,2,2,0,1,1,2.3203987210324506,2
1,1,2,0,1,0,2,0,-3.3542715817590256,0
0,2,0,0,0,2,2,2,-1.7343693986291302,0
0,2,1,2,0,0,0,2,-4.7696969984604145,0
0,1,0,0,2,0,1,1,2.528386306007566,0
2,2,0,1,0,2,0,2,-3.731593728948371,2
2,2,1,2,0,2,1,1,-2.81026897747415,0
2,1,1,1,2,0,0,0,-0.8837112316770099,0
0,2,0,1,1,2,2,0,4.675175957554757,2
1,1,1,1,0,0,1,1,-4.046038731384444,2
2,2,2,1,0,1,2,2,-7.716844464057047,2
1,1,2,1,1,1,0,1,-0.27327128265954337,2
1,1,1,2,0,2,1,0,1.3297091799515512,2
2,2,0,0,1,0,2,2,-7.541872182399671,2
1,0,2,1,1,0,0,0,0.8601136563969447,2
2,0,2,1,1,0,0,0,-2.6544651006139137,0
2,0,1,2,1,2,0,0,6.343534369114915,2
0,1,2,1,1,0,2,2,-5.935880993673811,2
1,2,2,2,2,2,1,2,0.01634371269449919,0
2,0,0,0,0,2,0,1,1.0343559159583646,2
1,2,1,2,1,0,2,0,-2.5259068521318717,2
0,1,1,2,2,1,1,0,6.966932757901969,1
2,1,1,2,0,0,1,1,-4.880918256391994,0
0,0,0,0,2,2,1,2,6.380583564512247,1
2,1,2,2,1,0,0,0,-3.0967530585365477,0
1,2,0,0,2,2,0,2,2.440653670083446,2
0,2,2,0,2,2,1,1,1.7005400446780676,2
1,1,0,1,0,1,1,0,0.9813345662582339,0
2,1,2,0,2,1,2,2,-2.7001034287743177,2
1,0,1,2,2,2,1,0,9.146962432331703,1
0,0,1,1,2,1,0,0,4.414826035872945,2
0,1,2,0,1,0,1,0,-2.0862381236679886,2
0,1,2,2,1,1,0,2,-0.6704111193550129,2
2,2,2,1,1,2,1,1,-4.011312524354701,2
0,0,0,0,0,0,0,0,0.6596128309524834,0
0,0,0,1,1,1,2,0,6.574444360351346,2
1,2,1,2,0,0,1,1,-4.492418144043232,0
2,0,1,0,0,2,2,1,0.17538182621030252,2
1,2,1,0,0,2,0,0,-0.6278675298291307,1
1,1,1,1,0,1,2,1,-2.602726287531328,0
0,2,1,1,2,0,0,0,0.4489829111270324,2
1,1,2,0,2,0,2,1,-3.598161050385809,2
2,1,0,2,2,2,0,0,6.107137997948401,2
0,1,0,1,2,2,2,2,5.732443143764365,2
0,2,1,2,1,2,2,1,1.2930199590871023,2
2,2,1,2,1,2,0,1,-1.735014083904565,2
2,2,2,0,1,0,1,2,-10.015671169313583,2
2,1,0,2,2,0,0,2,-1.0282323457475082,2
1,2,1,0,0,1,0,2,-4.915553366035404,2
0,2,0,1,0,1,0,2,-0.7378022793387293,2
2,1,0,1,2,0,1,2,-0.3708183366972584,2
0,2,1,2,1,0,2,1,-1.026120927459573,1
0,1,0,0,2,1,0,1,3.4455641657097105,2
0,1,2,0,1,1,0,0,2.2290166589032703,2
1,0,2,2,1,1,0,0,1.355434162763911,2
1,2,0,1,2,1,0,2,-0.45517224400266776,2
2,0,2,0,0,1,2,0,-2.1679512340799896,2
2,1,0,2,2,0,2,2,-4.590080869390298,2
1,0,1,1,1,2,1,2,2.2810666501924626,0
0,0,2,1,0,2,0,2,1.7634455418431303,2
2,1,0,0,2,0,2,0,0.5858179029945227,2
0,2,2,1,0,0,2,2,-6.083163403321456,2
1,1,0,2,0,1,0,1,-0.8861285823872403,2
1,1,2,2,2,2,1,0,0.5885939374878473,2
0,2,0,0,2,0,2,1,-1.1039802114364827,2
0,1,2,2,1,1,2,1,3.7607312393414194,1
0,1,1,2,1,0,2,1,1.6139430200169729,2
1,2,0,2,0,0,1,1,-2.7752487092604077,0
1,2,2,0,0,2,1,1,-3.6942460428136994,2
1,0,1,0,1,0,1,1,0.8769147233198853,0
1,1,2,2,1,0,1,2,-5.110386795990666,2
0,1,0,1,0,0,2,2,-1.785406242970031,2
0,1,1,1,0,1,2,1,-0.992689699912184,0
1,2,1,0,0,0,0,1,-8.546514298555213,2
1,1,1,2,1,2,2,1,0.5228626344433027,0
2,2,2,2,0,0,1,2,-9.207503843077525,0
0,1,2,0,1,0,0,2,-5.604693299102565,2
0,2,0,0,0,0,2,2,-2.6749730351618273,2
2,1,0,2,2,2,1,2,1.2020042167644764,2
1,0,2,2,0,1,1,0,0.5279801334249898,2
2,0,0,0,0,0,2,2,-5.229133427593975,2
1,0,1,1,0,2,2,1,2.18582861432803,2
1,2,2,2,0,2,0,2,-4.5122210437009596,2
0,0,0,1,1,2,0,1,7.101388132044336,1
1,0,0,2,2,0,2,2,1.4789895950227951,0
2,1,1,2,0,2,1,1,-1.2635058460204915,0
2,0,0,1,1,1,2,0,2.460910320202583,0
0,0,0,1,1,0,1,1,3.5700613256176763,2
0,2,1,2,0,2,2,1,-0.4184771670953518,0
2,2,2,0,1,2,1,2,-6.570483383672532,2
1,0,1,0,2,0,2,2,-0.016492223177582255,2
2,2,2,2,0,1,2,1,-5.964341308919295,2
1,1,1,0,2,1,0,2,0.41357801763778046,2
2,2,2,1,1,2,0,2,-3.262760919801289,2
1,2,1,0,2,0,0,2,-4.995236769625668,2
2,2,2,1,1,2,0,2,-3.089441839033042,0
1,0,2,1,1,0,0,0,0.38553097396948355,2
0,0,1,1,2,1,1,0,5.559166053274969,2
0,0,0,2,1,1,1,0,6.633569276126616,2
2,2,0,0,2,2,0,2,-1.1750804630384466,1
2,2,0,1,1,2,1,0,0.6259326950038429,0
0,0,1,2,0,0,2,0,1.9640398945544844,2
0,1,1,0,1,2,1,0,5.615614069867395,0
2,0,1,2,1,2,0,1,2.48259798458519,2
1,2,2,1,1,2,1,0,0.5592226690320975,2
2,1,1,2,2,0,0,1,-2.451187275306524,0
0,0,1,1,0,1,2,0,1.451108020415833,2
0,2,2,1,2,0,2,1,-1.1854233737711475,1
2,0,2,0,1,0,0,2,-4.05956809081999,2
0,1,1,0,1,1,1,0,2.040990038477195,0
2,1,1,2,2,2,1,0,3.483898088921884,0
0,2,0,2,2,2,2,0,5.45509104070166,2
0,2,0,0,1,2,1,2,0.49397932592215776,2
0,1,2,1,1,1,0,0,0.48170018318736074,0
1,1,1,2,1,1,0,2,-0.87841761244303,0
2,1,1,2,0,1,1,1,-3.962103729965696,0
0,1,2,1,2,0,1,1,-0.47606424222095767,2
2,0,2,2,2,1,0,1,1.1199754013621812,2
2,2,2,0,0,2,2,2,-5.4063470124787685,0
0,2,2,2,0,0,2,2,-7.387094785094695,2
1,0,1,0,0,1,2,0,-0.11729202156117835,2
0,2,2,1,0,1,1,2,-5.216274009257463,2
0,2,0,1,2,1,0,1,2.5062754197801222,1
1,1,2,0,1,0,2,2,-5.195454483120195,0
0,2,1,1,0,1,0,1,-2.6853891719309697,2
2,0,0,0,0,0,0,0,-0.2679912325518894,1
0,0,1,2,2,2,1,1,6.560311240548735,2
0,2,0,1,1,0,0,0,0.6196824052286016,0
2,2,2,2,0,0,1,2,-8.252175595419892,2
2,2,0,0,2,0,1,0,-1.3931820994871176,0
0,2,1,1,1,0,0,2,-4.478148733065729,2
2,2,0,2,2,2,2,0,2.5566752965521813,2
1,2,1,1,2,0,2,2,-2.587955543762826,0
0,0,0,2,2,1,2,0,8.935908534288439,1
2,0,1,1,2,2,0,0,5.048488608488224,1
0,1,0,1,0,1,0,2,-0.349618135491118,2
2,0,0,2,0,2,2,0,2.4989199034477956,1
0,2,0,2,0,2,0,1,2.0402329671073876,2
2,1,1,1,2,1,0,1,-0.5272436275965807,2
1,1,0,0,1,1,1,0,1.280745733713539,2
0,1,0,2,2,0,1,2,1.4396104333309332,0
2,2,2,1,0,1,2,1,-6.215689591756818,0
0,0,0,0,2,2,1,0,9.945164010009309,1
0,0,0,2,1,1,1,2,4.1523913038296065,1
1,2,0,1,0,1,0,2,-5.888360857939274,2
0,2,0,2,0,2,2,1,1.8569261825611574,1
0,0,2,1,1,1,2,2,-1.071825098167953,0
0,2,0,2,1,1,0,2,-0.3518900933657127,2
2,2,1,1,1,2,0,1,-0.2191122674197037,1
1,0,0,2,0,1,2,1,3.596177439638797,2
1,0,2,0,1,2,0,1,2.108565123450487,2
0,1,2,2,2,2,1,2,2.9124496265415214,0
2,1,0,1,0,0,2,0,-3.3654729836015584,2
2,0,2,2,0,1,0,0,-1.189481031713045,0
1,2,0,0,2,0,1,2,-2.1754426118524686,0
0,0,0,1,1,2,1,2,5.476145864532884,2
1,1,0,2,1,1,0,2,-0.2771955751317412,0
0,1,1,2,2,1,2,0,5.316678670048061,0
1,2,2,0,2,2,0,0,0.43770749367990036,2
2,2,0,2,2,0,0,1,-2.42740095144482,0
1,0,2,0,1,2,1,2,1.3373194860147268,2
2,1,0,1,2,2,0,1,2.8327906162664247,1
0,1,0,2,0,0,2,0,1.5951707852890287,2
1,2,1,2,1,0,2,1,-3.1653549052458723,0
1,1,0,0,2,1,0,0,4.490194773015518,2
2,1,1,2,1,2,2,2,0.006811334985480588,2
0,2,0,0,0,1,1,1,-3.059390945226026,0
2,0,1,0,0,0,1,0,-1.9848116306198595,2
2,1,0,2,0,1,2,0,-0.5962932955224117,1
0,2,0,0,1,0,1,1,-3.085979599435394,2
0,2,0,2,1,1,2,1,0.5136167389806238,1
2,2,1,2,0,1,1,0,-2.068887579415125,0
0,1,0,1,0,0,0,0,-0.6835258013282086,2
0,1,1,0,2,0,1,2,-0.1684701206404321,2
2,2,0,2,1,2,0,0,0.5249457071598604,0
0,1,1,2,1,2,2,0,5.277317466084083,1
2,2,1,2,2,2,0,0,1.5544082553800118,0
2,1,1,0,1,2,2,0,0.41614309974315766,2
0,2,0,1,1,2,1,1,1.6900307269779908,0
2,0,0,1,0,0,0,1,0.16673437958057713,0
2,2,0,0,0,0,2,2,-7.807862845518968,2
0,2,0,2,2,2,2,1,4.681153923419234,2
0,1,2,0,0,0,0,1,-4.069504217859882,2
2,2,1,1,2,0,2,0,-1.5337770511994364,2
0,1,2,2,2,2,2,2,1.52968441942187,2
2,2,0,2,0,1,2,2,-3.650070741981029,2
2,0,2,1,1,2,2,0,2.2680999904347536,0
1,2,0,0,0,0,1,0,-3.867735586207978,2
0,1,2,1,1,0,0,2,-2.6025948148105527,0
1,2,2,1,2,0,2,2,-5.5829198621839895,2
1,1,2,2,2,1,1,1,-0.5781220807594687,1
2,2,2,1,1,2,2,1,-1.8572553105717413,2
1,1,1,2,2,0,0,1,2.190356215414174,1
0,0,2,2,0,0,1,0,1.197429240051919,0
0,0,0,2,0,2,1,2,3.749196545862019,0
2,2,1,0,1,2,0,1,-3.030077910751703,2
2,2,1,1,1,1,0,0,-3.6488928688363447,2
0,1,0,2,1,1,1,2,2.452848564784241,0
0,2,2,2,1,0,0,1,-2.7333636471546052,2
0,0,1,0,2,2,1,0,7.360559318174716,2
2,0,2,1,2,2,1,0,3.17964976661405,1
2,2,0,0,2,1,1,2,-4.200283337064137,0
1,1,1,0,2,2,2,0,4.8002496638419405,2
0,1,2,2,2,1,1,2,0.21158142432288896,2
2,2,1,2,2,0,1,1,-4.408896486583697,2
1,1,2,0,1,1,1,1,-2.085284967993242,2
2,0,2,0,2,2,1,2,0.9213501415006089,0
2,0,2,2,0,1,2,0,0.5873698327022723,1
0,2,2,1,2,2,1,0,2.482643347730861,2
2,1,0,0,2,1,1,0,0.3610514322851952,0
1,0,1,2,0,1,0,1,-0.24370173625761926,0
2,0,0,1,1,1,1,1,2.915497950374724,1
1,0,1,1,2,2,0,1,5.810330182550212,1
0,1,1,2,1,1,0,1,1.2669115180467043,0
1,1,0,0,2,0,2,1,1.0855670109883595,2
0,0,2,0,1,2,2,2,3.2599918173461404,2
0,0,2,2,0,1,1,2,-2.6795510084653325,2
1,0,0,1,0,0,1,2,-0.6240955332921025,0
2,0,1,0,0,0,2,0,-2.482177806428191,2
1,1,1,1,0,0,0,0,-3.7807972204909897,2
1,0,0,0,2,1,1,0,5.9243954251655575,2
2,2,2,1,2,0,2,0,-2.8605582356749593,2
0,1,0,0,0,0,2,1,-2.3786615239428075,2
1,2,1,1,1,1,0,1,-1.9807631325319086,2
1,1,0,1,2,2,1,1,5.49755202636051,2
1,0,2,0,1,2,2,1,0.7968606164501743,0
1,0,1,1,0,1,0,2,-1.3697038144738267,2
2,2,0,2,1,0,0,2,-6.11975684427963,2
0,1,2,0,0,2,0,1,-1.182876183440536,2
1,2,1,1,0,1,2,1,-3.230649950555685,2
1,2,0,2,2,2,2,1,4.0957998120878045,2
1,0,0,1,1,2,0,1,4.65421563086543,2
0,1,1,0,1,1,1,2,0.7432198497336591,2
2,1,1,2,2,1,0,0,2.710733395371975,2
1,1,1,1,2,2,1,0,5.806113202877162,1
2,1,0,0,2,2,0,1,1.9008023270383794,0
1,2,2,0,0,1,2,1,-8.078294638939761,2
1,1,2,1,2,2,1,1,1.5837974165106545,2
1,2,1,2,2,0,1,0,-0.23853432149527065,2
2,2,0,0,1,2,2,1,-0.43552297278835655,1
2,0,1,0,2,2,2,1,2.671561170934451,2
2,2,1,1,1,1,2,1,-2.192824738090827,2
1,1,0,0,2,1,0,1,2.7762619526057417,1
0,1,2,0,2,0,0,1,-1.312619792364059,2
0,0,1,0,2,1,2,2,3.8413648370157265,1
0,0,1,2,1,0,2,0,2.8904808117281164,1
1,0,0,0,2,2,0,0,8.095023543088509,0
0,0,0,2,1,1,0,2,3.316417747837929,2
1,1,0,2,0,2,1,0,4.840866170379891,0
1,1,0,1,2,1,1,1,2.7801799842256334,2
2,2,0,0,0,0,1,2,-5.949025948753821,2
1,2,1,0,1,0,1,1,-3.3229143694571643,2
2,1,0,0,0,2,0,0,-1.6523518454839252,2
2,0,1,2,2,1,0,2,2.9345858532210913,0
2,2,1,2,1,2,1,2,-0.4712790753942109,2
0,2,0,2,2,1,2,2,1.4967938453638396,0
1,2,1,1,0,0,1,0,-4.929710880734418,2
1,0,0,0,0,2,1,2,2.799854307235414,1
0,1,2,0,2,1,0,1,1.5440011347961036,2
2,2,1,2,2,2,0,2,-0.7502978471755859,2
1,1,0,0,2,1,1,1,1.216554788650486,0
1,2,0,0,0,0,0,1,-4.622841875184952,2
0,0,0,1,0,2,2,1,2.8313564593948612,2
2,2,0,0,2,2,0,1,0.35315446709200937,2
0,1,2,1,2,2,2,0,4.559474576608313,2
1,2,2,0,0,0,0,1,-9.633616953984625,2
0,0,1,0,0,1,1,2,-1.0430947019432186,0
0,2,2,1,1,1,0,0,-0.06342407625620827,2
2,0,2,2,1,2,1,0,2.217796502979595,2
0,1,1,2,0,1,2,0,0.55494476919139,0
0,1,1,1,1,0,1,2,-2.007645980379849,2
1,1,1,1,0,0,1,0,-4.588474555116781,2
2,2,1,1,1,1,0,2,-5.4483237609513,2
2,1,2,1,1,0,1,1,-7.916138419576033,2
1,2,1,0,0,2,2,1,-1.3695238893026083,2
2,2,0,1,1,2,0,1,0.6581737358672619,1
1,2,0,2,1,0,0,1,-3.274464190942714,2
2,2,0,0,0,0,0,1,-6.354928350204812,2
0,2,0,0,2,2,1,0,5.58626976348657,2
2,1,1,0,0,0,1,1,-6.60501488584287,0
2,2,0,1,0,2,0,2,-3.547284406642542,2
2,0,2,0,2,1,0,2,-0.89214591099504,0
2,2,2,2,1,1,2,1,-5.7818271564345345,1
0,1,2,1,2,2,1,0,2.539950598611151,2
0,1,2,1,2,1,0,2,0.9509964123666653,0
2,1,0,2,2,0,2,0,0.6388850626638123,2
0,1,1,0,2,0,2,1,-0.441982330434063,2
0,0,0,1,2,1,1,0,7.824239501835226,1
2,2,2,2,1,1,0,0,-1.6671473287811382,2
2,0,1,0,0,1,2,0,0.5263270141620586,2
0,2,2,1,2,2,0,2,0.2907403440413801,1
0,1,2,0,0,2,1,2,-1.3222460763405754,0
0,0,1,2,1,2,1,2,3.4827448897824222,1
1,2,0,2,0,0,2,1,-2.5338850912448496,2
0,2,0,1,0,2,1,0,1.3640162396321576,2
2,0,0,1,2,1,1,0,4.409969156250163,0
0,1,1,1,1,1,0,1,2.5148946025072663,2
0,1,1,2,1,2,0,2,2.6161724433254023,2
0,2,2,1,1,1,2,1,-0.9317690284850755,2
2,1,2,1,0,2,0,0,-2.3131243775688466,2
2,2,2,0,1,1,1,1,-6.01354001564523,2
1,2,0,1,1,1,0,0,-0.208388622584876,2
1,2,1,1,2,0,2,0,-0.4583819624718277,2
1,0,2,0,2,0,1,0,1.035351074805566,2
2,0,1,1,2,0,1,0,0.8235512108884174,2
1,2,0,0,1,1,0,0,0.1806807824348374,2
2,2,0,1,1,1,0,0,-1.4590705393851948,2
1,2,1,0,2,1,2,2,-3.837302270927715,2
2,0,0,1,0,0,1,0,-1.4498945508992662,2
1,0,0,2,2,1,0,2,3.2759903201212417,2
1,0,0,2,2,1,2,1,3.746348793114559,0
2,1,2,2,0,2,0,0,-0.6813730417430774,0
1,0,0,2,2,2,2,2,5.561685256484234,1
0,1,0,2,2,0,1,1,3.0117129646164336,2
0,0,1,1,0,0,2,1,0.17584261652735977,2
2,0,2,0,1,2,2,0,-0.19277045224339817,2
2,1,2,2,0,1,2,1,-2.859747671619398,2
1,0,2,2,2,2,0,1,3.557150512514776,2
2,0,0,2,2,1,2,0,4.89273296021039,2
0,1,0,2,2,2,2,2,4.270021572951019,2
2,1,1,2,0,0,1,0,-3.732642515243692,2
1,1,1,2,1,1,0,0,1.8785748819744317,2
1,0,0,1,1,1,1,1,2.202594871433719,2
2,0,2,0,2,1,2,0,2.6632623411899625,2
0,1,2,0,1,0,0,2,-3.3779597184277024,0
1,2,2,0,2,1,2,1,-3.581776643331657,2
2,1,0,1,2,1,0,2,-1.0975524873962468,2
1,0,2,2,0,0,0,0,-1.9277516594892536,2
2,2,1,0,1,1,2,0,-3.7172530195321003,2
0,0,0,0,2,2,0,0,9.686730726404948,2
1,2,2,0,2,1,1,2,-3.035053111197089,2
1,2,1,0,2,1,1,2,-0.9831609912714989,2
2,0,0,2,2,0,2,2,0.19255372579131794,2
1,0,2,1,2,0,1,0,1.654810477575761,1
0,1,1,0,2,2,0,2,2.864057778074438,2
2,2,2,2,0,0,0,1,-9.016004708271385,2
2,0,2,1,2,1,0,2,-2.2525837262229587,2
2,0,0,2,2,2,0,0,6.52378616428013,2
0,0,0,2,1,2,0,2,5.650764244867611,2
1,0,1,2,1,2,0,2,0.8103132338909778,0
2,2,1,2,1,1,1,2,-6.448376765394025,0
2,1,2,2,2,1,2,0,1.7684932864814191,2
1,1,2,2,0,0,2,0,-4.62253066406975,2
2,0,0,2,1,2,0,2,3.244749630267388,2
2,0,2,1,0,1,2,0,-0.5751214979240535,1
1,1,1,0,2,2,0,1,1.6596265544826534,2
2,1,0,0,2,1,1,0,3.711776621811214,2
0,2,0,0,2,2,2,1,4.702303497926089,0
2,1,1,1,1,0,0,1,-5.1859723650634715,0
1,1,1,0,0,0,1,0,-2.6862995409813046,2
0,0,2,2,0,2,1,0,3.6100806158317558,2
0,1,1,0,0,0,1,2,-3.937389288894976,2
0,0,0,2,1,1,2,2,4.6864659509500655,2
0,2,2,1,0,2,0,1,-1.129029703342602,0
0,2,0,2,0,2,0,1,0.33038313143652553,0
2,1,0,2,0,1,0,1,-1.7883040270033232,2
1,2,1,1,1,1,0,0,-2.0026424420500764,0
2,1,1,1,2,1,2,0,1.6722885823140576,0
1,2,2,2,1,2,2,2,-2.1021394748000826,2
2,2,1,2,0,0,2,0,-4.276285252844771,0
2,0,1,0,2,1,1,2,0.420109729567025,2
2,2,2,1,0,2,1,0,-4.720774537124236,2
0,2,0,2,1,2,1,0,4.783915364314341,2
1,2,0,1,2,2,2,0,4.620454076435006,2
1,0,1,2,2,0,1,0,4.244207253501,2
0,2,2,2,1,2,2,0,3.1112438812862577,2
1,1,1,0,0,0,2,2,-5.148245303597454,2
0,1,2,2,1,0,0,0,0.8572597614018305,2
1,1,2,2,2,0,0,0,0.7483125256500515,2
2,1,1,1,2,2,0,1,3.414530232334699,0
1,2,1,2,0,1,0,2,-4.1138714253601085,2
2,0,2,0,1,0,2,0,-2.561197892765651,0
0,1,0,2,1,0,1,0,2.7935241597499343,0
1,2,1,0,2,1,2,0,-0.26621020449608657,2
1,0,0,2,2,1,0,0,6.066062167084518,1
2,0,0,0,1,1,2,1,2.170128909934151,2
2,1,0,0,1,1,0,0,3.0511854197801496,2
0,1,1,1,2,1,2,2,1.9264946971427812,2
1,1,0,0,0,2,2,2,0.09948245145501466,2
0,0,1,1,0,2,1,0,5.8176952528658825,1
1,2,2,2,2,1,2,2,-2.1626470762589505,2
2,2,1,1,1,1,0,0,-2.8352462596861145,0
0,2,0,2,1,0,0,2,-2.17748703809051,2
0,0,2,0,0,2,0,1,2.886305093586626,2
2,0,2,1,2,1,1,1,-1.3377343422950914,2
0,2,1,0,2,0,2,1,0.08741082175858894,2
2,0,1,0,1,2,2,2,1.8548594329799077,0
2,1,2,2,0,2,1,2,-4.305890859693611,2
2,0,1,0,1,0,2,1,-4.433756607658012,2
0,2,1,1,1,0,0,2,-3.119282636388954,2
0,2,1,1,0,1,2,2,-3.935686143691485,2
2,0,0,0,1,2,0,1,2.951877420201854,2
0,2,1,2,1,2,1,2,-0.20845035313950155,2
2,1,1,2,0,1,1,1,-2.495913613519762,2
1,0,2,2,0,0,1,0,-2.398696155534674,2
0,2,2,0,0,0,2,1,-7.282993489397496,2
1,1,0,2,2,0,0,1,0.9350453310410209,1
2,2,2,0,1,0,2,2,-11.017804768937935,2
0,1,1,0,2,1,2,1,2.556876978450125,2
1,1,2,1,1,2,2,0,1.6886055105037905,2
2,2,0,2,0,1,2,1,-3.465850914505438,2
2,0,0,1,1,1,1,0,4.3291552827001745,1
1,0,0,1,2,1,1,0,5.248676067636163,2
0,2,0,0,1,1,2,1,-1.8456160333106346,2
0,1,2,1,0,2,1,2,-1.3766316340507345,2
2,2,2,2,1,0,2,1,-7.394218528198701,0
2,2,0,0,0,1,2,0,-4.107013390418477,2
2,2,2,0,0,2,0,1,-5.048625453697718,2
1,2,1,1,2,1,2,0,0.9843306274453074,0
1,0,0,2,2,2,2,2,5.151158514354186,2
2,1,1,2,2,2,1,0,4.615157203131954,0
1,2,0,2,2,1,2,2,-1.363592855592353,0
0,0,1,1,1,0,1,0,3.700529909712004,2
2,2,1,1,1,2,0,2,-2.8223512161478177,0
0,0,1,2,0,1,0,1,2.584117786331308,2
2,0,0,1,1,1,0,1,2.2327908129498453,2
0,0,1,0,2,1,2,1,4.64708180763218,2
2,0,1,1,1,0,2,1,-2.3638510824095302,2
0,2,2,2,0,0,0,0,-3.382996354153798,2
2,1,1,1,0,1,2,0,-2.229712396597812,2
2,0,2,1,0,0,1,2,-5.470403509185445,2
1,0,2,1,1,0,2,0,0.42883497002509596,2
0,2,1,1,0,2,2,1,-0.7406608007743543,2
1,2,2,1,1,2,2,0,-0.8872218099118091,2
2,1,1,1,1,1,2,2,-3.7567554556792637,0
2,2,1,1,2,2,2,1,-0.5696206468513527,0
0,1,2,1,2,1,1,2,-0.5076863964252646,2
1,1,0,0,0,0,1,2,-4.988859964933864,0
0,0,1,1,0,0,1,1,0.5418627793127155,2
0,1,2,2,0,1,1,0,1.1172677816470256,0
0,0,1,2,1,2,0,2,4.762628214218252,2
2,0,1,1,2,2,0,2,3.006879445178039,0
0,1,0,1,1,1,1,0,4.970245820117319,1
0,0,0,2,2,2,0,2,8.77484656032008,2
2,1,1,1,0,2,0,1,-0.3806625730077857,2
1,0,0,1,0,0,0,1,-0.9220621557844091,2
2,0,2,1,1,1,2,0,0.4449456338556058,2
2,1,0,2,0,2,1,1,0.9618366485587406,2
0,2,2,2,0,0,1,0,-3.091773385579133,2
2,0,2,1,0,2,1,0,0.4291082675573616,0
1,1,1,1,0,0,2,0,-2.4565571111163704,2
2,1,1,2,0,0,0,1,-6.684861662740319,2
2,1,2,2,1,1,0,0,-0.29747177134399816,1
2,2,1,2,1,2,2,1,-1.2681169005692128,2
2,0,0,0,2,0,0,2,-0.8057074144398302,2
2,1,0,0,0,1,2,0,-3.322384223086569,0
2,2,2,0,1,1,2,1,-5.320062763018832,2
1,0,1,2,1,1,2,1,3.330765422722912,2
0,2,1,1,1,0,0,1,-3.2559489543924234,0
0,0,1,0,2,2,1,0,6.907187213086753,2
2,2,0,2,0,1,0,2,-4.763944194054313,2
0,2,1,0,1,0,1,0,-1.356548385167255,0
2,0,1,1,0,2,1,0,0.15460153495219786,2
1,1,1,1,2,2,2,1,2.781821927674097,2
0,0,2,1,2,1,0,1,4.619716181746077,2
0,1,0,0,0,0,1,2,-1.9366020252142127,1
2,1,2,0,0,2,1,1,-3.294653437359423,0
2,0,0,2,2,1,0,0,4.607430362398377,1
0,2,0,2,1,1,0,1,-0.438255872351359,2
0,0,0,1,2,1,2,1,6.286208242184478,1
1,0,0,2,2,1,0,1,4.5212559542032595,2
1,2,1,1,2,1,1,2,-0.404113178052385,1
2,1,0,1,0,0,1,0,-2.0868000132931375,2
2,0,2,0,1,1,0,1,-1.998361193339342,2
2,2,0,0,2,2,2,1,1.4046735270301975,2
2,0,0,2,0,0,0,2,-2.9884514762559635,2
2,2,2,0,1,0,1,2,-9.039616578131914,0
1,1,0,2,1,0,0,1,-2.6495483865106015,2
1,1,1,1,1,0,0,0,-1.1508511268648642,2
0,1,2,0,2,2,2,1,0.3675730530832664,1
1,1,0,1,2,2,2,0,7.116145749749089,2
2,2,0,2,0,0,1,0,-5.6130754602025075,2
2,1,1,2,1,1,2,0,0.134967716389578,1
0,2,0,0,0,2,0,0,1.8806721415812484,2
0,2,0,1,1,0,2,1,-0.6223290154692904,0
1,2,0,0,1,0,1,2,-4.795796887593191,2
2,0,2,0,1,2,0,0,1.8395806469084892,2
0,2,2,2,1,0,0,0,-3.0880930111263982,0
1,0,1,0,0,0,2,0,-0.19274422698330507,1
0,0,0,2,1,2,2,0,8.539468457126107,1
2,0,1,1,2,2,2,0,5.563290607245478,0
1,0,2,0,1,2,2,1,1.796828231378578,2
2,0,0,1,2,0,1,2,-2.001843347510345,0
2,1,0,0,2,2,1,0,4.4137250579836,2
0,1,0,1,2,1,1,1,2.7805950823453456,0
1,2,2,0,0,1,2,1,-3.8872061845752475,2
1,2,2,0,1,2,2,0,-1.9210559062710038,0
1,1,0,0,1,2,2,2,0.977432448675849,2
2,2,1,0,1,0,1,1,-5.466993160252063,2
2,0,1,2,2,2,2,0,5.7533101551273464,0
1,0,1,0,1,0,2,2,-2.988059229531068,0
2,1,0,2,2,1,1,1,2.419257438214708,2
1,0,2,0,2,0,2,2,-1.1524431564964246,2
2,0,1,1,0,0,2,1,-4.098281978819969,2
0,0,2,2,2,0,2,1,1.6011850713767992,2
2,0,1,2,1,0,0,2,-4.148300206583,2
1,1,2,1,1,0,0,1,-3.0577101503075395,2
0,1,2,1,0,2,1,0,1.3028375307091498,2
1,2,0,2,2,2,1,1,3.697718294424209,2
1,0,2,1,0,1,2,2,-3.5642573734889007,2
2,1,1,0,1,1,0,2,-4.533887349820214,2
2,1,0,0,1,1,0,1,-1.7762228241566118,2
2,0,1,2,0,1,0,2,-1.5667081421890061,2
1,0,0,0,1,0,2,0,3.3714812073617004,0
2,1,0,2,1,0,0,2,-4.3181179523272055,2
2,2,2,2,2,2,1,1,-1.8124303172299256,2
0,1,0,2,1,1,2,1,2.7194666757726806,2
2,0,2,1,1,0,1,2,-5.842907871717273,2
0,2,0,0,0,2,2,1,1.3085597470368295,0
0,0,0,2,0,1,2,2,2.180346945416848,2
2,0,1,0,1,2,0,2,-0.035364721894260265,0
1,1,0,1,2,0,0,1,0.6629892556710282,0
1,2,1,1,1,0,1,1,-4.086779707382478,2
0,0,2,0,1,1,2,1,1.2769725340041755,0
0,1,2,2,2,0,0,0,1.9488784035868016,2
2,0,1,0,2,2,2,1,2.8810036171258533,0
0,0,1,0,1,2,0,0,7.861146095569439,2
0,1,2,1,1,0,1,0,1.265704045560617,2
2,1,2,0,2,0,1,1,-4.476804319956695,0
0,2,2,1,0,2,1,2,-3.156214088315605,2
1,2,0,1,2,0,1,2,-2.710327263365507,0
0,0,0,0,1,2,1,0,6.85876856933543,2
2,1,2,2,1,0,0,1,-4.91519866816324,2
0,0,2,1,0,1,2,2,-1.0696586003262492,2
1,0,0,0,1,1,2,2,0.2877323914248161,1
2,1,0,2,1,2,0,2,0.269443892690281,1
0,0,0,1,1,2,2,1,7.692685457451207,1
1,2,0,0,0,1,0,2,-4.3329827126991445,2
0,0,0,1,2,0,1,0,5.961346342162237,2
2,2,1,1,2,0,0,1,-3.4713760333408223,2
0,0,0,0,0,2,1,0,6.166877935088081,2
0,0,0,0,2,2,1,1,7.577757790699,1
2,0,1,1,2,0,1,0,1.5859149526960326,1
0,0,2,0,2,2,2,0,5.110539389183127,2
1,2,1,0,1,2,1,2,-3.2608751750567215,2
2,1,2,1,2,0,0,2,-2.7737831091912506,2
2,0,1,0,2,0,2,0,1.614267306527251,1
0,1,2,1,2,1,2,0,4.664004176276649,2
0,1,0,0,1,0,1,1,-0.4655039670576806,2
1,0,0,1,0,0,0,0,-0.57393299124662,0
0,1,1,0,1,2,1,1,2.6587985381141137,2
0,1,2,0,1,1,1,1,-1.5231961041849158,2
2,0,1,0,2,1,0,2,-0.194638414623803,2
2,1,1,1,0,0,0,0,-3.648352414215645,2
2,1,1,1,0,1,1,1,-3.78498894906215,2
1,1,1,1,2,0,2,2,-3.0858173260454254,2
1,0,1,1,0,0,2,2,-2.7541577985944685,0
2,2,2,0,0,0,2,2,-9.112308663882452,2
2,2,2,1,2,0,2,1,-5.341486642653739,2
1,2,2,1,1,1,2,2,-6.676821716822239,2
1,1,1,0,2,1,1,2,0.5303349949631275,2
0,2,2,0,0,0,2,0,-3.8975152290758515,0
2,2,0,0,0,1,0,2,-5.789041129096598,2
2,2,2,1,2,1,0,2,-5.824403899818082,2
1,1,1,1,1,2,2,1,1.5685042725952203,0
2,1,0,0,1,0,1,2,-4.362415591990958,2
2,1,0,0,1,0,1,0,-1.8668652631183487,2
0,0,0,0,0,2,2,1,5.125006896706705,2
1,0,0,2,2,0,1,2,1.2780105434789644,2
1,2,2,0,0,2,1,0,-2.128416646855435,2
1,0,2,1,1,1,1,1,-0.6490035209340448,1
1,0,1,2,1,2,2,2,4.172893868881171,2
1,2,2,1,0,0,1,2,-8.009860097086003,2
2,0,1,0,1,1,2,2,-0.9151761854766975,0
2,0,2,0,2,0,0,0,-0.9075908997798667,2
1,0,0,1,0,2,0,0,4.349283976943419,2
0,0,2,2,2,2,2,1,4.527626941887387,1
0,0,1,0,0,2,0,0,4.369917345082818,1
2,0,1,1,1,2,1,0,2.706541220116863,2
1,0,0,2,2,2,2,2,6.738163560584032,2
0,2,2,1,2,1,1,2,-2.409044301067071,2
2,2,2,0,0,2,2,0,-4.32735452281468,2
1,2,0,2,2,2,1,0,3.75352729935222,2
2,2,0,2,1,1,2,1,0.40549839180234115,0
0,2,2,2,1,0,2,1,-6.343378591379073,2
1,1,1,0,1,2,2,2,-0.2023362977745618,1
2,1,0,2,2,2,2,2,1.513295246624319,1
0,0,2,0,0,0,0,2,-3.128137828787457,2
0,1,0,1,1,2,2,2,4.1220567294747426,2
1,2,2,2,0,0,2,2,-8.533050286538963,2
1,2,2,2,1,2,1,0,-0.27483500974607955,2
0,0,0,2,2,2,1,1,7.70700486437223,2
0,0,1,0,1,0,1,0,2.5415883157262655,2
2,1,2,2,2,1,1,1,-1.0616450466599359,0
2,2,0,1,0,1,0,1,-5.287582465301305,2
2,1,0,2,2,1,0,1,2.329600540137961,0
2,0,1,2,2,1,0,1,1.380316241710644,0
0,2,0,0,0,2,0,0,1.4087253299811495,0
0,1,0,2,0,0,0,1,0.02672213739086504,2
2,2,2,1,0,2,1,0,-5.528431634751996,2
1,1,0,2,1,2,0,1,3.230956417189258,0
0,0,1,0,2,2,0,2,5.005726118546298,0
0,2,1,1,0,1,0,0,-1.2184548674391618,2
0,1,2,1,2,0,2,2,-0.5684060046624464,1
0,0,0,1,0,1,0,2,0.9005266705162596,1
0,1,0,2,0,2,2,1,3.1018378354894978,1
2,2,0,0,1,0,0,1,-5.996352735401056,0
0,2,1,2,2,0,2,2,-1.200228095918546,2
2,0,1,2,2,1,1,2,1.3193628082264373,2
0,2,1,0,2,1,0,0,3.148312155357475,0
2,0,1,2,1,2,2,0,4.4679956392324005,2
2,1,2,1,0,0,1,1,-5.9098701571809915,2
0,2,2,0,1,0,2,2,-5.7832713286031705,2
1,1,2,1,2,2,0,2,0.8639401942000883,2
0,0,2,1,1,2,0,0,4.8881926261605555,2
2,0,1,2,0,0,0,2,-3.1204467238481346,2
0,0,1,0,1,2,1,1,3.438735166876812,0
2,1,0,1,2,0,2,1,0.9360332971927094,2
0,2,0,2,2,0,1,0,3.530469075480326,0
2,0,2,1,2,1,0,1,-0.49191905749700515,0
0,2,2,2,2,0,1,1,-2.111274042079602,2
0,1,1,1,0,1,2,0,0.3429562374402642,2
2,0,2,0,0,0,1,1,-4.692827791543359,2
0,0,2,2,2,0,0,0,3.5850494024405006,0
1,1,1,2,0,0,0,2,-4.687750990077925,2
1,2,0,2,0,1,0,1,-0.5169765563592206,2
1,1,1,2,2,2,2,2,2.218478348946687,2
2,1,1,0,2,1,1,2,-1.5506363775636631,0
0,2,1,0,2,1,1,2,1.4783704828378552,2
1,2,0,1,0,2,0,2,-3.273082752513231,2
0,0,0,2,2,0,1,1,6.377317412683068,2
2,2,2,1,0,0,0,1,-8.409622667666422,2
0,1,2,2,2,1,0,0,3.956035549971899,1
1,2,0,2,0,0,0,2,-4.251813359329112,2
2,1,0,1,2,0,1,1,0.023701549115313636,1
1,2,1,2,1,2,1,1,0.2674215405323254,2
0,1,1,1,0,1,1,1,0.909741997694937,2
1,1,1,1,2,0,0,2,0.02247586119151057,2
2,2,1,0,1,2,0,0,-0.3704779409609307,2
2,0,2,2,1,1,0,0,1.2493253298272924,1
1,1,2,2,1,2,2,0,2.9244943172257942,2
0,1,2,1,0,1,1,2,-3.452452078478135,2
0,1,1,0,0,1,0,1,-1.129884641314229,2
0,1,1,1,1,1,0,0,3.2074301913047796,2
2,0,2,2,2,2,0,0,6.326368144660654,0
1,2,1,0,0,1,0,0,-3.4994253960519415,0
1,1,1,2,0,2,1,2,-1.5149773605121535,0
1,0,0,1,0,1,1,1,2.7230232417167777,2
0,2,2,1,2,2,2,1,-0.024578477617170025,0
1,2,1,2,2,0,1,1,-1.8944515904238062,2
0,0,1,2,0,2,1,1,3.9634701475646716,0
2,1,2,1,1,0,1,0,-2.578750725007829,2
1,2,0,2,1,2,1,2,-1.00102838630921,1
2,2,1,1,0,0,2,2,-9.523738807913976,2
0,0,0,0,2,2,0,0,9.415914994607894,0
1,1,2,0,2,2,1,1,2.5047066036814565,2
2,2,1,0,1,2,0,1,-2.2893129170042754,2
1,0,1,0,2,1,2,0,3.2605917917107647,2
1,2,2,0,2,1,0,0,-0.04597226455949488,2
0,0,0,1,1,1,1,2,1.1894534166060788,2
0,1,0,2,1,1,2,0,4.231104204719341,0
1,2,2,0,0,0,1,0,-6.638018180286301,2
0,1,0,2,2,1,2,1,5.253883676394729,2
2,1,2,2,1,1,1,0,-1.5009454969291403,0
0,2,1,2,2,0,0,2,-0.6911218566214732,2
1,0,2,0,0,1,2,2,-3.1978693866461403,2
2,0,1,1,1,1,2,0,0.744352566791908,2
2,0,1,1,1,2,2,0,3.3094362981924372,2
1,2,0,0,2,2,0,2,1.6282463744959856,0
0,1,1,2,0,1,1,2,0.08468623618137539,2
1,1,1,2,0,1,2,0,0.2963968973512283,0
0,0,0,2,2,0,1,0,6.848048569464659,2
1,2,2,0,2,2,1,2,-0.9677618760892773,2
0,1,1,2,1,0,0,0,1.8990937887350605,1
2,0,1,2,1,0,0,0,1.5621852677839223,2
1,1,0,1,2,1,0,2,2.0902197626096415,1
1,0,0,2,2,0,1,2,1.2676422046115756,0
1,1,2,1,2,0,0,0,-0.8257920931165746,2
0,0,2,2,2,1,1,2,2.3694218460008,0
0,1,0,1,1,2,2,2,3.2006598407858315,2
0,2,2,1,0,0,1,0,-4.683706537536773,0
1,0,0,2,0,2,0,0,5.824470407939061,2
0,2,1,2,2,2,2,2,0.657530009037361,0
1,0,2,2,2,0,1,0,2.4453871201020423,0
1,0,2,2,1,1,2,2,0.6191137896876506,1
1,0,0,1,1,1,2,0,4.528602084064038,1
2,0,1,2,1,2,1,1,3.4573508241550126,2
0,2,2,2,2,2,1,2,-0.5122124267448249,2
1,1,1,0,2,1,1,1,0.38499670436697675,2
1,2,0,0,1,2,1,1,0.1671128797869219,2
0,1,1,1,2,0,1,2,-1.827384192267697,0
2,2,2,1,0,0,2,2,-10.69669868728928,2
1,0,2,0,0,0,0,0,-1.4498254328867688,2
1,0,0,2,2,1,2,2,3.7880479734762247,2
2,1,0,2,0,2,1,1,-0.2768521804720747,0
2,1,2,1,2,1,0,0,0.2600933126794468,0
0,2,1,2,0,0,0,1,-4.264694740729979,2
2,1,0,0,2,1,1,1,1.1739063952976059,2
0,2,1,0,1,1,0,0,-0.007837348259635724,2
0,0,1,1,2,0,2,1,1.9364439915123168,1
0,2,0,1,1,0,1,0,0.08835957629513098,2
2,0,1,0,0,0,1,1,-4.6013978576217465,0
1,2,0,0,1,2,0,2,-0.4115192981001345,0
2,2,0,1,0,0,2,0,-3.9831319567121986,0
2,2,0,1,2,1,1,0,1.0521214261633718,2
0,1,2,1,1,0,0,2,-4.4483871081867505,0
1,2,0,2,1,0,1,0,-0.7728564380054109,0
2,2,2,1,1,1,2,2,-5.843078920759949,2
0,0,2,1,2,2,1,0,7.752670360365202,1
1,2,2,0,2,2,1,1,-1.408952204899069,2
2,0,2,2,2,0,1,1,-1.1574708501633217,2
0,1,1,2,2,0,2,0,2.20655356224671,2
0,1,1,0,1,2,2,0,3.7282186643300577,1
2,0,2,0,0,0,1,1,-4.8015208448653715,2
1,2,0,0,0,2,2,2,-3.532913032556967,2
2,0,2,2,0,1,2,1,-3.3314904478130503,0
0,1,2,0,2,0,1,2,-2.094284171091271,2
0,0,0,2,1,1,0,2,3.3255767834638585,2
0,2,2,1,1,0,2,2,-6.124656889247454,0
1,2,1,1,1,1,0,1,-0.4344572909097151,0
2,0,0,2,0,1,2,2,0.3058849943989326,1
1,2,2,0,1,2,2,2,-3.1169417778594233,0
1,2,0,0,1,0,2,2,-5.022230431355978,2
1,1,2,2,2,1,1,1,1.5298606286656637,2
1,0,2,0,1,0,0,0,0.2597789583699105,2
0,2,0,2,2,0,1,2,-1.4444023029022919,0
0,2,2,0,1,2,0,1,-2.4337184102806813,2
1,1,2,1,1,1,0,0,0.38593782110587577,1
2,2,1,0,2,1,0,2,-4.856101403571978,2
0,0,2,2,1,0,2,0,1.2685906348364793,1
2,0,0,0,1,0,1,1,-0.032577351026813584,2
0,0,0,1,2,2,1,2,5.749550277224998,2
2,0,0,2,0,0,1,2,-3.5597901985419735,2
2,0,1,0,2,1,1,0,2.3607283520948648,0
0,1,2,1,1,2,2,2,-0.1387108578304901,0
2,1,2,1,0,0,0,0,-6.767697698726045,2
0,0,0,1,1,0,2,1,1.1018996419104776,2
0,2,0,1,0,1,1,1,-1.916850676794596,1
0,0,2,2,1,1,0,1,3.149902046237358,2
2,2,2,0,1,0,1,1,-7.114520480086786,2
2,0,0,0,0,2,2,2,0.47897405727682396,0
2,1,1,2,1,2,2,2,-0.897977677232464,0
0,0,0,0,2,0,1,2,1.7328232051280712,2
1,1,0,0,2,1,0,2,2.547346676579709,2
2,2,2,0,2,2,0,1,-1.83546039783853,2
0,0,2,1,0,0,1,1,-1.0197135238566766,0
2,2,2,0,2,2,0,2,-3.3504874342609523,2
2,2,0,0,2,0,2,2,-4.164470436008081,2
2,0,1,0,1,0,2,0,-2.0553756330335444,2
0,1,0,1,1,2,1,1,4.20717158833106,0
0,0,1,1,2,1,2,0,6.6047294103396075,2
2,0,1,1,1,2,1,0,3.7023587955232906,0
0,2,2,2,0,0,1,1,-6.7773955366572425,0
1,2,2,2,1,2,0,1,-1.0787353889350477,0
2,1,0,2,0,2,1,0,1.8744324168291846,1
0,2,1,0,0,1,0,0,-1.068243230702827,0
2,2,1,0,2,1,1,2,-3.109592814901301,2
0,1,0,2,1,1,1,0,4.39491701419936,0
0,2,0,0,2,2,1,0,5.266847302884032,0
2,1,1,2,0,2,2,2,-2.536828323626875,2
1,0,0,1,0,1,0,2,-0.7560147177003915,2
0,0,1,2,1,2,2,0,6.110822525968292,2
2,2,0,1,2,1,1,2,-2.21428717825916,2
2,2,0,2,1,2,1,2,-0.7693375396880627,2
2,1,2,0,2,0,1,1,-3.623080604053763,0
2,1,1,1,0,2,1,1,-2.710478410478002,2
2,0,0,0,0,2,0,1,3.1664915917415457,2
1,1,1,2,1,1,0,2,-2.2272896110948075,0
0,2,2,2,1,0,2,1,-3.0388559898348135,2
0,1,0,0,1,0,1,1,1.1496435547656314,0
0,0,1,2,0,2,1,0,4.750279489562672,1
0,1,0,1,0,1,0,2,-0.605373492667593,0
1,0,2,1,0,2,1,2,0.005395932901400835,0
1,2,2,1,2,0,0,2,-6.769789279910092,2
1,1,2,2,2,0,0,0,0.6243173696979346,0
1,0,2,1,1,0,2,1,-1.8733325823346012,2
0,2,0,1,1,1,0,0,2.369278723014176,2
0,0,0,0,2,1,2,1,5.031432393791086,2
2,0,2,0,1,0,1,0,-1.746105245836294,0
0,0,1,0,0,1,1,0,1.6869735535586146,0
1,2,0,0,2,1,0,1,-0.23036821318560674,2
0,1,2,2,0,2,0,0,3.9602874419997067,0
1,1,0,1,0,2,0,0,3.265685667983541,2
1,1,2,2,1,2,2,0,0.3898397579310793,1
2,0,0,2,1,2,2,0,4.937810274830472,2
0,1,1,0,2,0,2,1,0.37905749070969064,0
2,1,1,1,1,2,2,2,-2.105235346423496,0
1,2,1,0,2,2,2,0,3.131692807295146,2
1,1,1,0,1,0,2,1,-1.8271779847614513,0
1,2,1,1,0,1,1,1,-2.812166041882683,2
2,0,1,2,0,0,0,2,-4.192994399927298,2
1,0,1,0,0,0,0,2,-3.2137002791421097,2
0,2,0,1,0,0,1,2,-3.7270619568331917,2
1,2,0,0,2,0,0,0,-1.1018377518521214,0
0,0,1,0,2,0,0,1,3.956748884808686,2
2,1,1,1,0,2,0,0,-0.6460248134253906,1
0,2,0,2,2,1,0,1,3.4566121505435934,2
2,2,0,0,0,0,0,0,-4.923117367678239,2
0,0,1,2,0,2,2,2,0.9473570283458781,2
2,0,1,1,0,2,2,0,1.9466331089800477,0
1,2,2,0,2,2,1,0,1.038143053521896,0
0,0,2,0,1,0,0,0,0.574450872970999,2
1,2,2,2,2,0,0,2,-2.280933926051259,0
2,1,0,2,0,2,0,0,3.386439154734348,2
0,0,0,2,2,0,1,1,5.3717153189157925,0
1,2,0,0,2,1,2,0,1.5354626141846617,2
2,2,1,2,1,2,2,0,2.0660722437541588,0
0,0,1,2,1,1,2,0,6.587553679244197,2
2,2,1,2,2,2,0,1,-0.9196774866800144,2
2,1,2,2,0,2,2,1,-2.592705553052567,0
1,0,2,2,2,0,2,0,3.021145736705903,1
2,1,0,2,1,0,1,1,-2.2350066548929766,2
0,2,2,0,1,0,0,2,-5.119975050123443,2
1,0,2,1,0,2,2,1,1.113698711084746,0
0,2,1,0,0,2,0,1,0.5006397488063947,2
0,2,2,0,0,0,2,1,-6.7312331138595365,2
2,0,0,1,2,0,0,2,-0.7946518523300737,2
2,0,0,2,0,2,1,1,0.9302768020412198,1
1,0,1,1,1,2,1,0,4.992174018780781,1
0,1,2,1,2,1,1,0,3.4338218193731787,2
2,0,2,2,0,0,1,0,-1.1735608039088083,0
1,2,0,1,0,2,1,1,-0.7308508797241806,2
1,0,1,2,1,2,1,1,3.318114383947282,0
0,1,1,1,2,1,0,2,1.1012058808485201,0
1,0,2,2,0,2,0,2,-1.3389670698318183,0
0,1,2,1,2,0,0,0,2.006616434841021,2
0,0,0,0,2,1,0,1,7.2321456510872375,2
1,1,1,2,1,1,2,0,1.2791059432581493,0
2,0,2,1,1,2,0,0,1.388611379615665,2
0,1,1,2,0,0,2,0,-1.9202049817236808,2
2,1,2,2,2,0,1,2,-2.1774032477532357,0
1,0,1,1,1,1,0,0,1.8463037635962452,2
1,1,1,2,2,0,1,2,-2.198269939900244,2
1,2,0,2,1,1,1,0,3.139380913481951,2
2,2,2,1,2,0,2,1,-6.2744415325233565,2
0,2,1,1,1,1,1,2,-2.6977153291689397,0
2,1,0,0,0,1,1,0,-1.154609400062605,2
0,1,1,1,1,0,1,1,-1.4815097827882622,0
2,0,0,2,0,2,2,2,1.1561513128777656,2
1,2,1,0,1,0,0,0,-3.198449180384489,0
0,2,0,0,0,2,0,2,-1.6985177565821532,2
0,1,2,1,2,2,2,2,1.9065219830225617,0
0,0,1,0,1,0,0,1,1.0270830706850718,0
1,0,2,1,1,0,2,1,-0.421568309884107,2
2,0,1,1,2,0,2,0,0.8963631199331537,2
1,1,1,2,1,2,1,0,3.6364916216163854,1
1,2,0,2,2,2,2,2,2.2589423933818398,1
2,2,1,2,1,2,1,2,-2.6584675358149306,2
1,0,2,2,1,0,1,1,-1.2928067155498422,2
0,2,1,2,1,1,2,1,-0.5612441418384481,2
0,1,1,2,1,2,2,0,6.372426228944352,0
0,2,2,1,2,1,0,0,0.539708113584665,2
1,1,2,2,0,2,1,0,1.1188210194319046,2
0,2,0,2,0,1,0,2,-0.6853841858571108,0
1,0,2,1,0,0,0,2,-5.012559182334434,2
0,1,1,2,0,1,1,0,1.8050533075821737,0
2,0,1,1,2,0,2,1,-0.764668575201869,2
1,1,1,0,1,0,0,0,1.678396771933807,2
0,2,1,2,1,1,0,0,0.1837672383153257,2
0,1,2,1,1,0,2,2,-3.7578141002557883,0
2,0,2,0,0,0,1,0,-4.9501565586784695,2
1,1,0,1,2,1,0,0,4.567976683318824,0
1,1,2,1,0,0,0,0,-4.225832602519116,2
0,1,0,1,1,2,0,2,3.026896014756711,2
0,1,0,1,2,2,0,0,8.072795282246949,0
2,2,0,2,2,2,1,2,-2.07546383862808,2
2,1,0,1,2,0,2,0,1.3594700668307445,0
1,1,1,2,0,0,2,1,-2.4478791268554305,2
2,2,1,1,0,0,2,2,-8.911990817705558,2
1,0,0,1,0,0,2,0,0.549006197838461,0
0,2,2,1,1,2,2,0,0.03552563874830894,1
0,2,0,2,0,2,0,0,4.199778669460092,0
1,2,2,0,2,0,1,2,-6.412214163467841,2
0,1,1,0,2,2,0,0,4.855638188596462,1
2,1,1,2,1,0,2,0,-2.5254006644693083,2
2,2,2,1,1,0,1,0,-7.27499972782085,2
0,1,1,0,2,1,1,1,1.8572831294503747,2
1,2,0,0,1,0,0,1,-2.1730333885003854,2
0,0,0,0,0,1,0,2,0.4492985633829759,1
2,1,2,1,0,1,1,1,-4.72170205473982,2
2,1,1,1,2,1,2,2,0.6420303040551427,0
1,0,0,0,0,1,0,0,1.8011048945043813,2
1,1,1,2,0,2,1,0,1.606221170646314,0
1,1,2,1,2,1,0,0,2.5298341396109127,0
2,0,0,0,0,2,2,0,3.550898049178278,2
1,1,1,1,2,1,1,2,-0.032876784519866364,2
1,2,2,2,1,0,2,2,-6.366931181589784,0
0,2,1,1,2,0,2,0,0.5118863063307356,0
2,1,0,1,1,1,0,0,0.28468120543869146,2
2,1,0,1,0,2,0,0,1.8357662342676797,0
2,0,2,2,0,1,1,1,-3.2082157893713346,0
0,1,2,0,0,1,1,2,-3.280580469628709,2
0,0,0,2,1,0,2,0,4.54265901133643,2
2,1,0,2,2,2,0,2,2.5521082272870514,1
0,0,1,1,2,1,2,0,5.611558001671226,2
1,1,2,0,2,0,0,2,-4.66265919793263,2
0,2,0,1,1,2,2,1,1.9388753295862022,0
2,2,2,0,2,1,2,2,-7.349359332987017,2
2,2,1,1,2,0,2,2,-5.188720420116724,2
2,1,0,1,0,2,1,1,-2.189239972811313,1
0,0,1,2,2,1,0,0,9.068887854295895,2
2,0,0,1,1,0,1,0,1.4719287203830067,2
0,1,1,0,1,2,1,0,3.896393959847168,0
1,0,2,2,2,1,1,0,5.374440480948293,1
1,2,2,1,2,2,0,0,0.29956264595849014,0
2,0,0,1,2,1,1,1,4.995000233162253,2
2,0,0,1,0,2,2,1,2.497888162760856,1
1,1,0,2,2,1,2,0,4.762192801535683,2
2,1,0,1,1,2,0,2,-0.5733246781199419,1
0,1,1,0,0,2,0,0,2.321564312014907,2
1,2,1,1,0,2,1,1,-2.912758928322941,2
1,0,0,1,2,1,0,1,4.598594420670274,2
1,1,1,2,1,0,1,1,-1.8726450962136147,0
0,1,2,2,1,2,2,1,0.10156061299290986,2
0,1,0,1,2,1,1,0,4.965540766369613,2
2,0,2,0,2,1,1,0,-0.5266908266713217,0
0,2,2,0,2,2,1,0,3.7641033012571903,2
1,1,1,1,1,1,0,1,0.7031909999140549,0
2,1,0,0,0,2,0,2,-4.140022078412957,2
2,2,2,1,0,0,2,1,-7.1716761652845795,0
2,2,0,1,0,2,2,0,-0.5202005986754199,1
2,0,1,0,1,0,1,1,-1.192493592105703,2
2,2,0,1,2,0,0,1,-1.904706889364423,0
0,0,2,1,1,1,1,0,2.489779957482869,0
1,2,1,2,1,1,1,2,-3.2386416273065026,0
0,2,2,1,2,1,1,0,2.5099950860336544,0
2,0,0,1,0,0,2,2,-4.1509049252114645,2
2,1,2,0,2,0,1,2,-5.7853601001586865,2
0,2,1,1,0,2,0,0,2.364391912566327,2
0,1,0,2,1,0,0,1,1.6595692274798504,1
0,0,0,1,1,2,2,2,5.415319296430755,2
2,2,2,1,2,0,2,2,-7.164097213404872,0
1,2,1,1,2,0,2,0,-1.336431307433947,2
0,0,2,1,2,2,2,2,3.7884029640182413,2
2,0,1,1,2,2,0,1,4.101792155623971,2
2,2,2,1,1,0,1,1,-7.5512664921398756,2
0,1,0,2,1,1,1,0,4.554445917692674,2
0,0,0,1,2,2,2,2,7.791732791736637,1
2,1,2,0,0,1,1,1,-5.907630687420808,2
2,1,2,2,0,1,2,0,-3.560649296768964,0
0,2,0,2,2,2,1,1,7.2053147861422016,0
1,2,1,0,2,0,1,2,-2.9970786821712148,0
1,2,2,1,0,1,0,2,-7.12653947876763,2
0,1,0,2,0,1,1,0,4.278328769020181,0
1,2,0,2,2,2,0,1,2.7841843821643386,2
0,1,2,1,1,0,1,0,0.049152156865327146,2
1,1,2,2,1,1,0,1,-1.2319112607570333,2
0,1,0,2,1,0,0,0,2.559243081899069,2
0,0,2,2,0,1,2,1,-0.7188008192859248,2
0,1,1,0,0,2,2,2,-1.1754994189457084,2
1,0,2,2,0,2,2,1,-0.005020549266130936,2
1,2,0,1,1,1,0,2,-1.094092162484127,2
0,1,2,1,2,0,2,0,2.3028521915954734,2
2,1,1,1,0,2,1,1,-0.6354255036755783,0
0,2,0,1,1,0,0,1,0.4089241196571527,0
0,1,1,2,2,0,0,0,3.792570795763041,2
2,2,0,1,1,1,2,2,-6.589771570934249,2
0,2,1,2,2,1,0,1,2.534281556593791,2
1,1,2,2,0,0,0,1,-5.61873198882586,2
1,0,0,1,1,2,2,2,4.628143608678982,2
0,0,1,0,2,0,0,1,3.189273822776238,2
0,0,1,2,1,0,2,2,0.28910302965383394,2
1,2,2,0,0,0,1,1,-7.190862025800291,2
0,0,2,2,2,2,2,1,5.717361042579182,2
1,2,0,1,2,1,0,1,0.46751604454211626,2
1,2,0,1,1,1,2,1,-1.1179964832658027,2
1,0,0,2,1,0,0,2,1.525498389296233,0
1,2,2,1,2,0,2,2,-5.203558061590229,0
0,0,2,2,2,2,0,2,5.082356328750729,0
1,1,1,1,0,2,1,1,0.10090076046004809,2
2,2,1,1,2,0,1,0,-3.1258836849212677,2
1,1,1,1,2,2,1,2,2.319618197421915,2
1,1,0,2,1,0,0,1,-0.8430425711004804,0
0,0,0,0,1,1,1,0,5.364627208519519,2
0,1,1,0,1,1,2,1,1.4210409234482273,2
0,2,1,2,1,1,2,0,1.3570750375286127,0
1,0,1,0,1,1,1,0,2.3787478447430956,1
1,0,2,1,1,2,0,2,2.079060981433298,0
0,2,0,1,1,1,2,1,-0.4117946130537451,2
1,1,1,2,0,0,0,1,-1.722955541876093,0
1,2,2,1,2,0,1,1,-2.4224516001228853,2
2,0,0,0,0,1,2,0,-0.6847718343678357,0
1,0,1,1,2,0,0,0,2.9756497239380666,0
2,2,1,2,0,2,2,1,-1.0156432283945405,1
1,0,0,1,1,0,0,2,-0.1365440127921499,2
2,2,1,2,2,2,1,1,1.3797509428009938,2
2,2,2,1,0,1,2,2,-9.213553361383896,2
1,2,0,2,0,1,1,0,-0.5842419661949003,2
2,1,0,0,1,1,1,2,-2.2978690407326887,2
2,1,2,0,1,2,1,0,-0.3777665207668865,2
1,1,2,2,1,0,0,1,-2.368724493987059,0
2,1,1,2,0,2,0,2,-3.184463993252837,2
0,1,1,1,2,0,2,0,2.8368530412726365,0
0,0,1,2,1,2,0,0,8.722390635666189,2
0,2,1,0,0,1,0,2,-4.0641660764411505,2
2,2,0,1,2,2,0,0,4.433806642803239,0
2,2,1,0,1,1,1,0,-2.54805347180952,2
2,2,2,1,0,1,1,0,-5.731160151177442,2
1,1,1,0,0,1,2,0,-1.1963579218056504,2
2,1,1,1,0,0,0,2,-7.947475438106354,2
1,2,0,2,2,2,2,0,3.6579869305345003,0
1,1,1,1,0,1,1,1,-1.6282533508500483,2
0,2,0,1,2,0,0,1,1.3792714994680195,2
1,1,0,0,1,0,1,2,-1.8833788241434553,0
1,2,1,0,1,0,1,1,-4.844304821809159,2
1,1,2,0,1,2,0,0,0.9659979680441533,2
2,1,0,2,1,0,2,1,-1.7656222040327583,0
0,2,2,0,2,1,1,2,-0.6977420114129536,0
0,1,1,1,0,2,2,1,-0.1298821654704212,2
1,0,0,1,1,1,0,1,3.0934629746796953,2
1,0,0,1,2,2,2,1,6.735123337486346,2
2,1,2,1,0,1,1,1,-4.884356996413327,2
0,2,1,2,1,0,2,1,-0.3228776874632737,1
2,2,1,2,2,1,1,2,-2.456776982002398,2
2,2,2,0,0,1,0,2,-8.51458937931476,2
0,2,2,2,0,0,0,0,-2.1009928806410896,0
0,0,0,1,2,1,1,1,7.098740652302609,0
1,0,0,1,1,0,0,1,-0.007006729527868183,2
0,1,1,2,1,1,0,2,1.452155136933732,2
0,0,0,1,2,2,2,0,9.79005408990879,0
0,2,1,1,0,2,0,0,-0.30897614059091283,0
1,2,1,0,2,0,2,0,-2.7056502589124483,0
1,2,2,0,0,1,0,2,-6.04033934431202,2
0,2,0,0,1,0,0,2,-2.585339608176922,0
1,0,0,0,1,0,2,1,-0.42925592881550023,0
2,2,0,0,1,1,0,0,-1.82105229570791,2
1,0,0,0,0,2,1,1,1.2566150396665816,2
0,1,0,0,2,1,2,0,3.4657633651732027,1
1,2,2,0,1,2,0,1,-2.2334948236701018,2
1,1,1,0,2,0,0,0,-0.3549373567857519,2
0,1,2,1,1,2,2,0,2.680878388420186,0
0,0,1,1,2,2,0,2,5.905381756861473,0
1,1,0,1,1,1,1,1,1.6180818967672541,2
2,2,0,0,0,0,2,1,-6.956040484729313,2
1,2,2,1,0,2,0,2,-3.7597926234022054,2
1,0,2,2,0,1,1,1,-1.928339306431993,2
2,0,1,0,1,1,0,0,0.8539410300922698,1
0,2,2,2,1,1,1,1,-2.457901861566862,0
0,1,0,0,1,1,1,0,4.237112722627042,2
1,0,0,1,1,2,2,1,3.7706833608098673,2
2,2,2,2,0,0,0,2,-9.406991620165243,2
0,2,0,2,0,0,0,0,0.4662933216402576,2
0,2,0,0,0,0,2,2,-5.485614824647851,2
0,1,1,0,2,0,1,0,3.5347475719988077,2
1,1,1,1,0,2,1,0,2.849706982349435,1
2,2,2,2,1,2,1,1,-3.2868139335401025,0
0,2,1,2,1,2,1,0,3.3482068565175216,2
1,0,1,2,1,1,2,1,2.883367805027289,2
1,1,2,1,1,1,0,0,-0.31012850581485996,2
1,2,2,1,1,1,1,0,-2.762780376058936,0
2,0,1,0,2,0,0,1,0.45609912881631975,2
1,0,0,0,2,1,1,0,6.167724803412918,2
1,2,2,0,0,1,0,1,-5.213956992103665,2
2,2,1,2,1,1,1,1,-4.458829090918059,2
0,2,0,2,0,2,0,0,3.5209738415664664,2
0,0,0,1,2,2,2,2,6.796428427961669,2
2,2,0,0,0,1,1,2,-6.124391578150048,2
2,0,1,2,2,0,0,1,1.202721268018247,0
1,2,1,0,2,1,2,0,0.1757291276727455,0
0,0,1,2,0,0,2,2,-1.23287252783101,2
2,2,0,1,2,2,2,2,-0.12781260233732347,2
1,0,1,1,1,0,0,0,0.14203489981369288,2
2,2,2,1,1,2,1,2,-3.16526486735795,2
0,1,2,0,1,0,2,0,-0.9395860769103255,2
0,2,0,1,1,2,0,0,2.4097804638344638,1
2,2,0,0,2,0,1,0,-1.4895271366012302,2
0,0,0,0,2,1,0,1,6.160689718004012,2
2,0,0,1,2,2,0,0,7.010052790051382,2
2,1,1,0,2,1,1,1,-0.8370754206863174,2
0,2,2,1,0,0,1,1,-7.456133921431595,2
1,2,2,2,2,2,2,1,1.5971911472550357,0
0,2,1,1,2,1,1,0,2.099458919880885,2
0,2,2,1,2,2,1,2,0.89768415835283,2
1,1,0,1,1,1,0,1,1.1888180794537409,2
1,0,2,1,2,0,2,2,-0.34582030521931595,0
2,2,1,0,0,1,0,0,-4.114318358912964,2
0,0,0,0,0,2,1,1,5.376656947975935,2
0,2,0,2,2,2,1,0,6.565697485832446,0
2,2,1,1,0,1,1,2,-6.1462272908904465,0
0,2,2,2,1,0,0,0,-3.268898704142898,0
2,2,0,0,0,1,0,1,-3.9556931851260795,0
2,1,1,2,2,1,1,2,-2.532760367401541,2
0,0,1,1,0,2,2,1,3.893114977728839,0
1,0,2,2,2,2,2,1,2.939290971805044,0
0,0,0,2,0,2,0,0,6.9325912880226745,0
1,1,2,0,2,2,2,0,1.7023136050174381,2
1,1,2,1,1,0,0,1,-4.581766549931308,2
1,0,0,0,2,0,2,2,1.5992494630263976,2
0,0,1,2,1,1,1,2,2.4816464288795723,0
0,2,0,2,1,0,0,1,-0.8274541256248864,2
0,1,2,2,0,1,1,0,0.8696882080794004,2
2,1,0,1,2,0,1,0,1.733510120674869,2
2,2,0,1,2,0,1,1,-1.7344296267417763,2
0,2,2,0,2,0,1,0,-1.0713131994985667,2
0,1,2,1,0,1,2,0,-2.5647527738932006,0
2,0,0,2,2,0,1,1,2.6240554893793147,0
2,0,0,1,2,1,2,0,5.668076179309342,1
2,1,1,2,0,0,2,1,-3.998787811350521,2
0,1,1,1,2,1,2,2,0.05817355075718256,2
0,1,0,0,1,0,0,0,0.2931981716256373,2
2,2,1,2,0,2,2,2,-5.213123100008052,2
2,0,1,0,2,2,2,1,3.986348972012623,2
2,1,1,0,0,0,0,1,-4.456120392398834,2
2,1,2,0,1,0,1,2,-6.627588420747862,2
2,2,2,1,0,0,1,0,-8.137774124489908,2
1,0,2,0,2,2,0,0,3.6590228654924335,1
2,0,1,1,1,0,0,1,-0.5400914607519665,2
0,1,2,1,0,2,0,1,1.3779316297631248,0
2,0,1,1,0,0,2,2,-5.859604086870079,0
2,0,1,2,1,1,2,0,1.6521895214239257,2
2,2,1,1,0,0,1,0,-6.040897109652727,2
2,1,0,1,1,2,0,2,1.1781726047101908,2
2,1,2,2,0,0,0,0,-4.7879218012300555,2
2,1,0,2,2,1,2,0,3.357526572824331,1
0,0,2,1,0,1,1,0,-0.4061626306731778,0
1,2,1,1,1,2,2,1,-0.24562633733562972,2
0,1,0,1,2,0,1,2,1.397629795768163,1
0,2,0,0,0,0,1,1,-4.312945791304607,2
0,1,1,2,2,1,0,0,5.471480105404748,2
1,1,0,2,1,1,0,2,-0.1179139705091376,2
0,2,1,1,2,0,2,1,-1.0907298158068033,1
0,0,0,1,2,0,0,2,2.8059284208908046,2
1,1,0,2,1,1,1,1,0.7613206699680652,2
2,2,2,2,1,1,2,1,-4.572149992779207,0
1,1,2,2,0,2,1,1,-1.1055413038328337,1
0,1,2,2,1,2,0,1,2.4063699807707897,2
0,1,2,0,1,0,2,2,-3.0682164249600348,2
0,2,0,1,2,0,1,2,0.1925019051571062,2
1,2,0,1,0,1,0,0,0.14365010391951683,2
1,1,0,0,0,2,1,2,1.4933939177251097,2
0,0,2,2,2,1,0,2,4.127047756242784,2
0,2,0,1,0,0,1,1,-3.522879698137648,0
0,0,0,2,2,2,0,1,8.925386311503122,2
2,1,2,0,2,2,0,0,1.3655143428989924,2
1,1,1,2,1,1,1,2,-3.227384207433409,2
1,2,1,2,1,1,2,2,-4.333439207649883,2
1,2,1,1,0,1,2,1,-4.161731406035366,2
0,2,1,2,1,1,2,2,-1.736097942653116,2
2,0,2,1,2,1,1,2,-2.373624200891078,2
2,1,0,1,0,2,0,2,-0.9479741978588956,2
2,0,2,2,1,0,2,1,-1.3958009984734743,0
1,0,2,0,0,0,0,2,-6.9846172892242695,2
0,1,2,1,1,2,2,0,3.642048069038063,0
2,1,2,0,2,2,2,2,-1.297201930452678,2
0,1,2,0,1,2,1,0,2.810709608131921,0
2,1,2,0,0,2,2,2,-4.8295328753078115,2
1,1,2,2,0,2,2,0,0.14912976894922897,2
1,1,2,1,0,1,1,0,-0.725741108990589,2
0,2,2,1,0,1,0,2,-3.386685930414398,2
0,1,2,2,1,2,2,2,-1.0642729797678994,2
1,2,0,1,1,1,0,0,4.0109828957044735,0
1,1,2,1,0,2,1,0,0.35189857693590093,1
1,2,1,0,0,0,1,1,-6.395982393982559,2
1,0,1,2,2,2,0,2,4.56661506997266,0
1,2,2,1,0,2,2,1,-3.2363661847112164,0
1,1,0,1,2,0,2,2,1.3773012110327032,2
0,0,2,2,2,2,0,2,5.571484717174359,2
0,1,1,0,2,2,0,2,2.522426970093333,2
1,1,1,2,0,1,2,2,-2.2880450203803777,2
1,1,1,0,0,2,0,0,0.46986062186047667,2
2,0,2,2,1,0,2,0,-0.9856253881931376,0
0,1,2,1,0,2,0,1,-0.2125766989659958,2
1,2,1,0,2,2,1,0,1.2962096443653524,2
1,1,1,1,0,0,1,0,-0.9089283387192382,2
2,0,0,0,0,0,1,1,-3.0028893408000115,0
0,2,1,2,2,0,0,0,-1.5754216941191157,0
2,2,0,1,1,0,0,2,-3.5485603629485736,2
2,0,2,1,0,0,2,0,-3.0815982656919365,0
1,0,1,2,2,0,1,2,0.8717495611554589,0
2,2,1,1,0,1,0,0,-3.5176012364530154,2
0,2,2,2,1,2,2,2,-0.5472203587961775,2
0,0,2,1,1,0,1,1,-0.8839223904886219,0
0,1,0,2,2,2,2,1,4.81072471655958,2
1,0,1,2,0,2,2,1,3.3119293470184674,2
1,1,1,0,2,2,0,1,4.1187844655058115,2
0,0,1,2,1,0,2,0,2.756263756334101,2
2,0,0,2,2,1,1,1,4.083023872609517,2
1,0,2,0,2,1,1,0,1.9446354541684834,2
1,0,0,1,1,0,0,2,-0.39585740933258146,0
2,0,2,0,0,0,0,0,-3.315293545769866,2
0,2,2,1,2,0,1,2,-3.1822259266851414,2
1,1,1,1,1,2,0,1,1.8656270872471716,2
1,1,2,2,2,0,0,0,-0.1641886101995506,0
2,1,2,2,0,2,0,0,-2.8507430654110912,2
1,0,0,1,0,2,0,1,5.356441353614398,2
0,1,0,0,2,0,0,0,3.571800815103615,2
1,1,0,2,2,2,1,0,7.107436832806642,1
0,2,0,1,2,2,1,1,4.559144451956615,0
0,2,2,2,1,2,2,1,0.9253728745900903,2
1,2,0,2,0,1,0,0,-1.0838816964260882,0
1,1,2,1,1,1,0,1,-3.395977555617896,1
2,0,2,2,0,2,0,0,2.7718954178556157,0
2,0,2,0,0,2,2,1,-2.3604312592137324,0
2,2,2,2,0,2,0,2,-5.364848774462215,0
1,1,2,2,1,1,2,2,-0.982097273393888,2
1,2,1,0,1,2,2,0,1.838645206032918,2
1,1,1,2,0,0,2,0,-2.4511378326284956,2
2,2,0,0,2,2,2,2,0.5045974109265843,2
2,0,2,1,0,0,2,2,-7.044624820186582,2
2,1,2,1,2,0,2,2,-4.928585233987495,2
0,2,2,0,1,0,0,1,-5.266031845211323,2
2,1,0,0,0,0,2,2,-6.809837508264041,2
2,2,1,2,1,0,1,0,-4.333936107008638,2
1,0,1,0,1,1,2,0,2.0004923720014,1
2,2,0,1,0,0,2,2,-8.45971476589584,2
1,0,2,2,2,2,0,1,4.172283281604867,2
0,2,0,0,1,0,2,2,-3.745665346981117,2
0,1,0,2,1,0,0,1,2.309521868289848,2
0,1,0,0,0,0,1,2,-1.8824667300746851,2
2,1,0,1,2,1,2,0,3.597528584112866,2
2,1,0,1,1,1,0,1,-0.7356101814730519,0
2,2,2,1,2,2,2,0,0.5236800530760268,2
0,2,2,0,1,1,0,2,-3.711339583990182,0
0,0,0,0,2,1,0,0,6.109059149988701,2
0,2,2,0,2,0,1,1,-2.2301385354776353,2
2,0,2,0,1,0,2,0,-2.561899771373824,0
1,2,2,2,1,0,0,2,-5.110974799897248,2
0,1,0,1,2,0,1,0,3.9203659947181073,0
1,2,2,2,1,1,1,2,-2.734617352909071,2
2,2,2,1,1,1,2,0,-2.629276214312186,2
0,0,1,0,1,2,1,1,3.4578613890193886,2
0,1,0,2,2,0,1,2,2.1504482594203225,0
2,2,2,0,0,2,0,0,-4.532158966311069,2
0,1,2,1,2,0,0,1,0.38981821336531264,2
2,2,0,0,2,0,1,0,-1.3943223013566137,0
0,1,1,1,1,2,1,2,2.993830003886888,0
2,1,2,2,1,2,0,2,-2.0833406476233507,2
2,0,2,1,1,1,2,2,-2.2244219989201404,0
1,2,2,1,0,2,1,0,0.03499011798841356,2
2,0,1,2,2,1,2,0,3.472759181220813,2
0,0,2,0,2,0,1,2,0.35999624159110477,1
1,1,0,2,2,1,2,0,3.1732442573415174,2
1,0,1,2,2,0,2,2,2.087638689616557,2
0,2,1,0,1,2,1,1,0.6678032667936885,2
2,0,2,2,1,0,2,0,-2.660520894916229,0
1,0,1,1,2,1,0,0,6.374162355096538,2
2,1,1,0,0,2,1,0,-0.8900261458683986,2
0,2,1,0,0,2,1,0,0.12860583935084724,2
1,1,1,1,1,1,1,1,1.8901706175463164,0
0,2,1,1,2,1,2,2,-0.19485103154389685,1
0,2,2,0,1,1,1,1,-2.775922719230234,0
0,0,0,2,2,0,2,1,4.205513036559171,2
1,2,1,2,0,1,0,0,-1.9026276344496453,2
0,2,0,2,0,0,0,2,-2.122061212778866,2
0,0,0,1,0,1,0,0,3.790629695764845,2
2,1,1,2,0,0,0,0,-3.7075141920970833,2
0,1,0,2,0,1,1,2,-1.9817603123411023,2
0,0,1,0,0,2,0,0,4.842908666740173,2
1,2,0,0,2,1,2,1,0.7301555181439787,2
2,2,0,0,1,2,0,1,-2.396523521197155,2
0,2,1,2,0,1,2,1,-2.015639081043975,2
2,0,2,2,1,0,2,1,-2.3993349508738353,2
1,0,0,0,2,2,2,2,5.664484283518506,1
1,1,0,0,2,2,2,2,2.9939046916706875,0
1,2,1,1,0,0,2,1,-4.288809273503615,2
2,0,1,0,2,1,1,2,0.36502470008784926,1
1,0,1,2,2,0,2,0,2.296019895061027,2
0,0,0,0,2,0,1,1,2.8875205764590244,2
1,0,2,2,0,1,0,1,-0.27842395962914435,0
1,0,2,1,1,1,2,0,0.6556832195967247,2
2,0,1,2,1,2,2,2,0.6472420094477339,0
0,1,1,2,1,2,2,2,3.751854434498769,0
0,2,1,1,2,0,1,2,-1.7490015392452425,2
2,1,1,2,1,0,2,1,-2.3683053022095812,0
1,1,0,2,1,1,0,1,4.383745146770252,2
1,2,0,1,0,2,0,0,0.8008967050603006,2
2,0,0,1,1,1,1,2,0.6800124287833913,2
0,0,1,0,1,1,2,0,3.313207734078663,2
0,2,0,0,0,0,1,1,-2.808050356871818,2
0,1,1,2,1,1,0,1,0.6008145814620216,0
1,1,0,0,0,0,1,1,-3.517506590413264,2
0,1,0,1,0,0,1,0,0.5924474176566807,0
0,0,1,0,0,0,0,1,0.06490712591297254,2
2,1,2,0,0,0,0,0,-6.147331452274806,2
1,2,0,0,1,0,0,1,-3.417953034210744,0
2,0,0,2,1,0,0,2,-0.5415492943195352,2
0,2,1,2,0,1,2,1,-2.294169763392909,0
0,1,0,1,0,1,1,0,1.994192892996798,2
2,1,2,2,0,1,2,0,-2.765914255680119,2
2,1,1,0,0,2,2,0,-0.19886582282941323,0
2,2,0,1,0,2,0,2,-3.555393966960655,0
1,0,2,2,0,0,1,0,-2.201657941757496,2
0,0,2,0,2,0,1,0,3.857178199087449,2
2,0,2,0,1,1,0,0,-0.8866522320012961,0
0,0,2,0,0,2,1,1,2.0956807588650563,2
1,2,1,0,2,2,0,1,0.15729165205718965,0
2,0,0,1,0,2,1,2,-0.7162207369686096,0
1,0,1,2,2,2,2,2,3.864475282469742,2
1,1,0,0,0,2,2,2,-1.602607227476412,2
1,0,2,2,1,2,0,1,2.090252057280875,2
2,1,0,2,0,0,0,1,-3.190363709398315,2
0,0,0,1,0,0,2,1,-0.6540546991626837,0
0,0,1,0,2,1,0,0,5.389468753411277,1
0,2,2,2,2,2,2,0,2.158534280801936,2
1,0,1,2,2,1,0,0,3.8832920578625907,1
2,1,1,0,1,2,1,0,0.44580851534255084,0
2,2,1,1,0,2,2,2,-6.405519225734935,2
0,2,2,2,2,0,2,1,-1.1763121003677983,2
0,0,2,2,1,1,2,2,1.0156858475121828,0
2,1,2,1,1,0,0,1,-6.727488087438046,2
1,0,2,0,1,2,2,1,0.997814231174309,0
1,0,0,2,0,1,1,0,3.3480699446568813,2
0,1,0,1,0,1,0,2,-0.5814577626330669,0
2,1,0,1,0,2,1,2,-1.880258772713156,2
0,2,1,2,0,0,0,1,-3.2058841608068365,2
2,2,2,0,1,1,1,1,-6.305918996742082,0
1,2,0,2,2,2,0,0,5.76963222858668,2
0,0,2,0,2,0,1,1,2.27217822343091,2
1,1,2,0,2,1,2,2,-1.7413431056272761,2
1,1,1,2,2,2,0,2,4.8069933968705545,0
2,1,1,1,1,1,2,0,-0.8651639724216995,2
1,2,0,2,0,2,0,1,1.08196735953009,1
1,1,2,2,0,1,1,2,-5.415119011525339,2
1,2,1,1,2,1,0,0,0.9632755251736685,2
2,0,2,2,1,0,2,1,-2.7628788021942294,2
2,1,0,0,2,0,2,0,0.9272133684375516,0
2,0,0,2,0,1,0,2,-2.045674635649787,0
1,0,0,2,1,0,2,2,0.27126344886302944,2
2,0,2,1,2,0,2,0,1.0161266911986802,0
0,0,0,2,0,0,2,0,3.178714261827092,2
0,0,1,0,1,1,0,1,1.786119330744041,0
2,2,0,2,0,0,0,0,-5.25231572040126,0
2,1,0,1,1,1,0,2,-2.1517175203939556,0
1,0,0,1,0,2,2,0,4.199925109250531,2
2,1,1,2,2,2,2,0,3.923929964980173,0
2,2,1,2,0,2,0,1,-3.4333652868119895,2
1,1,2,1,0,1,1,1,-3.8361064413077255,2
1,2,0,1,0,1,0,2,-4.7135264666063375,2
0,2,0,0,1,2,1,2,0.9612565918643884,2
0,0,0,1,2,2,2,0,8.768950395665884,2
2,2,2,1,2,1,1,0,-0.7685067513566397,0
0,0,2,1,2,1,0,0,5.802218136770117,2
2,0,2,2,0,2,0,2,-0.12288299437471961,1
1,0,0,0,1,1,2,0,5.096652624803983,1
1,2,1,0,1,1,1,2,-3.145163186898966,2
0,1,2,2,2,1,0,1,-0.1019937100385504,2
0,2,2,1,2,0,2,2,-2.4268885653013856,0
2,1,0,2,2,1,1,0,3.1086928724247813,2
0,0,1,0,2,0,2,1,1.6068194058817724,0
1,2,1,2,0,2,1,1,-2.283774816051838,2
0,1,0,1,0,2,2,2,3.192791182130687,2
1,0,1,0,2,1,1,0,4.782109214531017,2
0,0,2,1,1,2,1,0,3.689262180744711,0
1,2,2,2,2,2,0,2,-1.5494194698570198,2
1,1,1,0,0,2,0,2,-4.1785958165734485,0
1,1,1,1,0,2,1,2,-1.5758138194812752,2
2,2,1,0,0,1,0,0,-3.7813045621602384,2
0,2,2,0,2,0,1,1,-1.8755591865391765,2
0,0,1,1,0,1,1,1,1.6536351298581966,2
0,2,0,0,2,2,1,2,1.8356600942418804,2
1,2,0,2,0,0,0,2,-6.65531020450626,2
2,0,1,0,1,0,0,1,-1.67721051926326,2
2,2,2,1,0,1,1,2,-6.9963825007154075,0
1,1,1,0,2,2,0,2,3.0915601403584576,2
0,2,1,2,1,2,1,2,0.6121663396011189,0
0,1,2,0,0,2,2,1,0.092386197249682,2
2,0,2,0,2,2,0,2,0.8443610957835371,2
1,1,2,0,0,1,2,2,-6.0860889336204425,2
2,1,0,2,2,2,1,0,6.329004214291804,1
0,0,2,1,2,1,0,1,3.2287242351475953,1
1,2,0,2,1,1,0,2,-0.2567158076947855,2
2,0,2,0,1,0,1,1,-2.7276730971164045,0
2,2,2,0,0,2,2,0,-4.742348034688056,2
1,0,0,1,0,0,0,2,-3.2003579533149393,2
1,0,1,0,2,2,1,2,2.596843464695807,2
1,0,0,2,2,2,0,0,7.575416483085709,2
0,1,0,0,0,2,0,0,2.1665180967074233,0
1,2,2,0,1,0,0,2,-5.036220775113317,2
2,1,1,0,0,1,0,1,-3.1301267839160722,0
1,1,0,2,0,0,1,1,-4.227437368469102,2
2,0,2,2,2,2,0,1,1.6088409156794135,2
2,1,0,1,2,0,1,1,0.8379126672634456,1
2,1,1,1,1,1,1,2,-4.341329115508649,0
1,1,2,1,2,1,0,0,1.8837829047416603,2
2,2,0,0,1,1,0,0,-0.6587750448783,0
2,2,1,2,0,0,2,0,-5.586673472403659,2
0,2,1,2,1,1,2,0,1.3364351356473556,2
0,1,0,2,2,1,1,2,4.739114822444054,1
2,2,1,2,1,0,1,2,-5.720669234458409,2
0,0,2,0,2,2,0,2,2.1415541340296214,1
2,2,1,1,0,1,1,1,-5.178064933548275,0
1,0,2,2,2,0,0,1,-0.21240835497331367,2
1,2,1,0,1,2,0,1,-0.3157162458003535,0
0,1,0,2,1,1,1,2,0.7492291237249183,1
2,1,0,2,0,2,0,0,1.5238291946096258,0
1,0,2,0,1,1,1,0,-2.0263221684890595,2
0,2,0,1,0,2,2,1,1.231501857044797,2
0,0,1,1,2,1,1,2,2.3304675980673726,2
1,2,1,2,0,2,0,1,-0.20759906177268528,2
0,0,1,1,1,2,1,0,5.5067302682930945,0
1,1,2,0,2,1,0,2,-1.2197563981987476,2
2,2,0,2,0,1,0,2,-3.7964445334499297,2
1,0,1,2,2,0,0,1,2.527577123530584,0
1,2,2,1,2,2,1,0,1.0376467023613962,0
2,2,2,0,2,1,0,2,-6.590372779289597,0
2,1,0,1,2,0,1,2,-2.839913696359043,2
2,1,1,2,2,2,1,0,4.258123638446722,2
1,0,0,2,1,1,1,2,1.9840646090670853,2
1,2,0,0,0,1,2,0,-2.500544900955675,0
2,2,0,0,1,1,1,2,-2.17486917313507,0
1,0,0,2,2,1,1,1,3.161081903943214,1
1,1,0,2,2,1,2,2,0.043265556044398856,1
0,0,1,1,1,1,0,1,2.8824946500557562,0
2,0,1,0,1,0,2,1,-2.453269282086106,2
2,0,2,2,1,0,2,2,-6.316823356277076,2
0,1,2,0,2,2,2,0,1.9484732130443367,2
2,0,2,1,1,1,1,0,-1.5170438769616161,2
2,0,1,2,1,0,0,2,-2.367735155587433,2
1,1,1,1,2,1,2,2,1.6574219843102174,0
1,2,1,1,0,1,0,1,-5.235269756849496,2
2,2,1,0,1,0,2,2,-7.001973113260288,2
2,1,1,0,2,1,0,0,1.2673482321208493,0
0,1,0,0,2,1,0,0,6.855200995277395,0
0,0,1,2,2,2,1,0,7.550547483502116,2
2,2,2,2,1,0,2,1,-6.175670035559406,2
1,0,0,2,2,0,2,1,2.8533738546993854,1
1,0,0,1,1,1,2,2,1.8513562344271617,0
2,1,2,0,1,2,2,0,-1.8011422430824706,2
0,2,0,1,2,1,0,1,0.9589332641341404,2
0,1,0,1,2,0,0,2,1.4892044760686471,2
0,2,1,2,1,2,0,0,1.1682646506890424,0
0,2,1,0,2,1,0,1,0.9312825152917038,0
0,1,0,1,0,1,2,2,-0.5933948780368137,2
0,1,0,2,1,0,2,2,-0.3005949902952567,2
1,2,1,1,0,2,1,2,-3.441552391009939,2
2,1,2,0,1,0,0,2,-7.673500550977539,2
0,0,2,2,1,0,0,1,0.14131706201484046,2
1,0,0,1,1,1,1,0,5.422690092904732,2
2,0,0,0,2,1,0,2,2.603073499531596,0
2,0,0,2,1,1,2,2,-0.3536123283640191,0
2,1,1,1,2,1,0,1,-0.2228206593993956,2
2,0,2,1,1,0,2,1,-3.7454829073004046,0
0,0,0,2,0,0,2,1,0.05688435370493061,0
0,1,2,2,1,2,0,0,4.543012880994194,0
2,0,0,0,0,1,2,2,-1.577773974844478,2
0,1,2,2,2,2,2,1,4.607358919889148,2
2,2,1,1,1,0,2,0,-4.04649559265531,2
0,2,2,2,1,2,0,0,2.9297221704766647,0
0,0,0,1,2,0,2,2,3.7335209620978427,2
2,1,0,2,0,2,0,2,-2.0072250331725012,1
1,0,1,2,1,1,2,1,0.12254075139902643,0
0,0,0,2,1,0,1,0,4.311646276152372,1
0,0,2,0,0,2,0,0,3.198860293238883,2
2,0,0,2,2,0,2,0,1.11789792187725,2
1,0,0,1,1,2,2,0,5.713436490176551,2
2,2,1,2,2,2,0,2,0.7116321368239278,1
2,1,0,1,0,2,1,0,0.7363525100674091,2
2,0,1,2,1,2,1,2,0.7391213143311213,0
1,0,0,0,1,2,1,2,4.492399204359925,1
2,0,2,1,2,2,1,0,4.477256989451124,2
1,2,0,0,2,0,1,1,-1.9063219011639898,0
1,1,1,0,1,2,0,0,3.1221444430072305,1
0,1,0,0,1,0,2,2,-1.4723227913473376,2
1,2,0,2,2,0,0,2,0.8333903077169171,1
1,2,2,0,0,2,0,1,-4.460001095210279,2
0,0,2,1,0,2,2,0,1.7696522885733743,2
2,0,0,2,0,2,2,0,3.7891199934043374,2
2,2,2,1,1,2,2,0,-1.9235236559712947,2
2,1,0,1,2,2,1,2,2.42420055259146,0
1,0,1,2,1,2,1,0,7.120659646539312,2
0,0,0,2,0,2,2,1,5.430134423891955,2
2,2,0,2,2,2,0,2,1.8163084190544236,2
2,1,0,0,1,2,1,0,4.617894727883552,2
1,1,0,0,1,1,1,1,1.4028950787625527,0
1,1,2,2,0,0,0,2,-6.1665011273282,2
2,2,0,2,2,0,1,0,0.2194398231137843,2
2,1,2,2,2,0,2,0,-0.9314980184126679,2
0,0,2,0,0,1,2,0,0.9993532162872485,2
2,1,2,1,1,2,1,2,-3.596737130637732,2
0,2,0,0,0,0,0,0,-2.367237053187041,2
2,1,1,1,0,2,1,0,-0.6591386307213409,0
1,1,0,0,0,1,0,2,-2.233705344232985,2
2,2,1,1,0,1,1,2,-7.573173327817903,2
0,0,1,2,1,1,0,1,2.810710998100781,1
0,1,2,0,1,2,2,2,-0.12446348005282143,2
2,2,1,0,1,1,1,1,-4.457822866425185,2
2,1,0,2,0,1,0,0,-0.3637109263077621,1
1,2,0,0,2,1,2,2,-2.6429863353339917,1
1,2,1,0,1,2,0,1,-1.2477748717745598,2
2,2,2,2,0,0,2,1,-8.627574745338208,0
0,0,0,1,1,0,2,0,3.9468184818521026,2
0,2,0,0,2,2,0,1,4.8872294770922,2
1,0,2,1,1,0,0,1,-0.21152008003195855,0
1,2,0,1,0,0,0,2,-5.367152022078574,2
1,1,0,2,0,1,0,0,1.2903104656363231,0
2,1,2,0,0,2,0,1,-3.972939085075482,2
0,2,1,0,1,0,2,1,-1.1090841181354745,2
1,1,2,1,1,1,1,1,-1.9925890437016678,0
2,0,2,1,0,0,1,0,-1.8825544370080194,2
1,0,2,2,2,0,2,0,1.2652070849111312,2
0,2,1,1,2,1,0,2,3.347238248072089,2
0,1,0,1,1,0,1,1,-1.316900659898699,2
0,2,0,1,1,0,1,1,-1.5420361162464475,2
1,1,2,0,1,2,0,0,1.4705592651007369,2
