d,a,c,b
-1.1769673780778376,-6.381799733880315,2.8906494526496482,-0.23485465044291587
-2.0335286972851616,-6.995643861665874,-0.4123307240085712,6.190736807652531
-1.0550459975049262,-3.8019874638966034,0.3320964254754839,3.3354722002431263
-0.10417802988263843,-4.0670622861351235,3.857984327403369,-4.411328679094189
-0.17293023319343265,-3.236505321793831,3.379523120285758,-4.118029099480614
-0.4679838702178159,-4.529323438930363,1.8500392212067163,0.3262361368433328
-1.9202481241946172,-7.5612834056825236,0.3674341724685434,6.2655169347146265
2.2072121862196292,-1.4775828505939679,3.965431514602403,-7.0065757850783985
0.25702392343992153,-4.955553810136858,2.1446781577057332,0.7417815743113911
1.055169838369879,-3.727543892327582,2.393847949311205,0.19647475314676965
0.37664238732476,-5.552995062532632,4.690308268530089,-3.438519505190163
0.20128902733725393,-3.893514332647145,2.610126714612657,-2.7245709280420316
0.6479513724507354,-5.2253634548963905,1.303096218512787,1.2344266950988247
0.7312358941629121,-4.53956271527496,3.367831049254536,-1.3718137807607929
1.2374940854038339,-3.2355314892453015,3.598043909967893,-3.5339828387712537
-0.7138726634563296,-5.5693321656294374,1.4310911140176443,0.6719925686552739
-0.780031091976544,-5.639857904604663,4.288578065104701,-1.4441273296250055
0.4955090098745685,-5.906340805218253,2.603353530212134,-0.696235265295245
0.3737719148067307,-4.833504786423611,1.1296219731351316,2.667970012208824
-0.6620199494826718,-4.418639210841606,0.23919914197860215,2.915778266560117
-0.4677206726338463,-5.36625248375814,1.5108935857324752,-0.20886161631363476
-0.6161677197005472,-4.130103939776025,1.5191582967125674,-0.19540182732973055
-2.014866599817774,-6.865808190179528,2.475947204476462,-0.5918257470923207
-0.26381399495587887,-4.557770089311993,1.3881832648051058,-0.7227445880779966
-0.6645877244240975,-5.341877951610473,2.1336821669300368,0.8398290988278855
-0.5256240257921971,-6.4071755126699985,3.2569447552493527,-0.2497175761125689
-0.8457045949382983,-6.11936340690658,0.24564738077245574,5.392677531509478
0.031176661906884364,-3.034423674523785,4.566358500055932,-7.63732884565409
-0.41954600126672625,-4.582856450827952,2.0026756320004524,0.27574560162391853
-0.2477521316251737,-2.9885478997698045,3.7146720494619965,-4.932735477321081
0.017887362690840125,-4.05154294044835,2.973500905777844,-2.8627070685969374
0.4238476368216276,-5.022398549018095,1.960624669410654,2.5932431713523503
-1.4834137084873917,-7.953380060563557,2.230580260775937,1.6559661358160969
-0.16486441852812828,-4.77122593713417,1.5280781167485682,0.45771026890422506
0.9852930623412964,-3.957566269858376,2.7246193943594488,-0.9105980064844292
0.4076736652094989,-4.803733290458838,3.914379587169693,-3.6347524771664643
-2.357516570426851,-8.87547089271279,2.6651704421769384,3.722936113307307
-0.6552506374593475,-6.740064398005961,1.401956797139094,4.084054267348138
-0.21391456983609927,-3.5402562254645975,2.1881484452018594,-2.277683853176833
-0.5374815442954671,-6.8495625591062375,2.6555068574775076,0.4286104854592907
-0.6849214547382378,-5.813500307129885,1.9420662494698737,1.2215027999303953
-0.07705812778566497,-4.5340413812606615,3.3656303945031962,-1.8698633749364364
-0.8372839418384364,-4.537535182378037,3.0660531870945835,-2.6282706281737322
-0.4301830518281966,-6.002063175293448,2.3253900521562314,-0.012412369827004333
1.2234406270079534,-4.4866348962835065,4.382935152334214,-3.394921221372046
0.553531258741302,-4.6050800002466525,2.931294189498445,-2.131555452128515
-0.24970932297708429,-6.598628735458442,1.414524078819688,2.277838477739068
0.2577850924311055,-4.680244321551032,3.6208573442183436,-2.7956412315175694
-1.1376820161697374,-7.344578237909092,1.2961846339420504,5.180962242586572
-0.453826275315285,-6.727389493488876,1.5588292766648286,1.1458498463963231
0.15598846300327357,-4.411070221721614,2.768974949493141,-2.0738702673315945
-0.7324563000493662,-6.059483280258031,1.4412484900439932,2.6173326586738073
0.18669651455674446,-3.5568995292034336,2.7645429483890647,-3.2532888416228687
-0.5431967015635717,-6.588489016375535,3.701580802068083,-2.671065163352633
-0.43677375060337237,-5.091118788480874,1.842066146995855,0.9261848143090033
-0.541132268905428,-5.636202756450168,2.58710494072271,1.7931515107609683
0.6632556833256636,-4.056374733056092,4.222202160269952,-7.689483071272964
-0.22856286932650932,-3.977711806335691,1.9519674233115398,-0.12068822676592394
0.10494133628210447,-5.480495786537194,1.959335804617726,-1.9862725852456233
-2.1164952432124102,-4.99025791487586,1.4301511574421082,0.7613175024397956
0.21739984503219362,-4.477949098989231,1.0442721241617472,1.3730377851928441
-0.6400141910879154,-5.056814329639104,1.6061245583385322,0.5480630197092324
0.45900156138376874,-5.743920021669231,2.5000601292682534,1.237875202234466
-0.6171512238777086,-5.330745177421789,1.4068297898871627,3.055290303798705
0.4311140899882478,-4.37746485911418,4.245485726970207,-3.3675258371794556
-1.0690223297746488,-4.861352840492955,1.2790636526495418,2.0016981413466155
0.6211648700272079,-2.574391789070915,2.4210127121217333,-2.639914987512807
-0.03334419821331829,-5.287851881581778,2.235435216780158,-0.6419109198759853
0.0660058646169402,-4.555175985940119,2.7738007928124766,-0.5233188697519303
-0.004171815615342664,-4.704656967320576,3.582053060559349,-4.502700605950167
1.384740099119372,-3.2632852625865234,4.715160432093223,-4.633543234302162
1.4744680405993944,-2.22040117727057,5.741026782225526,-12.008599233606713
-0.6189478848635087,-4.957693958147822,1.5822657555433617,1.4999110818663726
0.8151402882011065,-2.9350454653570486,4.532730181558448,-6.495242589540974
-0.46256227181904747,-5.86935858888319,3.1805104622732703,-0.18919685009468867
-0.07351671562569011,-3.7829310116193566,3.5054388072780718,-3.4394706090597893
-0.47298472358907045,-5.121306430848747,2.3925210686207796,1.0060247868517982
0.5597047795343086,-2.913227336099803,3.839670581367499,-6.6603912025325815
0.4296355065603053,-3.26407844440281,3.6121102033641677,-2.7408848134268604
-1.217832924329929,-6.231602241347744,0.9090760146404763,3.150287696713849
-0.6615107374909754,-5.249482403672173,2.679325728163679,-1.9482285597462963
-1.4890909189542605,-6.602166805891899,2.484766938740373,0.3134965694385423
-0.2442125687179792,-6.418912201614548,3.6580410977583213,0.8602907028653466
0.7223551976716976,-1.5647334275498808,4.912019549651976,-8.276666172926953
1.054259827427831,-2.92840127633667,4.270245845226412,-5.40014461605007
-0.27595105006837256,-5.289489787620842,1.2858478595369356,2.050167223952696
0.46228116872644603,-3.2961166402076607,3.328765197086636,-2.7656710285191033
0.9380107761845156,-4.420557822829959,4.725541563731008,-3.9625390307257122
-0.04553522562256034,-4.746613598916212,4.032990220722228,-1.3858691420280786
-0.43983608931816015,-5.124770302105481,2.4175419275097183,0.4898595339731243
-1.0728218474987572,-6.053914128885605,1.3210544626279839,4.563419008484484
-0.4795576036610387,-4.977725559756402,1.408741360594524,1.1146703887298042
-0.14219884196820579,-5.733419628516976,3.2431839003630616,-1.4820262677095062
0.9186208061538298,-4.561757685693285,4.305341041353753,-5.072391905779556
-0.3151938012409842,-4.974220998918401,1.647084042035675,0.41609861462243203
-0.15879206011572816,-5.781163689780157,2.145478504169706,1.5022058118095527
-1.2589082602629236,-5.666928403618952,1.1015637061627566,3.074607724029179
1.4603965935409113,-4.281102197912679,3.1143507778001416,-1.070699608435058
-0.8866956282659619,-6.994753806044934,1.9932796280689784,2.3797253188075165
-1.1436364997029824,-5.1442545465519505,0.19851834132371327,3.635902411272825
-1.7676436507262105,-5.172831710668784,0.9087186540322905,1.8737335231892143
-0.7506640625414507,-6.45458382522401,2.522858812492483,-0.11560802209901255
-0.652791878154664,-5.657480439974121,1.2589587040145571,1.4617882461910274
-0.41522164810469003,-6.444947339421116,2.5501581623547245,1.4696562523240826
0.36422492705803966,-4.974816692936745,3.682466359305187,-1.8145849960152636
-0.5243836559450579,-4.405049866422579,3.39035666639471,-1.8932982793089586
-1.2086704953591816,-5.274652581709162,1.4808228993210146,2.177712885555695
-0.32589846888601637,-5.878393737959545,2.0388955735032557,1.4405464387751374
0.06698467909483406,-2.6030485946911854,3.3436197175497426,-4.234347240606197
-0.8781133109646749,-4.675925380752558,1.339993731560657,3.7060639183744044
-1.4058407168750757,-5.354437559865252,1.622229039801213,2.423384416318382
-0.6710217253547835,-5.220994176986778,1.5001684857651654,1.4453149844085271
-0.6943542642478197,-6.636414719814512,4.5610878735551665,-3.128488631916491
0.4193349647928997,-3.009091391211113,3.79517944977459,-4.472848637303539
0.7054611526121046,-5.215847811266007,1.9838580400711285,-0.3738132181026197
-0.34349389678150366,-6.082423763198483,2.048478978106794,1.4766395441346514
2.3082018240216073,-0.7153881418659507,5.7530572415745596,-8.823547856734113
-1.42079829075312,-5.313018133671986,-0.7232879077162575,5.7273108782144915
0.44097391093464255,-3.888784223542865,1.521799934102979,0.5362214363521532
-0.7847947212735666,-4.9273296686810015,1.7813446293455364,-0.31705110420513516
-0.4654051445207344,-3.5788321118711393,2.9833266552621724,-3.0757498202969917
-0.3249481635961135,-6.075488671742069,3.079038903074051,-0.5701262761474565
0.7081195970686851,-5.6760076740433405,1.3988738151163576,2.182849206039565
2.0766775642877593,-4.390955397202671,3.5342355135136376,-3.042948956522527
-1.1074903745751576,-6.159239624291219,2.241335941623927,0.7516190207453415
1.00870225337923,-3.4258181742836946,4.609791111715452,-5.6252961256451055
0.37140889227276375,-6.247572851352206,2.8246880771751273,0.5719042324160198
-1.509280162547058,-7.350780212523249,2.226264773062781,4.603789267889244
-0.14918916095477025,-4.809382828978817,1.6202673565633936,0.2465612689744685
-0.20927067915440192,-6.592928373753736,1.319290869582478,1.7324515639725033
-0.7881645517600848,-5.974663669938684,0.4824606467606578,3.358724321587161
0.5351732085767416,-4.586438372250963,3.57919610909801,-4.103302348350902
0.6001058952742833,-4.060717478604124,2.6538555032671463,-2.5930293974760037
-0.35640684103710296,-5.923973417489168,2.2973454534168742,0.8958421978550419
0.9641250685967201,-5.087910944918911,2.572667960874436,-0.8615726215105912
-1.2098402059798323,-5.747891888898559,2.678832160052501,0.8809089398008452
0.16963615178700292,-3.9727182197601087,1.8301866961951136,-0.1373004068818708
0.2725573204870592,-3.7237626571517977,3.092931689813784,-2.205101702010025
-1.1542982215909845,-6.295254111126674,1.5619236933060519,3.1927460512664663
0.6052508281143466,-4.959538821559255,4.829129134110165,-4.950682903507218
-0.4604503630738136,-5.599574651107007,0.2926978874961361,4.166198399067241
-0.23817349266045224,-6.701884927416051,1.8223689845864202,1.7149915377307954
1.6119085064156429,-4.10036575668547,3.9036081647942207,-4.5466241492000865
-0.626773871190574,-4.6735855636784835,0.6918496036715882,3.090900768322247
0.01806208257718864,-3.6648385626957722,2.2185294711233468,-2.6988876195639984
0.5313517116655844,-4.041341913494689,4.436037864699372,-6.496222300853075
0.42343310643330717,-3.5683923557189194,0.7224663811939314,-0.09419610443386617
-0.08879907801137794,-5.421746159761162,1.365125228655007,2.918306971054652
-0.24933977404008587,-5.747630474809753,3.865244374262576,-3.196071519411702
-0.8206589408551266,-5.79995642480216,0.29075631035936156,5.437693938555656
1.9368980230737098,-1.7812022092730635,3.8826166331697345,-5.331526967672952
0.8461155719684416,-4.492859936593506,3.3827084672575554,-2.449224524737412
1.2790349547846536,-3.1235616204003467,3.2251782386908574,-5.384307892653683
0.2514287559052773,-5.482485129421642,1.665412865790021,1.0709899979385762
0.3330967289547293,-3.9681343423577564,3.327354302795909,-2.7182357371060815
0.7332479172284545,-2.659067079289033,3.1724012962507118,-1.7681775250371774
-1.0888036841960937,-6.230761301773003,1.543249712877145,2.5775041164562755
-1.857847382726279,-6.863110389058269,2.7814215194971994,1.5418744162581928
-1.2265107247776208,-6.235787172131923,3.726443873492456,-1.4708571251123275
-1.23390873278405,-8.585194210374326,-0.4602495928795036,8.517414274233678
-1.3465811833901866,-5.344065066227182,1.6919673997463809,0.9169805952646238
-0.5481179079620868,-4.087756571034749,2.908774910162832,-2.9208117130856515
1.2898341448679984,-2.7459561975251106,3.236499024803489,-5.278044478019988
0.5305564264944276,-4.560796092112365,3.873250801957508,-1.4998208633529149
-0.3634289256622862,-5.536548884527317,1.757981916627623,1.4999640883900751
-0.2603878234972727,-4.243735394095272,2.508640596506642,-0.45561889974681324
2.36607960901164,-2.336800328997473,4.406980463837417,-6.848286343091727
0.2481641245507761,-4.067889998668305,2.428688762967095,-2.4170712796778826
-0.15572354779559697,-2.8920219252142343,2.333966527965004,-2.301507261408275
-1.2907781479490994,-6.899885403589801,2.5342622129693684,0.8028491934630322
-0.22140759497397527,-4.817710486659763,1.3101023271239567,1.2563240050372508
0.11002511064358497,-2.639652480751927,1.996076173702122,-0.6458777363865045
-1.010840939789875,-4.992430535239868,1.435653805998709,0.15300923113655274
-0.9705825890509873,-5.655280330785692,3.592452341006624,-1.1064763832808162
-0.36685487259493726,-6.071000209049755,4.290765029416466,-2.0629135734681916
1.1521749878488483,-3.895048682094132,4.349179476588649,-3.6277747473619426
1.1684384710939804,-4.351621546241537,3.791539237737235,-4.608492075837681
0.5353385219584254,-4.630646996228199,2.901792478966624,-0.2083606517222958
-1.3056389595265823,-3.9971328933818633,1.684329681524918,-1.1740013788267598
-0.3577535202398462,-4.247083072288441,3.6008878392082284,-2.085027651598663
0.18175314788049945,-4.205495707831998,2.5919684313634,-2.110128698285852
0.8602170162987389,-5.820492276135807,5.486228357389744,-5.186196458816256
0.8844480662718696,-2.177934829123452,3.4836941661784655,-6.521075765768583
-0.42819884325254476,-4.5543654337018635,3.0334826110941084,-2.074385629427095
0.46927003678740353,-4.097117769445709,3.298484980476696,-1.467398624875229
-1.4824354022807713,-5.937733102597545,0.9851331423688598,3.387095452940968
-0.6758592861022096,-5.762968235179733,1.8243022838409086,0.8405396534838914
-0.5740797723921159,-6.3499415487839155,1.585812319367327,3.4269176163368886
-1.9364635256372484,-7.160968662798231,1.790925254898692,1.0990122952640453
0.36627416645023125,-4.254195064138827,3.592700826313721,-1.9545858315064686
0.2922366095938927,-3.256572483225587,3.6407380858648484,-3.3694292619868675
-0.3569778503492223,-5.382691614467263,3.161355723770521,-1.319773544853591
0.026564149240541065,-4.949377835317038,2.3135466362949964,-1.9975501875209385
0.23296344452977213,-3.6330219115554736,4.794578543555529,-6.1983242586258465
0.3360206914446697,-4.853371119284633,3.5985053264116638,-3.1214830021931688
1.3227032825309368,-4.794423582454381,5.727523446756202,-6.108805018372391
-0.4556908969136663,-5.592243918303953,2.3109152889897606,-0.04675564848490499
-0.3341724146117992,-5.447199638109907,1.4155400201062427,1.7018444159229293
0.4224000307283161,-4.506078804083062,2.6844979391125747,-0.1582937400212241
1.0464228956474093,-3.127673272486264,4.790985637509969,-6.2030834834219295
-1.2645444083398867,-5.308620090529433,0.33065811909833087,1.5774993304238132
-2.27309542684266,-7.335823147982513,0.3154867583804728,6.4078514015740335
1.2987734361633363,-4.763080706945251,6.738821158996493,-8.819257351176068
1.721513108519485,-3.3202225360803346,5.249840070335391,-8.647696492849786
-0.8861479035047187,-6.36295873958944,2.937018492466313,0.8973662105857034
-0.38989163139276983,-2.9998529536776446,0.11228413670538773,-0.7565393326849448
0.8700590687059452,-3.9617289743567152,3.186159770747833,-3.0310961557802587
1.457572316750053,-2.406509737770918,2.70974151675919,-2.665855835074212
0.508774149764312,-3.8704160686508144,3.965319115359056,-6.116807051186697
0.02624358907410097,-5.564344743217704,2.6565051833555455,-0.6649395663344164
0.46277507692170955,-6.127542940267745,1.239190545220383,3.403671795566615
2.031079517603636,-2.5833375239158984,4.965128016906824,-7.619165792229174
0.7899016046970383,-4.597886407583044,5.520128468415168,-6.912615481471722
-2.5713039557202544,-7.956906066098764,0.36087567445968605,6.216442330625435
0.5855425205420421,-3.9826037363417535,4.402792254982819,-3.95424141711944
-1.0843671937600106,-7.204127413749891,2.5664256990777394,-0.6840367087810246
1.774771445024047,-4.904114007134449,6.352513780094447,-7.684162484136724
0.1843298530189374,-4.855812770119164,3.0197101917840214,-1.6228131734178657
-0.7701676600046098,-5.220156653581696,2.2356883627396313,0.6404207842956403
0.6673679848832995,-5.203858308201215,3.355914695381422,-1.3009820541449382
0.29533763342676633,-4.449641878133216,2.3326444802954454,-1.0553803412323455
1.8034384617586279,-3.229372112518405,3.3649792249557744,-3.9859210971890966
-0.5328625860015204,-7.370075653758165,4.458910925350785,-3.3768844793293282
0.5475131874532551,-4.532641222006256,3.378890318839331,-1.8651446476358304
0.9306540575935757,-3.2833633427422684,3.754254595509381,-5.22408749597883
1.9106268464094318,-1.1245137166784138,4.07813683003923,-6.792147015288992
-1.5038294405419628,-5.291075442502624,1.9354886220601122,0.8602730747425983
0.9663907689328148,-4.041262605381538,3.3327213427084077,-1.6151086535786365
0.516596132736983,-4.508786264278249,4.255116835289994,-3.6108625183931142
1.6896193626278964,-4.316087023322062,4.776774128665224,-4.038248331143092
0.6405816830656459,-5.3490650791454915,3.2731745080554213,-2.8992975109755554
0.1868602307111495,-3.405123873238731,3.5276531971882177,-3.1437055568929764
0.7332177803273593,-3.922446021492499,2.9353786727087674,-1.435357219126208
-0.9326830231032831,-6.663957644292201,2.6610665082845717,-0.2614637688916075
1.413398937920676,-1.9886952504165674,6.00715541863743,-10.299532245893412
0.3557780043899124,-3.925236921749983,4.0104562661470595,-4.631651097264299
0.7897587295057411,-3.593005090799864,4.786796072938333,-4.8476853617762945
2.442351512956595,-2.9041005593333975,5.1384735639924095,-8.179179855060166
-1.4233707200733683,-5.456102091352726,2.3293560294546167,-0.47365839457277104
-0.8511638769155653,-6.13190238850104,1.522642135187938,1.036039971524487
1.3676420023223945,-5.330546674060745,4.48507967403698,-3.748678599826382
-0.6786030697214528,-4.673475623504497,0.6586222726451794,2.2388013089139
1.4013156674932132,-2.8876333445724325,4.604763018464132,-6.505008102058179
0.2783282106077907,-3.6612315029970697,2.9956888494053575,-1.629229301283507
0.5519408255530851,-4.714078647059431,3.722202301857118,-0.7656917762549478
0.8525441171095299,-4.145280340680012,2.993979546561344,-0.34666559054594637
-1.3305531435232565,-5.976478590775434,0.9608558864618122,4.942621736334912
0.024860582209951868,-4.417408139478374,3.292640812725187,-2.2143383291159355
0.7419676151813785,-2.1592439760012914,3.6560225984681836,-4.9944773911352645
-0.35032952435190357,-4.316162350443828,1.9939305435115382,-1.6001542379299019
-0.47575879719182934,-4.85732253212049,1.932523890657474,1.2963075988460055
-0.1411011266366293,-4.137224545840887,3.9707258888444246,-4.189254425838752
0.7882662526884918,-4.828832759252447,3.728888393967476,-4.491106548733464
-0.4566300076222906,-4.43389384294781,1.8156280224407428,2.7647600029791324
1.0547723701858929,-3.14556327222338,4.974842665031896,-7.192120909156724
-0.2491832915764341,-7.11087763814967,3.5115545820265663,0.09263098843145878
0.11027547542371377,-5.6371866055843824,1.484707950610785,3.7018900152051284
0.0585803456805668,-4.095936224002127,4.065783532317541,-4.2809062015734956
-0.254476244520485,-5.384491725361225,1.9522338570344477,0.6780579269962775
0.10765611478628605,-5.121173902340052,2.2956230195598333,1.2907941047319076
0.08574265591638133,-5.286258883941574,2.1872627781256333,-0.4854437508733085
0.2309111164672157,-5.577971138415333,2.7575594648114348,-0.23364297817430818
0.29253303047899154,-4.32555779202165,1.2686999669521501,1.5335375208201947
-0.2852915796882786,-2.3023716254447177,0.7581147713858429,0.48600989794938276
-0.9516060778809193,-6.903785822652317,3.290931424640316,-1.028058240290243
1.2655064487383478,-4.242411261029752,5.296257240939153,-6.655418472619054
1.5766157426996203,-2.720696109326487,3.0277193538424063,-5.0670984834803106
0.26839828651095043,-4.47959687056313,3.809271107869695,-2.7740920610641995
0.7994547607474799,-3.8030637097428994,3.577925946621285,-3.8123798305008822
0.3575587417769611,-5.095464379652606,2.212814472807418,-0.3545609144013827
-0.7300543061050095,-5.700884671338328,1.0921849788350957,3.5632581929995473
-0.5835057700671765,-5.5724072700599745,2.0624623957370445,0.3633410143848106
-0.6942316613557111,-5.2227209585808625,2.795954275992557,-0.15743199717030298
-1.8693516344298902,-6.495729693870539,1.2061130203832966,3.5273025082258567
-1.0916907712938273,-3.455216549754067,1.0629180086220793,1.8007267285699375
0.5239610336347269,-3.0179930180093044,1.8768134193289137,-2.2382072426853483
-0.9095356179628994,-5.051043883945183,1.5434796409809752,0.02518530106621908
0.593055487478399,-2.578867768807118,3.3770429681573946,-4.144124196639106
0.5624021171572643,-1.503222874346521,2.471625769854873,-3.7947723231619683
-0.02700581038460855,-4.360356774203801,2.069517384195559,-0.7795785009187006
-2.7728996599739193,-7.09166157023534,0.6041607245260594,2.4068996588970677
-1.2153466392847267,-6.669987415107866,0.7076688276398905,2.2905486272000806
-0.380089972109003,-7.182436000079159,1.2031558762860382,4.5418871206958
0.3080847036193516,-7.121288196715602,3.2270178313440168,-0.28903141953884653
3.147821283241987,-0.3590685308841133,5.787719008992284,-11.563453576581487
1.8521582284601286,-3.1841499156884057,5.1270067388944645,-6.5896818846332845
0.21479833854575237,-2.210223718350643,2.6326028831377912,-3.292762506896437
2.1208310224669535,-4.392197470645944,4.489792600701968,-4.834322207550766
0.09110548408229241,-5.85130895187558,2.700400312508883,0.1244024746396461
-1.2914136526460958,-5.317109637168414,1.612058033829702,2.1271786721280703
0.6296747482810737,-4.824973213479871,3.356265213811059,-2.7332199797988808
-1.1574472408081993,-5.363415311847958,1.1902668732800858,2.0792262462055016
-0.16959546551771515,-3.4189803321532355,3.0123682248900745,-2.773364336587567
-1.3715142564124576,-5.974250059512781,0.9726204263630593,3.4027483976642308
1.097299054781602,-2.394435021062791,3.5568813068383296,-4.402429132106635
-0.4865685059134496,-3.427473380771814,0.333948426080074,2.5355842966555455
1.4902573795519576,-1.355970290126334,3.2146652875801505,-3.5073598161966713
-0.08947034656855166,-5.198749579776422,1.8514851188068273,1.8513240820212786
-0.40385799071442297,-4.938232636320259,4.166290743133083,-2.3079198481437464
-0.35946857465874366,-6.563208298769714,1.8588626432411406,2.3006926300621355
-1.356798720287458,-5.938862354978954,2.8773919274920816,-0.1430687252876004
-1.6122818589151047,-6.157245553139946,1.7763167375291853,0.782083646597207
-1.2948063811535262,-6.552483385539306,1.9204890621125084,1.8964816213435058
-0.5886784069273416,-5.125844423248665,4.1735316766860535,-3.2377305858732743
0.02597090732105973,-6.205354845042509,0.02116052877927821,4.465810798528555
-0.27617076668465573,-4.436347586285292,1.2361169395956186,2.2621499731146564
1.8834346815045002,-1.8356660803018334,4.734332103842577,-8.61331393032892
-1.1087758030262194,-6.054653011296806,0.8389235888641875,0.893117709635173
0.14384367564568892,-3.0791419121874353,3.2885649446688867,-4.254178879861233
0.1286898364445479,-4.642293224125045,0.804405041401695,1.7764496964479544
1.035534544363398,-4.304674343188279,2.756835382384263,-3.040814053225194
0.902230274990719,-4.278112199278657,4.364957564533595,-3.994714085789361
-0.09297751691161404,-2.6450304323402882,2.561665718202858,-2.701269996001065
1.0282176418350832,-3.666155163261773,3.6995903078871297,-5.293634145818963
0.32397225317556144,-4.503633300670624,4.574003185902084,-4.2032985390981
0.39879259054239263,-3.5567921014761743,3.749734121991589,-1.6679101744998377
-2.1991157567824207,-6.068177144150068,0.19073004063615906,3.931831386183766
0.8259490463803059,-4.679850889082999,4.207163361533444,-2.620976515591332
-0.21633175800131196,-5.896814543126046,2.7013035148369617,0.3878120188235734
0.7650294357245845,-5.650292679599063,4.723638420686531,-3.7146196585233344
-1.3855865214164456,-6.682730212891324,2.853083819771919,1.3050322497656301
-0.3685474725751162,-5.796627555187903,4.161778891620157,-2.647586048209491
0.8161022301164726,-3.4837544301914796,2.7716663103500485,-1.464841521141654
-0.4730895348819523,-6.895987824810652,1.5155193969505207,1.5076556590831525
0.4445315705222947,-5.258120853039012,3.155276286444467,-2.3692072960785056
-0.7038170368802097,-7.068776488659602,2.326708946571459,1.3886368356140755
0.03486168071259834,-5.25117151200632,1.4298810931817787,2.7135123370199894
0.3405207881413492,-6.830054247141852,1.6087306344195254,2.4625274920986766
0.10367688514977508,-3.900890637501455,3.9249035252640745,-2.3912101036088425
0.5383467692384967,-2.9820989342376945,2.82162720757365,-4.0227405200710376
0.021150742032654803,-3.3635601255840926,2.4187623800298024,-0.7089439230009464
-0.4410960156619166,-2.3414400216991944,1.0537871000944312,-1.5293282795777394
-0.5769650680082941,-5.102757480247445,2.148102774285306,2.2460440995096915
-0.3373599782154893,-3.5578418433672008,0.45531477617043326,2.458626489020214
-0.198025340901164,-4.752961405094084,4.151387507977452,-2.9973618324308733
0.22723934434071735,-5.519504418135369,2.539328861084072,0.6347399938358431
-1.3226014280487055,-6.441555670542557,1.1215327905343921,4.670611234873685
-2.2522582861007017,-6.0386981932420785,2.4787433555120124,0.9535575930069443
0.09019702117990704,-5.491102788699386,2.9014873196675848,-0.5570043772557451
-1.6819958103427453,-7.864301773849369,2.1225477065829375,3.052050626443194
1.419138514050265,-2.68382225746385,3.497880109628539,-4.374874885824268
0.726894075260342,-3.8574328301379226,3.1924045159115773,-2.2777630895684178
-0.5414602656522841,-4.814497819676928,2.3612513469841487,-0.6575724655321598
-1.5501225854088811,-6.107136045124365,2.1680118521627527,0.28471912288452383
0.035406474307321224,-3.6939492064434463,3.0646500168805018,-1.8716188188101723
2.2854574569225288,-2.7631336935328576,5.5511641364476665,-7.635717971357738
1.7203665787911053,-3.3985321021862682,3.3989246722729822,-3.6138121612184535
-0.5085630109098325,-5.506838704004407,1.81306909178025,0.056035640426487454
0.55174965196101,-4.797799289455605,3.1894674324363015,-2.2510014601670325
0.7238759070559383,-3.4842754974228836,3.027312037652006,-4.597615228809236
-0.4686290501164739,-4.355245594417571,3.0556135674121148,-3.218575489263324
0.671797021075242,-4.104129750460688,4.894169383660241,-4.342681954634943
0.35253229335396485,-4.02871453813627,2.3105336335779807,0.48759105975356776
0.21258281854545,-4.851670318534632,5.031883690628754,-4.270782574902198
-0.5116182885285732,-4.9856978520648285,2.5273991836808025,-0.8190654322048238
-0.293395594640803,-3.032382714840151,2.2438637537836295,-0.10147568907980586
1.9309454166098983,-4.28701082208965,3.5276385815742914,-2.9980360876947962
0.12242440519926155,-5.7649523013572175,3.3224894287736872,-2.704122124926987
-0.16336234778109804,-6.298458278686523,1.9019212812917305,2.133007201498325
0.18315619108900397,-4.7296743367038045,3.380920551629523,-3.1427268319665496
-0.437141464675605,-5.513562604613009,-1.101742619882344,5.637587386672389
0.41969565090661903,-5.4145467347824905,3.2003526374687365,-0.7022362381117377
-0.08871758293689884,-3.9358673985014576,1.3274706669319807,2.0728692938989686
-0.48285014006630134,-7.588904595775155,2.3274117757300115,0.8308139826105836
-1.5150413230263151,-5.76839983652906,3.5268852071099692,0.06683544965691324
-1.0980838502524712,-5.70917301132752,1.5697641573871746,1.67916910535374
0.6719740243022455,-4.578047780053752,3.61714834888428,-4.829057295938564
0.38675324594033383,-4.078361012748684,3.075505849979206,-2.8355221205493684
0.8383592428327026,-4.803932226979506,4.656813594438426,-5.037862854901418
-0.20343838848400828,-5.6982694059330825,1.241150578517135,3.415884680980842
-0.05441165846795849,-5.488290305425954,3.3006855895335594,-3.059358908475577
0.28212910047100415,-5.009845623518911,3.0965679662229864,-0.92666185028978
-0.9670376240251601,-6.486826450527096,3.60693991512197,0.42729536155957804
-0.7147330443015798,-5.425380678933963,1.8700281044583713,-0.06948018697687752
0.6914599091111667,-4.823887071187077,4.29729680926487,-4.825947120889399
1.6880239171963218,-3.2745651107867473,4.1315488618742595,-3.241453577218788
-1.5919462680806649,-7.615336369896649,0.6682769574818601,5.541973308554719
-2.3846636910599472,-6.468953448793276,-0.7622374941048664,5.979539998314319
1.858336434049549,-4.154235403182736,3.79260452051393,-3.2670179533762185
-0.14374809581162779,-5.540826897361259,3.400309686150483,-0.7943636385906108
-2.050609352249554,-7.2406104484642455,0.212713879866547,6.142246784385259
-0.6028945815555102,-6.969185399862347,3.2341494272127163,-1.6175640196815864
-1.151974482849848,-7.0098921663469405,1.7240972108097945,3.090554966457841
-0.8051860075266163,-5.510836606504579,2.385211002047595,1.0458714120131214
0.13721146570310253,-4.723710414817107,1.93069117170674,-0.7802370707662916
-0.17655206030319096,-4.5528094310597504,1.682283192938551,-0.22005366724783126
-0.04215892553906014,-4.757468433550714,3.985200817133314,-3.6362280393737216
0.17577272999221608,-5.601965694162301,2.843226737374468,-0.7208051762874851
-0.7469561739715275,-6.578304697698633,0.26226481708290184,4.407053066878973
0.6957732376375974,-3.4859211750649166,5.402665521767554,-7.839789906812801
0.04291468099847176,-4.075896375363451,3.2787244481073285,-3.6980192345335023
0.4707056805773103,-3.032156262165159,3.7509756069590843,-2.6823447425597573
0.010502126254843615,-5.291432549130972,3.3105525199462496,-1.8647857951055131
-1.4450772860668792,-6.067347818221017,-0.05000119997263952,6.9187122291321845
0.607197538101851,-5.723929252643574,4.338073638101626,-0.5321597969088971
-2.2103012434060805,-7.514324990934993,1.8517714353567802,3.3381240799110232
-0.1889357035441851,-5.938950246925048,2.9733012806952606,-3.2931055775158606
-1.216822922129052,-7.097958132453625,0.9250093519875969,4.011908127800198
1.1982847581234326,-2.987649396114234,5.855068534837264,-8.229513630053287
-0.18877292827354977,-6.301872987759726,2.8159428063425525,-2.100283186864008
-1.4115222146074682,-5.781666496830558,-0.10911427050188882,4.116297199859241
0.8267670333025422,-4.154562716817299,3.7197004943465886,-3.1136096322285036
-1.3555250416058353,-4.989990519106588,2.8242435253037703,-1.3961832718350244
0.6391165565584743,-3.7156471259198347,4.903455206357284,-7.6227449775095835
1.974232377180086,-2.817567055948266,5.638269900898769,-8.36311514698538
-1.1876120738544895,-6.205583852133936,1.621198118278925,0.4957699488226539
1.292649949291405,-3.903180151061081,4.177636284504057,-2.4010217425727802
0.3121424473561126,-3.963943338277918,3.409913236106349,-3.9610033345263576
1.8622811616029218,-3.5953635571252507,5.459320512441929,-7.811263612488001
-0.7900721382213357,-4.493038954716185,1.7209852666895582,0.9558511457045914
1.0288354334745726,-3.1283048110381073,2.8060279116423543,-5.122538996712166
-1.5122406232230736,-6.20717043786001,1.0404646008059562,3.3010707901605856
-0.24001820646307062,-4.125368544353948,3.670718678777984,-3.7308661466274655
-0.12922402664750016,-5.276397778205302,2.3438809711338084,-1.2351254511253884
0.06653050683970729,-4.134844455345788,1.5597038511175336,1.4823792520122314
0.29149711678012713,-4.280639542459263,2.3313832896408107,-0.30292446657423233
0.5192105717488484,-4.215747687414402,2.0125606102961466,-0.2935849367073401
0.10570439160255012,-4.930294612863112,4.3816822452362745,-4.896689012540781
-0.378531536891439,-3.9584469385501837,2.6754747443770537,-1.490397385914125
1.0831520167678566,-4.968019052231515,2.195423066849238,-0.5093560280961928
0.8306096888663499,-3.3468548325317498,3.28409757696104,-3.661484754510415
1.1677765927166985,-5.499844029509221,3.5115787789829525,-2.971180234268159
-2.1187627551759,-5.982869748691832,2.18020216059705,-0.530680703800182
-0.6633188228175585,-5.970712266588399,4.273671010768646,-3.2044680814795194
0.9255470441834703,-4.041326806058928,2.7583238357502626,-1.0520982562563748
0.4402550486588439,-4.065243050918129,2.6855833023489493,-0.9274768114371166
0.8577532564213768,-4.356432473654413,3.8313174035272577,-2.8468976889981277
1.434637767050995,-3.742846365175276,4.57299385596097,-4.766120675055413
1.008820044498519,-1.9368289572986817,4.199065611275265,-5.481941221562176
1.1037008105397497,-2.733738641739118,4.4488941505633255,-7.952310591929843
0.9061158492471226,-5.70549118773336,4.449542612032302,-5.037132732220785
2.007027234381187,-3.648494894301216,5.9076129973319915,-6.632639061419627
-0.8339415889265352,-6.412783448465195,2.2216683122509657,-0.19823101709075752
0.9064564536272023,-4.722287457680266,3.5745018581313373,-2.6082797962189685
2.9395444609609154,-1.7790922067193475,5.898851822151736,-8.97007684229662
-1.0563408734633022,-4.789169663129137,-0.09197792405969452,1.7455854201803036
0.47554928063278684,-4.722867241127387,4.785458244471439,-3.860761454084091
-1.5589923652879358,-5.911420385042952,2.6810016198371427,1.0256778853113964
0.6659331403452996,-6.318318609958244,3.748967304122336,-2.1825983746805737
-1.8110577699106647,-4.9348801466009,0.6342905663391856,1.840977821983459
0.04405962035919022,-3.279294217947413,4.505826752468205,-4.2241614881439915
0.635186820294512,-3.513756812306148,2.8860363597261047,-2.8857301688970067
0.4789268079432277,-4.029399588810298,5.568409265904338,-5.754168924331418
-0.34434811242514946,-4.69661183749098,1.1223697547726719,3.162716237651583
0.5533058660220288,-5.12611900852332,3.3008800767327595,-2.823082295585047
-0.00848715829661494,-4.56071764425038,3.3258703081282883,-2.701962369325692
0.21564256771912424,-4.283968913009987,1.4198998405965415,-0.35947898681008983
-0.5054087078899074,-4.952002688421224,2.650245197824228,-0.8525978105798374
-0.6694474312064037,-5.765341990083639,2.9134154061293067,-1.7650892671221021
0.5440022698959368,-5.362229894089245,1.4934937295938207,0.6443990152428659
-0.7096683976363626,-5.3879112439848384,3.25499984660545,-1.3951076236482063
1.0658535129306093,-5.643093390148935,4.521087231897919,-3.145532072819758
-1.886475210788988,-7.183500956624567,1.1591331178569018,3.5403544042649115
-0.8768210203581089,-5.766454195034946,3.4443260110812908,-1.6446387608673492
0.03691384056498004,-5.21877114084591,1.2450145664742798,1.0030339701067943
1.0070949475046054,-3.7422069704889704,3.3706129846390844,-2.5403169530779994
-0.8643216538152726,-6.179471963617977,0.9500604970845455,2.6211686439309174
2.1402327193891235,-2.985172132886981,4.197089074898757,-3.8114850010833607
-0.4328099584029045,-4.756753806145406,2.292217883801651,-0.18257798029541106
-0.2889729771287878,-5.066739495885334,1.5829852135044464,1.2575514482064862
-0.07539493340177854,-4.407408051242163,2.530388393952704,-0.5361690001151183
-0.6738417274729147,-6.014832482213196,1.7615723756467812,1.0964217968163004
-0.6401952141174423,-4.091339553054208,1.8497167609822478,0.8472074914959018
1.3723385332046054,-4.241998594334345,5.732143689668014,-7.7146734519458295
1.550015809542123,-3.7827472518856653,4.504172838248892,-2.0591622192203123
1.2412448142865442,-4.789813230661808,3.668404016152706,-2.1141663967007935
1.0519296629443424,-2.572235113540835,3.8160853261013545,-6.241579301106319
0.34881457395232324,-4.804731142866361,2.5990207241827576,-1.562603092142937
1.498549415748564,-1.4823776238845963,5.116169630439002,-7.0353962095453175
-0.33442759114913295,-4.554558064980636,0.4702674671734508,4.082930746957381
1.0341354600003758,-3.6675844484941136,4.363367996354178,-5.9891912081869805
-1.1017592933715903,-5.113416328313499,0.5081375326387516,3.541380428490834
-0.13190171258855415,-4.719476286448473,2.862747192790765,-0.7054623591939699
0.21971648196402116,-5.229129089042119,2.2582403818807175,0.35812627565443605
1.247215502700072,-3.9803682031626826,4.878670214694604,-3.7927323797934998
0.4066511241407723,-4.430950560379393,2.9875101858179662,-0.9211814551833768
0.9817201418926419,-3.864525668007233,4.4289039645385575,-4.070609169873294
1.5372530042019914,-4.526245879385699,3.610375874547531,-3.728716342023053
-0.6238414485498894,-5.717111705502236,3.3392975053514764,-0.5484768726835967
-0.9782713846679173,-6.23142264298694,3.057090259334913,-2.063482390133297
-0.4930481247014775,-5.925755267678115,3.1041045287298656,-2.191520335594503
-0.0698457477238752,-4.268358923281312,2.3229165874286104,-1.7231168363631268
-0.8126750220358617,-4.772557709538264,3.2003656194650123,-2.3009330424683743
-0.10494919406997687,-5.686925720500101,2.8861493230393074,-2.58439851223877
0.6552905521072878,-3.238710956005387,4.228889366803392,-4.879376035671523
0.2339609967766238,-5.862978663372257,2.558808651358391,2.3515675782820624
0.7037056977054853,-4.776596776003222,1.257474118801642,0.8045989320917396
0.716853858615961,-5.002478508573937,4.587976165739402,-4.19088968923971
0.4712898953909813,-4.024354733374893,3.083206796730659,-2.842620089652234
-0.7257195225520553,-4.986313018593325,1.401941290329882,1.6295146718971791
0.03789967674344184,-5.887848312836471,2.7400712049410108,0.20491587919227888
-0.46076819388017914,-6.284293493225048,1.8307807002746774,2.0911987078648973
-1.1063040766640437,-5.456032899359542,-0.07807503718978892,4.8071158978007045
1.6447274013414663,-5.383408664041811,4.3402647390116575,-4.005981287960844
0.9266637747403811,-2.5469633678754784,3.9466979085757647,-6.4752520426001015
-1.0862697314845238,-4.986123736789024,0.045249987199774466,4.75712036668379
-0.14234886235822414,-3.6089562958487837,4.323173580468446,-5.1285147631698305
0.33787125014709696,-5.733511334814095,3.3656152768372722,-0.132244397234472
0.8396090227586288,-2.0908757974549843,1.9957204421509953,-3.1932816543009697
-0.9069400248225659,-4.204917032458074,1.161904327585518,1.4294085836405768
0.15613522401563795,-4.588187157298519,2.580640303979539,-1.4782854856321417
-1.679290361717149,-5.899177562148631,0.09797938027363728,5.7785574522792205
0.6271851009227474,-3.9424722569918855,3.1954550966831525,-3.6231190855037596
0.511050629185058,-4.582292111555101,3.496443416068302,-2.6077450027619733
0.0914747607264241,-4.10178694563087,3.7708539399144803,-3.965960615521425
-0.9849259206912685,-5.185524058080254,2.2735322395367685,-0.12814969530616152
-1.5828763924013085,-8.415060238199867,2.5861628026889916,1.808705923813525
-2.3246750285921083,-5.975742554402183,1.3187986916128196,3.505815395420197
-0.9379262480262793,-5.081304193020927,2.2282381361761256,0.9452215704427617
0.4469237221098548,-3.354942972766448,3.5504691689470618,-3.8571345222012248
0.7290862445034916,-3.3891312805436473,4.207757349700894,-5.740254436132308
0.5491673552086828,-4.737279858651207,3.0744167366322137,-1.8276408396923471
0.9869784880440138,-4.171142198271494,3.3078769169747955,-3.304384022494532
0.6629740748829978,-5.146500370541863,3.842834590146617,-2.407570493580346
0.14091388037417163,-3.5329372003959523,2.275492692861625,-2.4886951260378254
0.9998350253575597,-5.209583191697274,2.434374413965688,0.7824334643220696
-0.6827162254252406,-6.013307068995043,1.0021895668002399,2.735920597158632
1.7007088312285177,-3.7693086005620153,4.844581063829045,-8.08361266379048
0.7384529600620714,-5.581510420690719,3.3975104125012,-1.889662914713964
-0.38634980432095084,-7.015856796324117,2.3775735111901684,1.6589114856094185
0.07725691159483966,-5.08712874640802,0.6451536608762454,2.151926287212504
-1.879404818766328,-7.315565718088351,1.8448000404591385,3.2186048113765655
-1.9764129934395427,-7.3918323318164685,0.8139333714507478,7.210141974538216
1.902679680584606,-3.2869567001994473,5.867869582952849,-8.546144176590797
0.8469467508553772,-4.540153143782931,3.6587713343131556,-3.1441926320720666
-1.0225986181624567,-5.412026453832781,1.516420365624824,0.3243267308845348
-2.077868511409373,-7.383082768254528,0.897689570865527,3.917551877406018
-1.2063119221129543,-6.366371528215659,1.255062655291446,4.488057394430708
-0.023186860180478774,-3.7360784663191735,3.640853325513177,-3.9478785662974216
-0.2354841970711421,-5.656245076655961,1.1590721551625998,4.057326925459429
-0.06626269379466766,-4.2470377751960555,2.6221235608044817,-1.1304952655427198
-0.2984006698080406,-6.036856888812132,1.2225777039773424,2.646924659841728
2.2108426212728793,-3.1405136305359598,3.613436817718279,-5.353272011241004
0.7644791448383285,-3.3261434545958575,4.262300996885208,-3.8073630333636923
1.048702408202802,-3.5117712898255258,4.498793614038762,-6.602080741829214
1.8009671141578782,-4.018947656425425,4.765588761739788,-6.881131389377912
-0.07236749992454078,-5.385100967258722,1.497948393332511,2.326909269486849
-0.7671528189303864,-5.746635892362315,2.4146145666988117,-0.6565837315512695
0.29148490003933364,-2.909956285244929,3.0560300126673896,-3.1407855673027822
-0.6366562809208537,-5.0032894748193515,1.6852331835642982,2.1275242809498662
-1.5734125571645121,-7.667990393839999,1.98410485825602,2.0792396091105214
1.567361857418077,-2.624964178437974,4.816872894582562,-6.561543957499359
-0.007221451836827675,-5.087752189900036,3.0372799279625053,-1.9256729328550741
0.11668923401725127,-5.607261555971028,1.129590679348445,2.013512855348571
-1.1304130983967469,-5.648329970077349,1.800232807120526,1.4020895004286589
-0.42491000101477067,-4.79267513700858,2.704800449653793,-0.5004434809850277
0.016487317824179348,-4.307145378417569,3.8240438276295725,-3.2606922518729706
1.1090986359776396,-3.690486095250606,3.225041035069238,-3.7557047270175588
-1.4225701443150534,-4.459757056668761,1.321147103023261,0.6146366968190791
-0.4826197048171694,-4.312735867176222,3.497284014223661,-2.929912600071124
-0.18841748994512025,-5.214122597425629,4.0923427667002805,-3.330485300588272
0.08647492437627122,-4.482018860059717,3.7010252937901322,-4.98179615953058
2.082980964063206,-3.5227750221637146,4.324923288342588,-5.231699537533215
-0.10151807138455109,-5.72698628735874,2.283012647563801,0.6072785553924874
-1.6351199312347813,-6.351763620256153,-0.3041987753593367,6.769803788442448
0.3921994835190462,-4.604201903309961,2.3530444315469166,-1.6745455253566934
-0.22607606380716505,-5.810527058728014,0.04317221039362007,3.6051716054988487
-1.2809004408809674,-7.762905910930044,1.1055324405525853,5.293627036755025
0.26437863582572063,-5.67445651172493,3.014005007500985,-0.855894200923273
0.9164147568112588,-6.226305340860277,3.9064257923577013,-1.859543830927615
1.3982452708252306,-2.7289290859114588,3.964412130599592,-2.9115396138020584
-1.200401318264966,-4.564704388913616,2.2054529872693305,0.020206413821554747
0.12715440714917756,-6.083550971778571,3.315139299156677,-0.3597104051793101
-0.19870929713806423,-3.7279156934719113,3.65603227203858,-5.2289875194796025
0.9811378317472554,-4.008304494724643,2.6740446045834165,-1.906132799254254
0.25987811431618657,-4.554019820152595,2.422834553122139,2.279494082584436
0.06748698813722104,-4.823499409120349,2.160805036074398,0.7023224934510724
0.3466140234911681,-5.229144028972597,2.308953819849926,-0.9387041959060811
-0.8482616818985721,-5.9534145959858815,1.2328078644578877,1.6160459026245577
-1.222921465772533,-5.815552909925538,-0.23624636137130994,5.5874458488923215
0.10541406143187686,-5.56543790999896,2.826836341968803,-0.21627100588041892
0.3045172610594067,-5.538298960454504,2.2501812031921546,1.110343676992826
0.8281845870546302,-6.0802011963739035,2.3058670060049593,0.06150729720505266
-0.602477043062195,-4.869951489036877,3.5023069738450756,-3.6609039131623913
-1.2893619498023041,-5.892953491966598,0.3029357860838462,4.757420276309823
-1.1357147823297709,-5.66519022646536,1.6215834938864477,2.2654088703834825
-0.33158194119571,-4.195602992800264,2.008512683738642,0.751675975323733
0.3231218010481889,-3.6849327572086663,3.187330868302581,-2.8987702892224054
0.7596398959857404,-2.823794296580765,4.101049525150213,-6.3577598904546395
0.3949577144977871,-1.7966683166956328,2.678835841866854,-3.3128641555987572
0.04339888367096512,-3.8613211309033035,2.7887231161963473,-2.070746061235959
-2.044650786356941,-7.418451365262385,0.43452806397245564,6.217533223119451
-1.2240162007402255,-6.378889498229561,1.1416869514166776,2.8969165759286772
-0.4644651642266837,-4.524560565772347,1.6241674128398187,-0.34781004438630125
-0.21308960943986335,-3.5803297185561824,1.5349232337665146,-1.5502289308119903
-0.3498880106481805,-4.245325868961232,3.4593506685227142,-2.9280318697839096
-0.7450062151876581,-5.671447804760843,2.496927621281018,-0.25121221479811434
0.781920494082445,-4.687812596914067,3.9811224808962673,-4.400842842209009
-0.4954204874742692,-3.6885541071383505,4.201897563322148,-3.5713538471104203
0.849414686363401,-3.6308940541418853,2.229862587736255,-1.3635963115609386
0.9636933961213732,-3.614290276464129,4.190024061064783,-5.79924372182044
0.5696122925578565,-2.345414840126633,3.230728395048855,-4.243386013029287
-0.46167113887090205,-6.937955205784184,3.1584590211892225,-0.6443081660671816
0.20713375767440378,-6.404319440467021,2.832194485836721,3.401559940915514
-0.1686600244807973,-5.289751055383947,2.4792967659975034,-1.0715819802199655
0.38657690269731915,-5.692003994058124,2.7114866669982907,-0.45519310758929543
-0.03526426474401592,-5.8204912047795005,3.1844512637691795,-1.8074092043005727
-0.8862967688644503,-4.969966658084013,1.1625603449388864,2.057374601004147
0.7124330203201977,-3.052164245352425,2.9347680370070215,-2.8739534724154
-0.8545726205787063,-4.603833613450541,0.3049919775495642,3.310019840266909
0.6686262705936624,-5.188697560318785,1.6154563000141597,0.5539892271890569
-0.6886655550322025,-8.229861662807902,3.796876858930969,-1.466783817768442
0.5424521158878862,-5.127788368397335,3.2841913663717657,-1.346630982568451
-0.32428278770778995,-4.521453521490026,1.6923436729152694,0.07192536250695175
-0.6516838194732355,-4.213693203261477,2.843027547244862,-1.8154164982624665
-0.2841491410620493,-5.0952612275166835,1.709493589168435,1.3794316607512422
-1.1424062960027457,-4.942758459114334,1.1393329108057966,2.7062325467357433
0.19104657491013544,-5.169514103193955,0.9686165825028672,1.0107083586271255
2.3697516518020088,-1.7766990791958712,6.839669229999942,-11.04463246462501
1.2014718372503344,-2.072947740337192,4.44122198722805,-7.627061952317084
-0.10321437588986161,-4.368225662262455,1.9292216112915317,1.4464718615554581
1.5955825955438594,-5.2566855785077,3.6780982199756793,-3.0660429029454597
-1.171997758374501,-4.878165368348423,1.2462149641982383,0.9076102898014191
0.7631500157515965,-4.22794165212159,4.0055375767251356,-3.623354898401302
-0.18613078356401136,-3.5803675890724205,1.203417891637435,-0.013865786276584025
-0.9127473779520334,-6.113561553049352,-0.005402542224761664,4.676323637635021
1.1293766978437971,-4.957473446097936,4.611010298780447,-5.555496013204218
-0.5846183575036382,-5.828959967086328,2.7231764726878738,-0.9628236204955064
-0.0595158477059934,-4.546273206889536,3.9895500356621802,-5.031664794506434
-0.7411941979169708,-4.945753627741416,1.9609914302375235,-0.02534168141316806
-0.5589523163337516,-5.1861078868391814,1.8417782544827959,0.4509823901199373
0.6195155255802256,-5.540876111438377,3.9235490553383325,-3.290644376952069
-0.06346952337698047,-4.5457954848123245,2.577526103571905,-1.493451148525953
0.21955932669292413,-2.9177127751272094,3.8503835906410737,-3.8835327898860097
0.12196828466499483,-4.95451874440643,5.208236323390199,-5.938433501762454
0.5454650814609122,-2.938751989619605,4.231013204688515,-7.375630675839323
0.8899444416950228,-3.4942703955938823,4.573763471927346,-5.549549627035189
-0.6898592405024225,-6.066360663223895,0.9114036432162107,4.265264333629139
-1.7724186708919925,-5.736253261606549,3.020443147590221,-1.311933267965978
1.5349925170224734,-2.825538758352238,5.694621843360634,-7.8775350872926975
1.288071003656983,-4.264963929101676,4.703459269278283,-5.243010152086045
-0.16090882508470317,-4.437789379755339,3.1892612496212243,-3.8374427837635663
-0.9117659779798447,-5.433438615550277,2.8839855074502525,-2.0481344792665874
0.8409709838594811,-3.5571679576854534,3.298307150716462,-3.2776199700905866
-0.5721317579419812,-3.670109375524746,2.599961475576869,-3.2681795225871895
-1.4536193257708823,-5.8376578650722415,0.45746361782649814,5.121970534276457
0.5646336313065202,-4.746069018378361,3.7353170884712497,-4.107926076404665
0.861137885963383,-3.2055541703939374,4.617383242901717,-6.490929307173858
-1.4759664982225214,-7.487220717667654,1.000335553925713,5.530138987101323
0.15247986536770342,-5.029873280352584,2.4657717306242675,0.6112979396626117
0.528129532182301,-3.5455950264578346,3.6481429028437793,-3.186256456796129
-0.6126388121699317,-5.598228129827979,1.109136857171573,3.808023622190367
-0.8980426854370613,-5.719688304689995,1.808551124569936,0.09749469337165051
0.5300001014792087,-4.189949353516815,3.299012315174966,-3.815005880314547
-0.44631585578423233,-5.260710491593347,1.5090166555697242,3.062236630109302
1.9033862872737035,-4.233794028781456,4.1441380968050705,-4.528832245377339
0.141135073310704,-2.735285766700555,3.4601243996376545,-4.708005403442598
1.9901391106322228,-2.932612948271421,3.629345672527176,-5.253009338038915
-0.993663820846721,-5.096376410514506,1.9200767387264033,-0.3480862012970969
-0.9456061464799821,-6.367258806775587,1.6841784095757848,2.515645313066094
0.41533186727317417,-3.6271781925560163,4.5037503792359885,-6.671687188774198
-2.3199520109902276,-7.175512260384281,0.14361509233124076,6.454104483181977
1.8591938074130026,-2.2318057676414025,3.3583496859282906,-4.492970297885746
-0.6005617651606207,-5.519003411597975,1.372780930815122,1.9343243054025958
-0.3810585382489008,-4.625066400836945,3.792982440191434,-3.846025343560371
-0.7338201104836352,-6.088359543717518,3.399740651809322,-0.9003377850742731
-0.6366455810258583,-6.005067521398118,2.8175279117612004,-0.13916461806127994
-0.5203630365332101,-5.039056468436776,3.5730601189222524,-3.435019131267475
-0.6239627042306389,-5.319994502942167,1.4843719088805418,1.3915410115544196
-0.7347033388576478,-3.2908275608575828,2.0778827532429665,-0.6802903484637128
-0.4517323517031473,-4.45365262637627,1.5693534254809867,1.4074953082517085
2.6547498690616855,-2.7576221558097322,4.479469039580127,-4.932604533592716
0.5150064553571003,-4.405831107938535,4.615121983260021,-5.447697949633295
-0.6312126741691892,-6.202230160736608,3.709676233443841,-2.0898813664701468
-0.5717971089993171,-7.806859442759917,1.7359682040578814,3.8160684908421914
1.2898758036215385,-3.59602653860101,2.534533538133729,-2.628333815003196
-0.021637297425890836,-5.864367059116816,1.6421750856434447,2.3548614727841963
-0.08945955292809644,-6.223001324720457,2.9030972805947854,-0.8235436671857765
0.5612705611847701,-5.079171937053854,2.171770047315106,-0.34702130981550344
-1.4017312084119578,-5.025743619439691,-0.11393376539324906,2.8772175895043484
1.117104762301571,-4.287397111844865,4.308164681660468,-5.082277090402829
-0.29374478872514825,-4.521657023878923,3.3184048508806487,-1.7834469763951069
-0.3539570639393583,-5.6410527846218335,2.999826838426645,-1.033009085094133
0.1778296471857671,-5.0807562025508375,3.887285203834418,-2.599698743545023
-1.0240422774797586,-7.058867902481106,-0.6093829500595345,6.225698898754289
-0.8344867976584845,-7.872972199163176,0.7838556354631574,4.502378218923091
1.598248936722595,-3.2995143030115774,3.6567486593491605,-3.3247798008884692
-0.8924376729648258,-5.174720745774238,1.2641456574289742,0.9829164925505196
0.8875584764226782,-3.1520207290330022,3.1939198932883937,-4.482188354431181
-0.20320042108276243,-6.521930120020368,3.9244898012878178,-1.137891494835182
0.4439689561183711,-5.097558765252377,1.8478383251695538,1.8678620000633648
-0.08659043329209744,-4.958328264925498,3.596380265137461,-1.1329872069445968
1.185017754293034,-2.576527678864048,4.910432394687415,-7.0930975648168255
1.9131707472462032,-3.9026512289797672,3.9855123437001967,-5.388978271607337
0.5362255120998601,-3.415727512681406,4.5098268491081965,-7.161859322483581
-0.905830245760958,-5.7151155536509695,2.161881354907351,-0.39810419749931425
-1.8235293939751167,-7.411100990708229,-2.0296493171979586,7.49687017612535
0.10310136676226621,-4.733492097179025,3.5185147073528027,-2.191808818793097
-2.0175231004583267,-6.422907300926242,0.05806919248672593,5.716039785687319
-0.3366837793707064,-5.8588860326159855,3.7331461018724283,-2.3430789657984485
-0.3407470939188769,-4.832294541901639,2.0821519457282656,1.5582408583967704
1.7063213243369049,-2.804258910274577,5.446626262774462,-8.573560993214224
1.3397253445978912,-3.0935269593077885,6.405668556397709,-8.230271217585504
-1.6037823308549553,-4.536586446104336,1.685447975340461,0.4275639423070938
-1.5679158879454647,-5.58156739446998,1.8479985876671896,0.9234413808805948
-0.3969428521187948,-3.8200127128707537,2.2107510516776387,-1.566249623685969
-0.2821247786501622,-5.003781504214141,4.032920349063902,-4.288314262249981
1.1058590992399453,-4.988412700918142,3.307408798773935,-2.82914570343174
0.8025632479008408,-3.436841773077332,1.867619343966383,-0.12988072998659195
-0.6096845018498825,-4.89658854134091,0.4653282493101851,1.7150045822992024
0.9813553448545718,-4.399769949976862,1.8171835081055174,-1.6410801393449297
1.4355083232727985,-3.8615038633769934,3.0511055364706277,-1.1978089090696287
1.551163321332261,-2.5973546098835056,2.68646250220195,-3.741956080154654
-0.9033886819160328,-3.7383134170876997,2.092884353390832,-2.4150203344986405
0.8599913664544507,-2.8685018266551308,3.8144717533242263,-4.781736779709106
1.3102687392427068,-3.0478515484062187,5.201643368490334,-7.004027065540296
0.3731579492310446,-6.661536268838845,1.4440104722848346,2.6826156307132503
-0.18690954925715858,-5.71887925860453,2.761171734205241,-0.5917860876002746
1.021744879874816,-3.597136255743882,5.03928291483814,-7.563803726496811
-0.5622586293512026,-6.445275988003975,2.0462450688593044,1.2809134622793632
-2.591874928410129,-7.642026717790262,1.1542623856441843,4.857696724420974
0.8897148119970517,-3.362785907351561,4.342465592263665,-5.882304929463082
-0.16320703731671754,-5.94165931758381,4.76152364057465,-3.9123770483046045
1.5541894267150047,-4.221398974071744,2.8694640226620027,-2.3460267346463053
-0.7742786533171364,-4.67000345451733,1.5995241644413984,0.19833938248215544
0.46986388122599015,-4.253181921117519,3.49961797978784,-2.4021886663791907
-0.5482145906788486,-5.633175056288656,3.2971869633414688,-1.626716660939448
-0.2837488869932348,-5.166629056901775,4.07286263283383,-2.5183947407305602
-0.37373994360567103,-4.707216871841776,3.690105644558857,-2.0124606263739855
-0.08980287039667242,-4.633742029996798,2.7561480255891984,-2.964181414148947
0.43356964035969375,-5.450862163538772,1.7526080243767514,0.8120546799186132
-0.7569939991156549,-6.370804943720421,3.2546868307570835,-0.3108802135527949
1.3608434184154983,-2.3537090342019855,4.777453799303109,-5.0012213352052495
-0.900054332965019,-6.682102928003813,-0.44400899378823633,7.73101521430053
0.36465315060056,-5.376688848824727,1.0576573838938281,0.7939188591179231
-1.41847651241114,-4.345896546167872,2.0217509911540734,0.3992901618850351
0.3978745954057583,-4.8499961016701025,4.833081014003072,-4.603867226771682
-0.30107630805670316,-4.215747096209978,0.9923962256780929,1.5349766487074268
-0.2975785790035834,-4.285641595006074,3.1745475528301768,-2.865964514453825
-0.5194709410727515,-6.0855053760259485,3.356739063402287,-1.056377252523915
-0.17514303411539622,-5.096886667429668,4.035045590710781,-3.851614441309821
1.171687086261581,-3.407198204432412,5.00873358672351,-6.106532171905657
0.820453573842574,-3.50688406281581,3.042437058317297,-3.883855941605659
0.4329860903627555,-4.058984003001601,5.178327053892995,-7.798848381134462
-1.1942715158413304,-4.37427005913665,0.526831222604409,0.7659464878709064
1.271716427514705,-2.8140261933214354,4.763253797936877,-5.814484148981135
-0.8689498021791634,-5.898596965133102,2.165440048462636,0.9301858109870187
-2.227212655983716,-7.268161409646886,0.40837051968949506,4.475803837416435
0.43113261764955124,-2.8098578003113026,4.157322326655759,-6.531199484567995
0.5175983776765707,-4.841779057527185,2.736235130671037,-1.1787111872088607
-1.303200469868726,-4.187014809592002,1.101765071927443,2.9286451664491935
-0.218468165740855,-6.0940127928847545,2.7545028244295415,-1.2707917053488194
1.8640059158322833,-5.048939523074141,3.486378759852306,-3.7152849882440093
1.1412556248351933,-3.7996943231776283,4.465943872249281,-5.295781433570349
-0.10212771418096107,-5.303432271812554,3.64035774995229,-3.8031223740634186
-0.6261906658513405,-5.823690429942623,1.1816571608376358,1.9381834940015414
-0.8430501398490934,-4.952433621637172,1.3657945951888273,0.8116568749637371
-0.7560202096038663,-5.568994224706802,1.0655178052967729,2.1571775458977474
0.6258407046445027,-3.4202884215403433,2.3912281778298237,-2.044064857515017
1.5847369280933918,-2.613030034821043,3.665426910477775,-5.658253880593211
-1.4218859205435128,-5.035142763893713,2.307472665745288,0.24527588212974988
0.8393099209575109,-2.710200014188739,1.763187654123066,-2.280552758529109
-0.10832037710381609,-6.202183341550498,4.141943776729949,-1.7950716409663925
2.038136953286192,-2.3125913918060728,5.949537151702348,-9.83809896905613
-2.2340016090159867,-8.188080959097316,1.4083154093052719,5.559980723444612
-0.2846689731543289,-4.58947484317457,3.1394226844876627,-2.7688314781840617
-1.8999672352172603,-8.372506280826705,2.0103573062216498,2.6087738563301
-1.2412753647340078,-4.299658372788048,0.8849813753151361,1.9955867300227668
1.350053117663414,-2.0022275783403707,3.8365367451588686,-5.798184566409621
0.8684571437377585,-4.384993554898377,3.930246631360215,-3.3281757174407494
0.26274593171208344,-5.270104853839707,3.2511741011538677,-1.2766762212461593
-0.9823412294630043,-5.607280493880698,0.6114006831973187,2.348291328132915
-0.22150115648316573,-4.170374255909002,1.0699062429733062,0.9931352928719733
0.006399756764930209,-2.879852761751266,2.5883131077209005,-3.4091632078986382
0.6837552286904686,-4.240344355469006,4.504869608611238,-6.435672410320521
-3.3783058199614375,-9.871658918849645,-0.8191964144582332,8.799259397365583
0.0009992657127509451,-4.1584024982512195,1.919702948203748,-1.076922397756631
-0.1377917909866027,-5.948163943453659,2.9321065560252766,1.592855601183172
-1.2654440853552495,-5.595722829089241,2.3340828811122667,0.5550290230883086
-0.46264067003757026,-3.376988942714145,0.6889096856171448,0.6440081669181361
-1.083839622836006,-5.363872281736311,1.5630478216800898,1.138045006085727
-0.549928463523314,-6.382387748882307,3.325640309486224,-1.9525287248929881
0.6046089792790238,-3.935634945960046,1.952462200229706,-1.0407370993944338
-1.7063388642650443,-6.594346526366926,2.6535095401230633,-0.4659640158018641
1.1486974898743283,-3.327071644674455,3.1100463835620515,-3.690579790607626
-0.5067242258509396,-4.56635052721264,-0.16013738180317194,2.5173081291271338
-1.0584455163394633,-6.209870885668091,2.229112846557261,-0.2665258024049635
0.46076418728538626,-3.6859699709780975,1.7321137933196715,-1.7780989578933803
-0.4041037358229277,-4.838633575552392,1.8837168750251456,0.5956440726691079
-0.019198865269160332,-3.6931800179668692,3.0254760142498753,-2.6320086920711443
-0.7194187818493606,-5.582643981254626,2.885398376076575,0.6205049105674589
0.07825626046412644,-4.688724934101933,4.238564481995851,-4.816389191072698
0.26875660583177413,-6.955715870027309,4.2865345878008885,-2.0208933288539983
1.5220886048551887,-4.7733953490267576,6.557095859955464,-7.594949254984152
-0.3617354257846716,-4.146621186748205,2.106910932950786,-1.7524331515149938
0.4047553694405423,-4.218011865240974,1.586413380574228,-0.0787137093869717
0.13095340292340502,-4.188638952514593,3.5093618644028557,-3.5951481576710984
0.19387747710327205,-4.829385788789935,2.7077742859413134,-1.9573552363598288
-0.6862569008373571,-6.147565873577142,2.1785819277728025,0.7332373207503509
-0.6052727910891746,-4.705195751551101,1.474514076589165,-0.3673546397786296
-2.060181566014477,-7.611976031511519,0.8623812054680786,4.851661040701423
-0.04911903933134915,-4.8321890267392,4.914430866359548,-5.305161514341669
2.1126856844678112,-1.921517118693508,5.6879107300212315,-9.142438841004413
0.19456183364779014,-3.3056954878788014,4.157654077678673,-6.07625072408933
-1.1359763114796235,-6.770833967009957,1.401247199845622,2.626885494278657
0.09847901155065533,-4.589823193655952,1.286391145464409,1.1590391280521404
-1.9473343190393224,-9.231116726574038,0.9196285700865972,5.5202653999625415
0.5338549927225598,-6.256415941245612,4.282722236016397,-4.246449886277854
0.6171086076877786,-3.5714249075274784,2.4400848202840124,-1.4046467792602473
0.4334432414383877,-5.210118085225878,3.0231417497846262,-2.512014707819331
