c,d,e,f,g,h,a,b
1,1,1,2,0,2,-9.917747900630959,2
1,1,2,1,2,1,-2.7828115508495532,2
2,0,0,2,0,1,-8.467784000798012,2
2,0,0,2,2,2,-6.197959789212487,0
0,2,1,1,2,1,-1.112200540286341,0
1,0,0,0,0,2,-5.595372556761758,0
2,0,2,1,1,0,-5.690144158987854,2
0,2,2,0,2,0,-0.5879237027703661,2
2,2,0,0,0,2,-10.434246203778981,2
1,2,2,2,1,2,-5.076307824718536,2
0,1,1,2,1,1,-6.7585860208658115,0
2,2,1,0,1,1,-7.3090742131365385,2
2,1,0,1,0,0,-10.316339072939508,2
1,1,2,0,2,0,-4.53730347690493,2
2,0,1,1,1,2,-7.282783893160498,2
1,0,0,2,1,2,-4.798428860819616,2
1,1,2,0,1,0,-4.136331038667598,2
1,1,0,1,0,2,-7.735473760713625,2
2,2,0,1,0,2,-11.48643298071732,2
1,1,2,2,1,2,-7.091309694124121,2
0,1,1,0,0,2,-7.0134893447565245,0
2,1,2,0,0,2,-8.503139684481203,2
2,2,0,2,2,0,-7.618676530376735,2
2,1,0,2,0,1,-11.133068678162095,2
1,1,2,1,2,2,-3.3862507635411205,2
2,1,2,2,0,1,-11.410281283525833,2
1,1,2,1,2,0,-2.9913555860966734,2
0,1,2,1,2,0,-1.4367824047048758,0
1,2,0,2,1,0,-7.6007216664093376,2
0,1,1,1,0,1,-6.435456537320444,2
1,1,0,0,1,0,-8.242132781879635,2
0,0,0,2,1,0,-3.0558374561025414,2
0,2,1,2,2,0,-2.332502652384404,0
1,1,2,2,1,1,-6.012937837969586,2
0,0,0,0,0,1,-4.668929305992918,2
0,0,2,2,0,0,-4.235320611263689,2
2,0,2,1,2,1,-7.108554045747885,2
2,1,0,2,0,2,-9.054147465465187,2
2,2,2,0,1,1,-8.675166913561993,2
0,0,0,1,2,1,-2.0102278426431317,1
2,1,0,2,0,1,-10.826500247867676,2
2,0,2,1,2,2,-5.763074424009275,2
0,2,1,1,2,0,-3.2571367938939533,2
0,2,0,2,2,2,-5.272639055870958,0
1,2,2,2,2,0,-2.474099173931881,2
0,1,0,2,2,2,-4.713973023435518,2
1,0,0,1,1,1,-5.352355333037392,2
2,1,1,0,1,2,-8.340861564291082,0
2,1,2,2,0,0,-10.043861500799164,2
0,2,2,1,1,1,-5.264161371707044,2
2,1,2,0,0,0,-7.213415008964175,2
2,2,2,1,1,2,-9.999342570486053,2
0,2,1,2,1,1,-5.775906098056803,2
0,2,2,0,2,0,-1.4689251409169268,2
0,1,2,0,0,2,-4.825207831022164,2
0,2,2,1,2,1,-3.770715739498682,2
0,1,0,0,2,0,-1.3702099937161178,2
0,2,0,2,1,1,-5.047023743703641,2
2,0,1,2,2,1,-5.882483730987426,2
2,2,0,1,1,1,-8.880527482919334,2
0,1,2,1,2,1,-2.6380859504968637,2
2,0,2,0,1,2,-7.30954991270369,2
1,1,2,1,0,1,-5.403420787498383,2
2,0,0,0,1,0,-8.325454358410713,2
0,1,2,2,2,1,-2.197179411467139,2
2,1,0,2,0,1,-9.37035623503804,2
0,0,1,2,1,1,-4.3006683307496925,2
2,0,2,0,2,2,-4.808188891501065,2
2,2,2,2,0,0,-12.166258080017124,2
1,1,0,2,1,2,-7.618915591188735,0
2,2,1,0,1,2,-7.35545502888205,2
1,0,0,1,0,1,-8.165623343512376,2
2,0,2,0,2,1,-3.8099311315732076,2
0,1,1,0,2,0,-1.4138549357787515,2
1,1,2,0,1,0,-4.964410557090138,2
1,0,2,1,1,1,-4.54347717778755,2
0,1,0,0,0,0,-4.811923844397196,0
0,0,2,2,2,1,-1.6862973674435864,2
2,1,0,1,2,0,-6.562534473638225,2
0,1,1,2,1,0,-4.0008802225074405,2
0,2,0,0,0,0,-5.371962903580779,0
1,2,1,1,2,0,-4.333918250167093,0
2,2,0,0,1,2,-6.604267132288104,2
0,2,0,1,0,1,-5.71570546467658,2
1,2,1,0,1,0,-5.670920977797011,2
0,0,2,2,1,1,-3.278624014704734,2
1,1,0,0,2,1,-3.3823415030975594,2
1,0,1,2,2,0,-3.8474571454952393,2
1,1,1,1,2,1,-3.1725655257457177,2
1,2,0,2,0,1,-7.686334550858691,2
1,1,2,0,0,0,-5.299969045120836,0
0,0,0,2,2,0,-1.1350629777854753,2
2,2,2,2,1,1,-9.313648524552093,2
0,2,0,1,1,0,-4.4450631341943145,0
0,1,2,2,1,0,-3.583252175855546,2
0,1,2,0,1,0,-3.3469118090663037,0
2,2,2,1,1,2,-9.232098329440413,0
0,0,0,2,1,2,-3.986917680370616,2
1,2,2,1,1,2,-6.804351204187558,2
2,1,1,1,0,0,-8.57269316793419,2
0,0,1,1,1,0,-2.9879791668224165,2
2,1,1,2,0,0,-9.303872359950063,2
2,2,2,1,2,0,-5.6849905749606915,0
2,2,0,2,2,0,-6.612185945350094,2
2,2,0,1,1,0,-8.60396635475658,2
0,0,1,1,0,2,-5.071535872330981,0
2,0,1,2,1,0,-7.721042104654907,2
0,0,2,0,2,0,-1.0069683579829936,2
2,2,1,1,0,1,-9.786265580059693,2
1,2,2,1,2,0,-4.7325771854919,2
2,0,2,2,1,1,-7.549696416904835,0
1,0,1,2,1,2,-4.710389517755052,2
0,0,2,0,0,2,-2.768898741155112,2
1,0,2,0,1,2,-2.662855810570951,1
2,2,1,2,2,2,-8.096769728371216,2
0,1,1,0,1,1,-4.663949640094868,2
1,2,0,2,0,0,-6.984904189055694,2
1,0,1,1,1,0,-4.834697612750489,2
1,2,2,0,0,2,-4.579180819359066,1
1,2,1,0,0,1,-8.486662462526215,0
1,2,2,0,2,1,-3.35618727777332,0
2,2,2,0,0,2,-7.3740117913462,2
1,1,0,2,1,1,-6.8038492463308735,0
0,1,2,1,2,2,-3.7247893052171497,0
0,2,2,1,0,1,-6.165462735322227,2
2,0,1,0,2,1,-7.547231361008151,2
0,1,0,1,0,0,-6.094879873809124,2
2,0,0,2,0,2,-8.292019848487302,2
1,2,2,2,2,2,-5.508199494417957,2
1,1,1,1,1,2,-5.876554661231531,2
2,0,2,2,0,1,-8.355291439085326,2
2,2,2,2,0,0,-10.189408622730822,0
2,2,0,0,2,2,-5.811479251399151,2
0,0,1,2,1,1,-3.1794990195113972,0
0,0,2,1,2,1,-0.4699220531103172,0
2,2,2,0,0,1,-10.032550612901906,2
0,2,2,1,1,1,-4.050658262837992,2
2,0,2,1,2,1,-5.936727291854518,2
0,1,2,2,1,2,-5.284453214541112,0
1,2,0,2,2,2,-6.161123922272498,0
1,0,1,0,2,1,-3.947279118413263,0
1,0,2,0,1,2,-2.6593557101203578,2
0,2,2,0,1,1,-2.4556826336868456,2
1,1,2,2,1,0,-6.7863592926182825,2
1,0,2,1,1,0,-3.3379679494916736,2
1,2,0,1,0,0,-7.5741476569276065,2
2,1,1,1,0,2,-8.841016731669423,2
1,1,1,1,0,0,-5.379121360109458,2
0,0,1,2,1,2,-3.903463640256257,2
1,1,1,1,1,0,-5.394047728456027,2
2,2,0,1,2,2,-7.803396111197856,0
1,2,0,0,0,0,-6.544068008006466,2
1,0,1,2,2,2,-5.933840729514676,0
1,0,2,0,2,1,-1.667588260802406,2
2,1,0,2,2,0,-4.913477419536359,2
0,0,2,1,1,2,-5.509987062937488,0
2,1,1,1,0,2,-11.351195221585593,2
1,2,2,0,0,0,-5.781999698919825,2
2,1,1,2,0,0,-9.78035877202925,2
0,1,2,2,1,2,-6.064380685055497,2
2,2,0,1,2,0,-5.919077610904449,2
2,0,1,1,1,0,-5.887455157148551,2
0,0,2,2,1,0,-4.952848047014106,2
2,2,2,2,0,0,-8.755254366875755,2
0,0,1,0,0,0,-2.9961817523116983,0
1,2,1,0,1,0,-7.06507589743987,2
2,1,1,2,1,2,-9.149988891403096,2
2,1,2,1,0,0,-11.093859429019616,2
0,1,0,0,0,2,-6.258320005481689,2
1,2,0,1,2,1,-5.910935071691611,2
1,1,1,1,0,2,-6.5906884964937245,2
1,1,1,1,0,2,-7.4389989508366545,2
2,2,1,2,1,1,-9.563840665765207,2
2,1,1,1,0,2,-11.804264342706883,2
1,2,0,0,2,2,-4.1688271778706145,0
1,2,2,0,2,2,-5.091401617975543,2
0,1,0,2,0,1,-5.959735001172652,2
2,0,1,0,2,1,-4.821924208569466,2
2,2,2,2,1,0,-10.451391074583297,2
2,2,0,1,0,1,-11.917511774724291,2
1,0,0,0,2,0,-2.3925537539634516,2
2,1,0,2,2,2,-8.295855970396865,2
2,0,0,0,0,2,-8.417110743626187,2
1,1,1,2,0,0,-7.828356235660749,0
0,2,2,2,1,0,-4.589368208405444,2
0,0,0,1,2,0,-2.5701991401627122,0
0,1,2,1,1,2,-5.226082313951616,2
1,1,1,1,0,0,-7.870828637368705,2
1,1,2,0,0,1,-6.030141394002725,0
2,2,1,1,0,1,-10.14478087840764,2
1,2,1,2,1,1,-5.617323024335574,0
1,0,1,2,1,2,-6.077026226490934,0
1,0,0,1,1,2,-5.68600221357938,2
0,0,1,2,1,2,-5.311557742659926,2
0,2,2,1,2,0,-1.9515425816592258,2
2,1,0,0,2,1,-5.568928671915982,2
0,2,0,1,0,1,-8.15129952578678,2
0,1,1,1,2,1,-1.7900473896934541,2
0,1,1,0,1,2,-3.4547571276064817,2
0,1,1,2,2,1,-4.1388184934544086,0
0,2,0,1,1,0,-4.110500772533272,0
2,2,2,1,1,0,-8.066592301638163,2
2,2,0,1,0,2,-9.335385705107052,0
2,1,0,1,0,2,-10.48314457021827,2
0,1,2,1,0,2,-6.14604859886839,0
2,0,0,2,0,2,-8.711639048090149,2
1,0,2,0,1,2,-3.078709345313868,2
2,0,2,0,1,1,-5.611742925874042,2
0,0,1,0,2,1,-1.0601778972349583,2
2,2,2,0,0,1,-8.89962055691263,2
0,2,1,2,1,1,-7.877614526258048,2
0,1,1,1,0,0,-6.868201289408583,0
1,1,1,1,0,1,-6.502184763145504,2
1,0,2,0,2,0,-1.3569724203877644,2
0,1,2,1,1,0,-4.489122891722262,2
0,2,2,1,2,0,-3.2974715380109663,2
0,1,0,1,1,0,-6.5636632242411075,2
2,1,0,0,1,1,-8.319769286651413,2
1,0,1,1,2,1,-3.4992768513873784,0
0,1,2,0,1,0,-2.535592938013965,2
0,1,1,0,2,2,-0.9672915922040277,2
1,2,2,2,1,0,-6.52267292794736,0
2,1,2,0,0,1,-8.347644592847063,2
0,2,2,2,1,2,-4.692690266926092,2
0,1,2,2,2,0,-3.5249669694872394,2
2,2,2,1,0,1,-9.865662699179099,2
0,1,2,0,1,0,-3.9731087585189657,0
0,1,0,2,0,1,-4.499825145804067,2
1,2,1,0,2,2,-4.889311314995716,2
0,2,2,0,2,0,-0.4722467302466655,0
1,0,2,0,0,0,-3.3507290399078156,0
1,2,0,0,0,2,-7.767201368458456,0
0,1,1,1,2,1,-3.288293616053026,2
2,2,0,1,2,0,-6.373090722948284,2
1,2,0,2,2,0,-4.774750543936469,0
0,1,1,1,0,1,-6.1300885819189075,2
1,0,2,2,2,1,-4.702517524781536,2
0,2,1,2,2,1,-2.8625035173936446,2
0,0,1,0,1,2,-2.2521872883547323,2
0,0,2,1,0,2,-3.8286010481592943,0
1,0,0,0,0,1,-8.006117608748331,2
1,1,1,0,2,2,-5.10120229608136,2
0,2,0,2,2,2,-4.24269668869504,2
0,1,2,1,2,1,-3.1090082812714246,0
2,0,2,1,0,2,-6.542981247204944,2
2,0,1,2,0,0,-7.986110749703752,0
1,1,1,0,1,0,-6.412999351677413,2
2,2,1,2,2,0,-9.785022704095635,2
0,1,1,2,1,0,-3.1655368991550343,0
2,0,2,2,1,1,-7.760675565079447,2
0,0,2,2,1,0,-2.305427930686432,0
2,2,2,1,2,0,-6.596282614856454,2
1,1,1,1,0,0,-6.732459308552253,2
2,2,0,2,0,1,-9.103521829428837,2
0,2,2,0,1,2,-4.967945523943743,2
0,1,1,0,2,0,-1.8813185285865266,2
2,1,0,2,2,0,-7.809519021591602,0
0,2,1,0,1,1,-4.104013170994992,0
0,0,0,1,2,0,-1.1586052521327406,0
1,1,1,2,0,2,-7.473066818216426,2
0,1,1,0,0,0,-3.8136714239097493,2
2,2,0,1,0,1,-9.95483007669393,2
1,0,2,2,2,0,-2.9240862732774717,0
0,2,2,1,0,0,-4.932827333362281,2
2,0,2,0,2,1,-6.281819645359385,2
0,1,0,2,0,0,-3.790128796231829,2
2,1,2,0,1,0,-8.289504007182362,2
0,1,2,1,2,0,-0.13929810833095013,0
0,2,2,1,0,0,-6.303838053084346,2
2,0,2,0,1,0,-6.875480592465574,2
1,1,1,0,2,2,-2.450994393453941,0
1,1,1,1,1,1,-5.121385313362779,2
0,2,1,1,2,2,-1.1414416069867932,0
0,1,2,1,1,2,-5.635883392540083,0
1,0,2,2,0,1,-6.144427337469476,2
0,2,2,0,1,0,-3.6247407534904825,0
0,2,1,2,1,1,-5.595794461729517,2
2,1,1,0,0,1,-8.694103695364548,2
0,2,1,1,0,1,-5.449256860872367,2
2,0,1,1,2,2,-4.084361096161314,0
0,1,1,0,1,2,-3.4450464022842087,2
2,0,0,1,1,0,-6.771656367791605,2
2,1,2,2,0,1,-8.699348216598795,0
0,0,0,1,1,1,-5.074481870055996,2
1,0,1,0,1,0,-3.7957911407004588,2
1,0,1,1,1,0,-4.533771665166551,2
2,2,0,0,2,1,-7.136207949040827,2
1,2,1,0,0,2,-8.21430601136291,0
1,1,1,2,0,1,-9.012065623933593,2
1,0,1,0,0,0,-5.575995555986956,2
1,2,0,2,0,0,-8.357912103148493,0
1,2,0,2,0,0,-8.67200511785103,2
0,0,0,1,1,0,-5.62470349278623,0
2,2,0,1,2,0,-8.622051490100855,2
0,2,2,1,2,1,-2.472175046488696,0
2,1,1,2,0,1,-12.281878439799238,2
0,0,1,2,2,1,-2.1889320546227458,1
1,2,0,0,2,0,-4.047423165373566,2
0,0,2,1,2,1,-3.1236748032655983,2
1,1,0,1,0,1,-7.791860977394986,2
0,0,0,1,1,2,-5.341082170910045,2
1,2,2,1,2,0,-3.1531011736577095,2
0,2,0,2,1,0,-5.048896621190074,0
2,2,2,0,1,2,-7.5253601955128,2
0,1,2,0,0,1,-2.490434708796597,0
2,1,0,1,0,2,-10.535683353730517,2
2,2,0,1,2,1,-8.324445260827389,2
1,0,2,1,1,0,-3.251347037496711,2
2,2,0,0,0,0,-12.221959627100702,2
0,0,0,2,2,2,-1.6967917181252568,0
1,1,2,2,2,0,-2.1707872978783334,0
0,2,2,0,2,2,-3.022532794386529,2
2,2,1,1,1,0,-9.049179633108634,2
2,0,1,2,2,1,-5.38153786379971,0
2,2,2,1,0,0,-9.29665406082954,2
2,0,1,0,1,0,-7.8141784173409015,2
1,0,1,1,0,2,-6.422228324610645,2
2,0,0,0,1,0,-8.132042424581133,2
0,0,0,1,1,0,-3.2880274167827084,2
2,2,1,2,0,2,-10.335403731966476,2
0,0,0,2,1,2,-3.92194385848353,2
0,0,0,0,1,2,-3.231536026676795,2
1,2,1,1,0,1,-7.218441593877994,2
1,1,2,2,1,2,-6.514137685571618,2
0,0,0,0,0,0,-4.423537444350848,2
2,0,2,1,2,0,-6.773333739233288,0
2,2,2,0,2,1,-8.475238498622279,0
1,2,1,0,2,0,-4.0193305519393245,2
0,2,0,2,0,0,-6.896654915211191,2
0,2,2,2,1,2,-4.989478925285917,2
2,1,1,2,2,2,-6.9061427863596645,2
1,2,1,0,1,2,-6.6267480603929405,2
1,0,2,0,1,1,-2.759140749201701,2
0,0,2,2,1,0,-4.578045943392031,0
1,1,2,0,0,0,-4.187849639631818,2
2,0,0,1,2,0,-6.309622755301967,2
1,1,1,0,0,2,-5.860443846551391,2
1,2,2,2,2,0,-4.438457201530658,2
0,2,0,2,2,2,-1.6849140369017812,2
2,2,2,1,2,1,-6.181358480155192,2
1,0,0,2,0,2,-5.414400066571899,2
1,2,0,2,0,1,-6.318038290445864,0
0,0,2,2,0,1,-4.919433694691666,2
0,0,2,1,2,2,-0.7553529183768178,2
2,1,2,0,2,0,-5.874488323214916,2
2,1,2,2,2,0,-6.909343295502306,2
2,0,2,0,0,0,-8.22603564017551,2
0,1,1,0,1,2,-3.48950720552705,2
0,0,1,0,0,2,-4.368020323655104,2
2,0,0,0,0,0,-6.735780954881465,2
0,0,0,0,2,2,0.43691471571298335,1
2,2,2,2,1,0,-8.433130648489309,0
0,1,0,1,1,1,-5.082995916394143,2
2,2,1,0,1,0,-7.981583084977602,2
1,0,0,2,0,1,-6.723806136001267,2
0,0,1,1,1,2,-4.259294883755473,2
0,1,1,0,0,0,-5.268422589063427,2
1,1,2,2,2,2,-2.9194588828644004,2
0,0,2,0,0,0,-4.362905531158375,2
0,0,1,1,0,1,-3.8997555024183406,2
0,1,0,1,2,1,-3.4043658021700463,0
2,1,2,1,1,2,-9.190930538649383,2
0,1,0,2,1,0,-5.566755908168194,0
0,0,1,0,1,1,-5.05289584373603,2
0,0,2,2,0,1,-3.6697887986028093,0
0,2,0,0,1,1,-5.87415390205934,2
2,1,1,2,2,2,-5.807390440918187,2
1,1,1,2,0,0,-7.645164325570515,2
0,2,2,2,1,0,-5.761693892815279,2
2,1,0,1,1,1,-8.547316491169612,2
2,1,0,0,0,1,-7.2288186723518955,2
0,1,2,1,1,0,-3.92185126706557,0
1,2,1,2,0,2,-10.582048812419398,2
0,2,0,0,0,0,-4.840049969518997,2
0,2,1,0,1,0,-5.28139894345609,2
0,1,0,0,0,0,-5.617977263630254,2
0,0,1,2,2,2,-2.501413562581507,0
1,1,1,1,1,1,-6.776132852344524,2
0,1,2,2,0,1,-5.660077441269887,2
2,2,2,1,1,1,-6.854852191801781,2
2,0,2,2,0,1,-8.173841561432091,2
2,2,0,0,0,0,-8.776358457029163,2
0,0,2,0,0,2,-3.020750118021948,0
2,0,1,2,1,0,-7.636682290548848,2
2,0,0,1,2,0,-6.414783208804166,2
0,0,1,0,0,1,-4.577273218834843,0
2,2,1,1,0,2,-8.25125068222571,2
1,1,1,0,0,0,-4.8105332394193,2
2,2,0,0,1,0,-8.730042546644105,2
1,1,0,0,2,0,-4.653466953905049,2
1,0,0,2,2,1,-5.677310225997761,2
2,1,1,2,2,0,-8.309771277744545,2
2,0,0,2,0,1,-9.617041820229302,2
2,0,2,2,1,0,-7.01536991745431,2
1,2,0,0,1,2,-6.731263733355333,2
2,0,1,0,1,0,-6.748462328285675,0
0,1,0,1,2,0,-0.732627207372158,2
1,1,1,1,0,2,-8.180059479191172,2
2,0,2,0,0,0,-7.115872779196202,2
2,1,0,2,0,0,-10.461044949881877,2
0,1,2,2,1,2,-6.248220460305464,0
0,2,0,0,2,2,-2.590378115741377,2
2,2,2,0,1,2,-5.47493770872774,2
0,2,2,1,2,2,-3.481553374683207,2
0,2,1,2,0,0,-5.273815574809664,2
0,2,1,1,2,1,-2.7079521403193443,2
1,1,2,1,2,1,-4.232479647537994,0
1,0,2,2,2,2,-3.2971383460650086,0
1,1,2,2,2,0,-1.0141105164782074,1
1,0,0,1,0,1,-5.641484655175276,2
1,1,1,0,2,2,-3.076612933324971,2
1,1,2,2,0,2,-6.471307635237405,0
2,2,1,2,1,2,-10.542831647389578,2
2,0,2,2,2,1,-6.057871774959969,2
1,1,0,2,0,1,-8.520312987389207,2
0,2,0,2,2,2,-2.8470209901866497,2
1,2,2,0,2,0,-4.965388949314128,2
1,0,1,1,2,0,-2.8533075630795004,2
2,0,2,1,0,1,-8.28866280300846,2
2,1,0,2,2,1,-6.8669611268920585,2
2,2,1,1,0,0,-9.627191149071173,2
1,2,1,2,1,1,-8.840299515603267,2
2,1,1,0,1,2,-8.081606673689112,2
0,2,0,1,1,0,-4.450360099794407,2
0,2,1,2,1,2,-7.15525144939908,2
0,0,0,0,0,2,-3.7614469540158586,2
1,0,2,1,1,0,-4.286492411770501,0
0,0,2,0,2,0,-0.8567914500781875,0
2,1,0,0,2,0,-5.71703052931499,2
1,1,1,0,0,2,-8.36050717095366,2
2,0,1,2,0,0,-8.212079251106903,2
2,0,2,2,0,2,-8.877661266334862,2
0,2,1,0,0,1,-6.850606415767419,2
1,2,1,0,1,0,-5.061088808362232,2
2,0,0,2,2,2,-6.102723382730099,2
1,1,0,0,0,2,-5.969686181531828,2
1,2,1,0,2,0,-4.744267764795458,2
0,2,1,0,2,1,-1.9046479953765618,2
2,2,2,1,0,0,-9.861759169307055,2
0,0,0,1,1,2,-4.945581088863044,2
2,0,1,1,1,0,-7.410773055867651,0
1,2,1,0,1,2,-4.623921798013788,2
0,1,1,0,1,1,-5.713939172704555,2
0,0,0,2,2,2,-1.2679033097905072,2
2,2,1,2,0,2,-8.414856052723401,2
0,2,2,1,1,2,-3.8170994494952204,2
0,1,1,1,0,1,-4.996506493629369,2
0,0,2,1,1,2,-1.2590864794152852,2
1,1,0,2,0,2,-7.04573714284038,2
1,1,0,1,0,1,-6.88387867676734,2
1,1,2,0,2,1,-3.3090004988576505,2
0,2,0,2,1,0,-6.375726340673128,0
1,1,0,1,2,2,-6.326317260331698,2
0,2,1,1,0,2,-6.477522836390436,2
0,0,1,2,2,1,-1.6198142603747474,2
1,0,0,2,2,2,-4.551443711479202,0
0,1,1,0,2,2,-0.33686175108856853,0
2,2,2,1,1,2,-9.086635074960858,2
2,1,0,2,0,2,-8.767863126468574,2
0,2,1,0,0,2,-6.15666099736914,2
2,1,2,1,1,1,-8.302690632122331,2
1,2,1,0,1,1,-6.42163940135961,2
0,1,1,0,2,0,-1.9869861542312959,2
1,2,1,1,0,0,-7.475181543185299,0
2,0,0,1,0,2,-8.446328886093276,2
2,1,2,0,2,2,-5.386157613744912,2
1,1,0,2,1,1,-6.9217075153491745,2
1,1,2,1,2,2,-4.37789708111348,2
2,1,0,1,2,0,-6.814280043938834,2
2,1,0,1,1,1,-9.96559250269201,0
0,2,1,1,0,2,-6.367180217915973,0
2,2,0,0,0,1,-10.07756710205284,2
2,2,2,1,0,1,-10.246383085548958,2
1,2,1,1,2,1,-4.95921748813179,0
1,2,0,1,1,1,-7.432474711129875,2
1,2,2,0,2,1,-3.568485412658644,0
0,2,1,2,2,1,-3.6446495369059564,2
1,0,0,0,0,1,-7.255363686212217,2
1,1,0,2,2,0,-3.6216949750995484,2
0,0,0,1,0,1,-6.033332042354819,2
0,2,0,2,1,1,-3.718418287364788,2
1,0,0,1,2,1,-1.220803889224229,2
2,2,0,0,0,2,-9.54040235555411,2
1,2,1,2,1,2,-6.141854370623142,2
1,1,1,1,0,0,-6.821213879912403,2
2,0,2,1,1,1,-6.285854952913977,0
1,0,1,0,1,0,-4.452553246005446,2
2,2,1,0,1,0,-6.248361224257149,0
2,2,2,0,0,2,-8.746147543050437,0
0,0,0,1,2,2,-0.9391964138700741,2
0,0,0,0,1,1,-2.8338288499439273,0
1,1,2,1,2,1,-3.8781379280294783,2
0,1,0,2,2,1,-3.271551412965466,2
2,2,2,1,1,2,-8.00304961882567,2
1,0,1,0,2,1,-2.3984285059144295,2
1,0,2,0,2,0,-1.4589027182254375,0
2,1,1,1,0,1,-10.438535326896833,2
0,2,1,0,2,2,-2.194765250985424,0
0,0,1,1,2,1,-1.6794999066621277,2
2,1,0,2,0,2,-9.536854958529503,2
2,0,1,2,0,1,-7.833985159462609,2
0,0,1,1,0,0,-3.604452389494586,2
2,0,2,0,0,0,-8.613601369760856,0
1,0,1,2,0,1,-4.660068399185934,2
0,2,1,2,2,0,-2.9578937466505772,2
1,1,2,2,1,0,-5.792087005706335,2
1,0,0,2,2,1,-2.8198570105075937,2
1,2,2,1,2,2,-5.709930138098056,2
0,0,1,2,0,1,-5.21187707555899,2
1,2,0,0,0,0,-7.025369884265725,2
2,1,1,1,1,1,-8.884329395478591,2
2,0,2,0,2,0,-4.792861906949365,2
0,2,2,1,2,2,-4.870338204924356,2
0,0,1,0,2,2,-0.872155506795412,1
1,2,2,0,0,2,-8.238453661590965,2
2,0,0,2,2,0,-4.8148626114663395,2
1,2,2,0,1,2,-5.770140986956678,2
1,1,2,2,2,2,-5.593268187138844,2
2,0,1,1,0,2,-10.903153713884405,2
0,1,0,2,0,0,-7.291160956299495,2
1,2,1,2,2,0,-4.540392891849565,2
0,2,0,2,0,1,-6.344573405040202,0
0,1,0,0,2,1,-3.2071123713693237,2
1,1,2,1,1,1,-5.709432531823202,2
1,1,2,1,1,1,-5.109420934662526,0
1,1,1,2,0,0,-5.542506075488913,2
1,0,1,2,1,0,-4.146319315012877,0
2,1,2,1,0,2,-9.990577971891442,0
0,1,0,0,0,1,-5.848679564692249,2
1,1,0,2,1,0,-5.2283604923587355,0
0,1,2,2,2,0,-3.4791159582217137,2
1,0,2,2,0,0,-4.7493218559332115,2
0,1,2,1,1,0,-3.198896099740163,2
2,1,0,0,2,0,-6.856362012448459,2
0,0,1,2,1,0,-2.849177246949542,2
2,0,2,1,1,1,-7.794398861290639,2
2,2,0,1,0,0,-11.261815545186236,2
1,2,1,1,1,0,-8.078431073233936,2
0,2,1,0,1,0,-4.804819075281202,2
2,1,0,1,2,0,-7.901073877261977,2
1,0,1,1,2,1,-2.8272839437372164,0
1,1,0,2,2,1,-6.1801309506671025,2
1,2,2,1,0,2,-7.5906337359095595,2
0,0,0,0,2,2,-2.506395892564039,0
2,1,0,0,0,2,-10.510309367718781,2
2,1,0,2,0,2,-12.42797846136361,2
2,1,2,0,2,0,-4.890342387029606,2
2,0,2,2,1,0,-8.06082677647307,0
0,0,2,0,0,2,-2.493398585084538,0
0,0,2,1,2,1,-1.2283302559250113,2
2,2,1,1,2,1,-8.30526918269127,2
0,0,0,2,2,0,-2.4412035019909952,2
2,0,0,2,2,0,-4.816224977511055,2
0,1,0,1,0,0,-4.5353929315569355,2
0,2,2,2,1,0,-5.380295968081839,2
0,0,1,0,0,1,-3.6830708313158467,0
0,0,0,1,1,2,-4.7679235442584655,2
0,2,0,1,0,0,-7.274882559688168,2
0,2,0,1,2,0,-3.843156767357983,2
2,2,1,2,2,2,-7.486939011166393,2
0,0,1,0,1,1,-2.0747761822452597,2
2,2,0,0,0,0,-11.898396337640392,2
2,2,0,0,1,1,-10.131316655700953,2
1,0,0,2,1,1,-5.951810034368435,2
2,2,0,1,2,0,-7.05754130837501,0
0,0,0,2,1,0,-4.976063801357242,2
1,1,2,2,2,0,-3.640008277441721,2
0,0,1,0,1,2,-2.0372597301610584,0
2,1,0,1,1,2,-8.849612339077375,2
2,0,0,0,1,2,-6.731583731259391,2
0,1,2,0,0,0,-3.758226385274596,2
0,2,2,2,0,0,-5.6275550965445245,2
0,2,2,2,2,0,-3.9695542396525454,0
2,2,1,2,2,2,-7.524270509547031,2
2,2,0,1,2,2,-7.424402580856289,2
0,1,1,0,1,1,-5.127681749939983,0
0,0,0,0,2,1,-0.15057067373531297,2
2,1,0,0,0,2,-10.419975506398007,2
1,1,1,2,2,1,-5.086746785115111,2
1,2,2,2,0,2,-7.7807880490065795,2
0,0,2,0,0,1,-3.6888470639438093,2
0,2,1,2,1,2,-6.1660173744796545,2
0,1,2,2,1,2,-4.542128755645736,0
1,1,0,0,0,1,-6.861950233310399,2
1,1,1,0,1,2,-7.715975367786422,2
0,2,2,2,2,2,-3.611707392884373,0
0,2,0,1,0,1,-6.7950253647215915,2
2,2,1,2,0,2,-10.710878868921931,2
0,1,0,2,1,1,-6.160259558145956,2
2,2,1,0,1,1,-10.460710677375811,2
0,2,0,2,2,0,-4.5683709127475005,0
2,1,1,0,2,2,-6.836521143392835,2
2,1,1,1,1,1,-7.678116735574057,2
1,1,0,2,1,1,-8.325379978722397,2
1,0,2,1,2,0,0.4880868579022959,1
0,2,1,0,0,2,-4.636624392191595,0
2,2,1,1,2,0,-5.2152796862690405,0
2,0,2,1,0,0,-8.35458746312799,2
2,2,2,2,2,2,-8.520669416367904,0
0,0,1,0,2,2,-1.2848050006051561,2
1,1,1,2,1,1,-7.13141151337272,0
2,2,2,1,2,0,-8.625129027536476,2
0,0,0,2,0,2,-4.3467750363044715,0
1,2,0,2,1,2,-8.258600468525243,2
0,1,2,1,1,2,-5.320566054327997,2
1,1,2,2,2,1,-3.191027752360412,0
1,2,0,2,1,1,-4.6781402826238665,0
1,0,1,2,2,2,-3.5552788320544324,2
2,0,0,2,1,1,-8.805611636779993,2
2,1,0,1,2,0,-6.924449482604964,2
0,1,1,0,2,0,-1.8237545518796152,2
1,0,0,0,1,1,-6.006534552551734,2
0,1,0,2,1,2,-5.310054721655522,2
1,0,0,0,0,1,-5.5827836108625695,2
0,0,1,2,1,0,-4.897518872389409,2
2,1,0,0,0,1,-10.568444456762334,2
0,1,1,2,1,2,-5.895631352740791,2
2,0,0,0,2,2,-4.158345428427046,2
1,2,2,0,0,2,-8.089761633428015,2
2,2,0,2,0,0,-10.91926857545605,0
0,0,1,0,2,0,-0.07467361083440727,2
2,0,0,2,2,0,-6.159433697340744,2
0,0,1,0,2,1,1.2178270772589284,2
2,1,0,2,1,0,-10.654532116692998,2
1,0,2,2,2,1,-3.0129582092938514,0
0,0,1,1,2,1,0.21204821018680953,2
1,0,2,0,0,0,-5.86445699422201,0
2,0,1,1,2,0,-6.044918990430333,2
2,0,0,1,2,1,-5.682879909820189,2
2,2,2,0,0,2,-9.872163984325356,2
1,2,1,2,2,0,-4.3384361013799015,2
1,2,2,1,2,2,-5.104593431495275,0
0,2,2,0,0,2,-6.291318722748314,2
0,2,0,0,0,2,-6.210671765468908,2
2,1,1,0,0,0,-7.581942268086249,2
1,0,0,2,1,0,-6.299921152881146,2
1,2,1,1,0,2,-9.257227049534006,0
2,2,2,2,0,0,-10.47875447035947,2
1,2,0,1,1,1,-7.6867189496621835,2
2,0,2,1,2,1,-6.41998846014681,2
2,0,2,1,1,0,-6.788123990747376,2
0,0,1,2,1,1,-4.39829294371466,2
1,2,2,1,2,0,-3.4468615747489455,0
1,1,2,2,0,0,-8.137232251139492,2
2,1,2,1,2,0,-6.6624028794865975,2
1,2,2,0,1,2,-7.304318221050745,2
0,1,0,2,1,1,-4.186263304248883,2
0,1,0,2,2,0,-0.42660017740269796,0
2,1,2,0,0,2,-10.312042624200743,2
2,0,0,0,1,0,-7.755847116547177,2
2,1,2,1,0,1,-9.08145408354848,2
0,2,2,0,2,1,-2.3945572293869755,2
2,0,0,1,1,1,-8.526567220563699,2
2,2,1,1,0,0,-9.350158576744848,2
2,1,0,2,1,0,-9.012156293525342,2
2,0,2,2,2,2,-4.409529528452739,0
1,2,0,2,1,0,-7.29868630317991,2
1,1,2,2,0,1,-7.704726870258119,2
2,1,0,1,1,0,-8.27578755539588,2
0,1,0,2,1,1,-5.413894907873228,2
0,1,0,2,1,2,-6.08326608077349,2
1,1,2,2,0,0,-6.69555807688077,2
0,2,0,1,1,2,-6.5258318875666435,0
1,0,0,1,1,1,-5.3883419034980555,2
2,1,2,0,0,0,-8.728341773653403,2
0,2,0,2,1,0,-6.283435717623257,2
1,1,0,2,1,1,-8.376173442499491,2
0,2,1,1,1,0,-5.2731265667055816,2
2,0,2,1,0,0,-8.13456702094424,2
2,0,1,0,1,2,-7.852173034740019,2
2,2,1,0,1,2,-10.238807882687194,0
2,2,2,0,2,1,-4.464735095696538,2
1,2,0,2,2,2,-4.328758863642814,2
1,1,2,0,1,2,-7.0283275521306345,2
2,2,1,0,1,2,-7.3126115240035,2
1,0,2,0,2,1,-2.1352674730022825,2
2,2,0,2,2,2,-7.667323567583318,2
2,1,2,2,2,0,-6.289474142190836,2
2,0,1,1,2,2,-6.6598459461271915,2
0,1,0,1,0,1,-5.29201107694274,0
1,0,1,2,1,2,-5.3473110338517085,2
0,0,0,2,0,2,-4.635256929013072,2
0,0,0,1,2,0,-1.035181438463014,0
1,0,2,1,2,2,-3.286424072569213,0
1,1,0,2,1,2,-6.944162967390964,2
0,1,2,1,2,1,-1.5390794210027527,2
0,0,1,1,1,2,-2.061914330007192,2
2,1,0,2,2,2,-7.1482826299399616,2
0,1,2,0,0,2,-3.144989170418303,2
1,1,1,2,2,2,-3.959058387194278,0
2,0,1,1,2,0,-6.11037204911611,2
2,2,2,1,2,2,-7.377162391650141,2
0,0,0,2,0,0,-3.219023283096752,2
2,2,0,2,1,2,-12.589583268326358,2
2,2,2,0,1,0,-6.758310324286453,2
2,1,2,2,2,1,-5.173481034198603,2
0,1,2,0,1,0,-5.171304351763884,2
2,0,1,0,0,2,-8.417247267017014,2
1,1,2,1,1,0,-5.081445818689829,2
0,2,1,2,2,0,-2.9170219157891717,0
0,0,1,2,0,2,-6.366078340851004,2
2,0,0,2,1,0,-7.736905089360224,0
0,1,2,1,1,2,-3.9806163081223236,0
1,0,2,1,1,2,-6.027157025846847,2
2,1,0,2,2,2,-5.608061588553287,2
1,0,1,1,1,2,-5.223596886656477,2
0,2,2,2,0,0,-7.595378947957461,0
1,1,0,2,1,1,-9.092619648983849,0
0,0,1,0,1,0,-1.754459972993297,2
1,2,0,2,0,2,-9.193786493724604,2
0,2,2,1,2,0,-3.4707623236315737,2
0,1,0,2,0,1,-7.692930084103483,2
1,1,2,2,1,1,-5.083638813343262,0
2,2,0,0,2,2,-6.442433944863439,2
1,0,0,0,1,1,-3.564145394490428,2
2,2,1,0,2,0,-8.505683750549554,0
0,1,2,0,2,1,-1.4913805837777363,2
1,0,1,1,2,0,-3.794962781581036,2
2,0,0,1,2,1,-5.667968239036345,2
1,1,2,0,2,0,-2.394865219610772,2
2,0,0,2,1,2,-8.194506831464222,2
0,0,0,1,2,1,-1.6829450399612216,2
0,1,1,1,1,1,-4.718555683602721,0
1,2,1,2,0,1,-8.791425552805594,2
0,0,2,0,2,2,-1.3897042511798858,0
0,1,2,2,0,2,-4.339141866160217,0
0,2,1,2,1,1,-6.820962649042795,2
2,1,2,0,2,2,-5.702693007303221,2
1,1,2,1,1,1,-6.663932807549406,2
1,1,2,0,1,2,-4.9994477248122795,0
0,2,0,2,2,0,-2.8249962786816556,2
2,1,1,2,1,0,-8.432340877246814,2
2,2,2,2,1,1,-8.15829390431262,2
2,0,1,1,2,0,-6.597424172491744,0
0,2,0,1,0,2,-7.6309114582048325,2
2,1,2,0,1,0,-5.0143401368723595,2
0,0,2,1,0,2,-4.6430512656527885,2
2,0,2,0,0,0,-5.9146011269439995,2
2,1,2,0,0,0,-8.444424760147156,2
1,2,0,1,1,1,-7.721326067251568,2
2,2,0,2,2,2,-7.8319072298440675,2
0,1,1,1,1,0,-6.507106218156951,2
2,2,2,0,1,1,-7.047608897977454,2
1,0,0,1,1,1,-5.154920196273753,2
0,1,0,0,0,2,-8.052268984640037,2
2,2,0,1,0,1,-9.506396878911863,2
2,0,0,1,2,1,-4.841195165789749,2
2,0,2,1,2,1,-5.533999209329877,2
2,2,2,2,0,1,-9.670959242005273,2
1,2,1,1,1,2,-7.4408937042738685,2
1,2,1,0,0,1,-5.895700567621301,0
1,0,2,1,0,2,-5.275202993857419,0
0,2,2,2,0,2,-6.301888118796129,0
2,2,0,1,1,1,-9.22270475737877,2
1,2,0,0,2,0,-4.691033231240052,0
1,1,1,0,2,2,-4.945091568544573,2
1,2,2,2,2,2,-5.5650813179709395,0
0,2,2,2,1,0,-4.91243487057215,2
2,1,1,0,1,2,-9.84381729936174,2
0,1,0,0,2,1,-2.5000281614770117,2
2,2,1,1,2,0,-7.4656209403871445,0
1,0,2,0,0,2,-4.72972039816273,2
2,1,1,0,0,1,-10.236170303068027,2
1,0,1,0,2,1,-4.2771046067162555,2
1,0,0,1,0,2,-5.643082428188677,2
1,0,1,1,1,2,-5.035073412794038,2
2,1,2,2,0,2,-9.820978779378128,0
0,1,0,1,0,1,-6.156071313917728,2
1,1,2,0,1,2,-5.855414859858504,2
2,1,1,0,1,1,-7.917261213507582,0
2,2,1,1,2,0,-6.252943674623741,2
2,0,0,0,2,1,-4.603383339446002,2
2,2,0,1,0,0,-9.954959391740244,2
1,2,1,2,1,2,-7.583528822700398,2
2,0,0,1,1,0,-7.320169778804026,0
1,1,2,2,2,1,-4.542786355462299,2
1,0,0,1,0,0,-5.016608669158325,0
0,2,0,0,1,0,-1.9533753085351564,2
2,0,0,2,1,2,-7.868448983187379,2
2,0,0,1,1,0,-7.245595854439355,2
1,0,0,2,1,0,-5.9178225349396385,2
0,1,1,0,0,1,-6.013311616795737,2
0,0,2,1,2,1,-0.3333083730712225,0
2,1,0,2,0,2,-10.854962885837672,2
0,0,0,0,0,2,-6.125468327092006,0
0,1,0,2,1,1,-6.343557278404718,2
1,2,0,1,1,1,-4.987316537063725,0
1,1,0,2,0,0,-6.560361227994303,2
2,0,0,1,1,1,-7.230959353194481,0
1,0,1,2,2,0,-2.000219509707405,0
1,1,1,0,0,0,-6.206394115099963,2
0,2,1,1,1,0,-6.029622858629217,2
2,2,0,0,2,0,-5.080022544281545,2
0,0,0,2,1,1,-3.0236627161487832,2
1,0,1,2,2,2,-2.9508896175061334,2
0,2,0,2,1,2,-6.174637385892142,2
0,2,1,1,0,0,-4.528728683780335,0
0,2,0,0,0,1,-5.346250559518996,2
0,1,1,2,1,2,-6.04532171079274,2
1,2,1,0,0,2,-5.433477456114338,2
1,2,1,2,2,1,-5.576216560432454,0
2,1,0,0,1,0,-8.362708700898054,0
2,2,0,1,2,0,-6.092875171634707,2
1,2,0,2,1,1,-6.316718038074198,2
1,0,0,2,1,0,-3.6763372145005557,2
2,0,2,1,0,2,-8.189762768215646,2
2,1,2,2,0,0,-8.217141201394286,2
2,1,1,2,2,2,-8.113937012165362,0
1,2,0,2,2,2,-5.355665817122332,0
2,2,1,1,2,0,-7.503919256582799,2
0,0,2,1,0,2,-4.055903809801193,2
2,1,2,0,1,2,-9.18316859433048,2
2,0,1,1,2,2,-6.168972922109603,0
0,0,1,2,2,0,-2.931786820677264,2
2,1,0,0,1,2,-7.652714557830896,0
2,2,1,2,0,2,-11.520821756632282,2
2,0,2,0,2,2,-5.845823167329395,2
2,0,2,0,1,0,-6.284863881405914,2
2,0,0,1,0,0,-9.944954596502878,2
1,0,0,1,1,2,-5.364089478894685,2
0,0,0,1,2,2,-1.9842956418863018,2
0,0,2,0,2,2,-0.6301237682511197,0
1,1,1,2,0,0,-4.683839300057098,2
1,1,0,2,2,0,-3.7703781962265066,2
0,0,0,1,0,2,-5.292107242479341,0
0,1,2,2,0,1,-6.406805878519377,0
2,1,0,0,2,1,-8.417263932238397,2
0,0,2,0,0,2,-3.6931083770788073,0
2,0,2,1,1,0,-6.708231442955584,2
0,0,0,1,1,2,-4.4041317847547585,2
1,2,1,0,2,1,-3.318750202522046,2
0,1,2,0,1,2,-3.7894736042283097,0
0,1,0,2,2,0,-3.5619269528479,2
2,0,1,2,1,2,-8.595202056888063,2
0,0,2,2,2,0,-0.06845283743417552,2
2,0,2,2,1,0,-5.683270130033644,2
1,0,0,1,2,1,-3.4696081473151743,2
0,1,0,1,2,2,-4.071434265969529,2
0,1,0,1,1,2,-5.379903221667944,2
0,1,2,2,1,2,-3.2871416483355267,0
1,2,1,0,2,2,-4.650684884620625,0
1,2,2,0,2,2,-3.325014615231142,2
0,0,0,2,2,1,-2.30267850960153,2
0,0,1,0,1,0,-3.95790420587008,2
2,2,0,1,1,1,-10.735034419306377,2
0,2,0,2,0,0,-6.090535299913654,2
1,2,1,1,0,2,-8.787332547283077,0
0,2,2,0,1,0,-5.152114713090338,2
0,2,1,0,1,0,-3.9184086843954256,2
0,0,1,2,1,2,-3.4164266182185274,2
2,2,0,0,2,0,-7.4034385953493125,2
1,0,2,2,1,2,-5.200021406164617,0
2,1,0,0,1,1,-6.612101886070935,2
0,1,2,1,0,0,-5.130441274433283,2
2,1,1,1,2,1,-6.340484175442516,2
2,0,2,2,0,1,-7.433759907101207,2
0,1,0,1,2,2,-3.8819710791745696,2
0,1,2,2,1,0,-3.405554957560824,0
1,0,2,1,0,2,-5.365576417221931,0
1,0,0,2,2,1,-2.5004073478704187,0
2,2,1,2,0,1,-9.612812312115548,2
2,2,0,0,1,2,-8.826254223696624,0
2,2,2,0,1,0,-7.742411039160048,2
1,1,1,1,2,2,-5.781077055835185,0
1,0,2,0,1,2,-3.41107394411431,0
2,2,1,0,2,1,-6.077695965370648,2
1,2,0,1,0,1,-9.613532649182996,2
1,1,0,1,1,1,-6.30832503899044,2
2,0,2,1,1,1,-6.798573076578776,2
2,1,0,2,2,1,-5.143563764781089,2
2,0,1,2,2,0,-4.100069933768973,0
2,2,0,2,0,0,-11.859340749980616,2
1,0,2,1,2,0,-3.0594282544811806,2
0,0,2,1,0,2,-4.673244824072251,2
2,1,2,2,1,1,-9.864640156943976,2
1,2,2,1,1,1,-7.470737548726867,2
2,0,0,2,2,1,-5.075875209685593,2
2,2,0,0,0,2,-10.293236074656729,2
1,1,2,2,2,1,-3.060229588049362,0
1,0,2,1,0,0,-5.460747230639417,2
2,0,2,2,1,0,-6.996976719604626,2
1,2,2,1,0,2,-5.854205124901025,2
2,2,1,0,1,1,-8.048331636035329,2
2,1,2,2,1,0,-8.330370758573627,2
0,1,1,1,2,0,-1.9448967675106683,0
1,2,0,0,1,1,-5.547303440227528,0
1,0,2,1,0,2,-2.6746384044482596,2
0,0,1,1,2,1,-4.369299635917006,0
1,2,1,1,2,1,-5.520506807571719,2
0,0,0,0,2,1,-2.6354631055433475,0
1,1,2,0,2,2,-4.039238235026238,2
0,2,0,1,2,1,-4.517175082827585,0
1,0,2,2,2,2,-4.483319285187506,0
1,1,1,0,2,2,-2.7254156498018767,2
2,1,1,1,2,1,-6.4021691378649,2
0,2,1,1,2,1,-4.473757331408457,2
0,1,0,1,0,2,-4.457253607721315,2
0,2,2,1,1,2,-4.095235808459105,2
2,1,2,2,0,2,-9.108255703074125,2
2,0,1,2,1,2,-7.10044039026419,2
1,1,1,0,0,1,-6.799128754948255,2
1,0,0,1,2,0,-2.4029667251217344,2
0,1,1,0,0,2,-6.908806566576522,2
0,1,0,1,2,1,-3.628075527668879,2
2,2,0,2,0,1,-10.58323398253397,2
1,2,0,2,1,2,-8.380213388438033,2
1,1,1,0,1,2,-6.608280879864535,2
1,2,1,0,0,1,-5.600096589990464,2
1,1,0,2,1,1,-6.163901085056643,2
1,2,0,0,2,1,-5.048710068918859,2
2,2,2,2,1,1,-8.668563567070816,0
2,1,1,2,2,1,-8.42596168937998,2
2,1,1,2,0,0,-10.488244799883388,2
1,0,0,2,0,1,-7.715651158002768,2
1,0,0,0,0,2,-5.738314510484937,2
0,0,1,0,0,2,-3.919234973700128,0
1,1,2,0,0,0,-5.93089371598636,2
0,2,1,2,1,0,-4.134819121533514,2
0,0,2,1,2,2,-2.4618303405811712,2
0,2,0,0,1,0,-4.236945480966509,0
0,2,2,2,0,2,-6.962960870551741,2
1,1,1,0,2,2,-4.6978705002365535,2
0,0,1,2,1,0,-2.4003779282426336,2
2,2,1,1,2,2,-8.15604176908928,2
0,0,0,2,0,2,-6.7102950518341675,2
1,0,0,2,1,0,-5.015442708152337,2
1,1,2,2,1,2,-8.12930693457628,0
2,0,0,0,0,2,-8.386957143399073,2
2,1,1,1,2,1,-6.836300391116729,0
2,0,1,1,2,2,-6.20968544274011,0
1,2,2,2,1,0,-6.554349072594496,0
2,1,1,2,1,2,-9.75622387952135,2
1,0,0,0,2,2,-2.265417981467522,2
1,1,1,0,0,0,-4.371439961096858,0
0,1,1,1,1,2,-5.806665388237192,2
2,1,0,1,2,1,-6.3367838006567565,2
1,2,0,0,2,1,-5.165356975080048,0
1,0,0,0,2,1,-2.7747074399743266,2
2,1,2,1,1,0,-8.837523664263466,2
1,1,0,0,1,2,-8.031761542663112,2
2,1,0,1,1,1,-9.402489223631202,2
2,2,2,0,0,2,-8.58426053430417,2
2,2,2,2,1,0,-7.068699615092981,2
0,0,0,1,0,2,-7.289557141617335,0
1,1,2,1,1,1,-6.540480798851002,2
0,0,1,1,1,2,-2.482293892408367,0
1,1,0,0,0,2,-7.672953907663356,2
2,2,0,0,2,0,-5.3750991694154475,0
2,1,0,2,1,2,-9.912950507154852,0
2,1,1,0,2,2,-6.9519946785648425,2
0,2,1,2,0,1,-6.930743668599155,2
0,2,2,2,0,0,-5.904242651187609,2
2,2,1,1,1,1,-9.489092641575139,2
0,2,0,0,0,2,-6.974609571967904,2
0,2,0,2,2,0,-3.911353039154034,2
2,1,1,0,1,1,-6.796903252005403,2
1,2,0,0,0,1,-8.152021785246493,0
2,1,0,2,2,2,-5.170240375527992,2
2,1,1,0,2,2,-6.109534684195106,2
0,2,0,0,1,0,-4.401178917279844,0
2,0,0,2,0,2,-9.234426581835553,2
0,1,2,2,2,2,-3.178413168529938,0
1,2,0,0,1,0,-5.240533867110972,2
0,0,0,1,0,1,-4.577680226182823,2
0,2,1,2,0,2,-5.678740599609988,2
0,2,1,1,1,0,-7.498616448158899,0
2,2,0,2,1,1,-8.839713845530028,2
1,2,2,0,0,2,-5.784701483691859,0
2,2,1,1,1,2,-8.494827677469143,2
1,2,1,2,0,0,-7.758313454918693,2
2,0,0,1,2,1,-7.031951589146125,0
2,1,2,2,0,1,-9.582243514413898,2
0,0,2,1,2,1,-0.7713681460122239,0
0,2,2,0,1,1,-4.278584873176111,2
1,2,2,0,1,0,-4.635191981317142,2
1,0,2,1,0,1,-6.64007227267861,0
2,2,1,1,0,1,-8.788957761789586,2
0,0,2,2,1,1,-4.282741047615642,0
0,0,0,2,0,2,-3.29057357838961,2
1,0,0,2,2,0,-3.2380981056732603,2
1,1,1,1,2,2,-4.932650575754436,2
0,2,2,0,2,2,-1.8458529217891306,2
1,2,1,1,1,1,-5.181232051031894,2
0,0,1,2,2,2,-0.9820982841903472,2
0,2,2,2,2,1,-4.501396344472658,2
2,1,1,1,2,2,-8.579058681456022,2
0,0,2,2,2,2,-1.2735253469520567,0
0,0,2,0,2,0,-1.3779555129035659,2
2,0,1,1,2,0,-5.665541325192401,2
2,0,1,2,1,1,-8.835287148817955,0
1,2,0,1,0,2,-7.950995275399372,2
0,0,1,1,0,0,-5.523992860640578,2
2,1,0,2,2,1,-6.94607897498403,0
2,1,1,0,2,1,-5.519842150156401,0
2,1,0,2,0,2,-10.176754988166977,2
2,1,2,0,1,0,-7.373855409912105,0
1,2,0,0,1,2,-5.439434310206087,0
1,1,2,2,1,2,-5.713135087890664,2
2,1,1,2,0,1,-9.360067864264963,2
0,2,1,0,2,1,-2.5899099897381306,2
2,0,2,0,2,0,-3.0629610542706205,2
2,1,0,1,0,2,-11.100162865549171,2
0,2,0,2,0,1,-7.003297243267219,0
2,0,0,2,2,1,-7.25379654074519,2
1,0,1,2,0,2,-7.783529213999145,2
0,1,0,1,2,0,-2.828825901215282,2
2,2,2,2,2,2,-6.94610655299066,2
2,2,1,2,1,0,-9.598119643154806,2
2,0,1,2,2,2,-5.084364719450713,0
2,0,2,1,2,0,-5.167859012072805,2
0,2,1,1,0,1,-8.89134023236522,0
1,2,1,0,1,2,-7.373709384348474,2
2,0,1,0,1,2,-7.633228592655099,2
0,0,0,1,1,2,-3.165732251135888,2
2,2,2,0,1,2,-8.451620845978614,2
0,2,2,0,0,0,-6.381555142017118,2
0,1,2,2,2,1,-2.024261917406026,2
2,2,1,2,2,1,-9.733832518595364,2
0,0,2,2,0,2,-3.855456804074963,0
2,2,0,1,2,1,-7.702449177705277,2
2,0,1,0,2,2,-7.951801952221814,2
2,0,1,0,1,0,-5.601490233378248,0
0,1,2,0,0,1,-5.967091166933104,2
2,0,1,2,1,2,-7.1810052457631866,0
0,2,0,2,0,2,-7.95253123752435,2
1,2,0,0,2,1,-3.3496306302979635,0
2,0,2,2,0,2,-7.869948670117916,2
1,2,1,0,1,0,-5.107177591818428,2
0,1,2,0,2,0,-0.5975728565631296,0
1,2,2,0,1,1,-6.789694802339124,0
2,0,2,2,1,1,-7.415540403974054,0
0,1,0,0,1,1,-5.435662767157779,0
2,2,0,2,0,1,-10.817418295314711,2
2,2,2,1,0,0,-7.8135405035511365,2
1,2,1,1,2,1,-5.225750740449735,2
2,2,1,2,1,0,-11.009622669853039,2
0,0,1,2,1,1,-5.579126865209654,2
2,1,1,0,0,2,-9.187349488179235,2
2,1,0,2,2,1,-7.16413560049479,2
1,1,0,0,0,0,-7.074203120090136,2
0,1,2,2,1,1,-6.773496377017581,2
2,1,2,1,0,0,-7.649736213798151,2
1,1,1,2,0,2,-7.532674715756993,2
1,0,0,1,1,0,-5.588586160949855,0
1,1,0,2,1,1,-7.082891741874729,2
1,1,1,2,2,0,-5.954058869670994,0
1,1,1,2,2,2,-3.9673095583589104,0
0,0,1,2,0,1,-3.5562254488656215,2
0,1,0,0,0,0,-4.732613993389602,2
2,2,1,0,1,1,-9.566013324885173,0
2,1,1,1,2,1,-7.22801587080907,2
2,0,2,0,1,1,-5.506619586605018,2
0,2,2,2,1,2,-3.995434009302138,2
0,2,1,1,2,0,-2.7708736862023557,2
2,2,1,2,0,0,-9.970962175329973,2
2,0,0,1,1,1,-7.888441070114134,2
1,2,0,0,2,1,-4.391154011658423,2
2,0,2,2,0,0,-9.085341839075705,2
0,1,1,1,1,2,-5.342432231667887,2
1,0,1,1,0,1,-5.054230016553196,0
2,2,2,1,0,1,-10.731819209593745,2
0,1,0,0,2,0,-1.2869145899802346,2
2,0,1,0,2,2,-4.038153447838409,2
1,0,0,0,1,0,-5.329631740626064,2
0,1,0,0,1,0,-5.835660748882278,2
1,2,0,2,2,2,-5.37303987148485,2
0,1,0,1,0,0,-4.03716169102648,2
0,2,1,0,2,1,-1.8140891762469455,2
1,2,1,2,0,2,-9.84699587658992,2
0,2,0,2,0,2,-7.996883576723713,2
0,2,0,1,1,2,-5.227983114562008,2
0,0,0,2,0,1,-4.304355127753032,2
0,0,2,0,0,0,-4.074219831280699,0
1,1,1,2,1,1,-6.536228703359743,0
1,2,1,2,1,0,-5.3619915265950695,0
1,2,2,0,0,0,-5.375943947596807,2
0,0,0,0,2,2,-0.9693033667647806,2
1,0,0,0,2,0,-3.6597489841126905,2
0,0,0,2,2,0,0.4204760669371397,0
1,0,2,2,1,1,-3.35994330396232,2
0,2,0,0,2,0,-2.2450296195712793,2
0,1,1,2,1,1,-5.422549200958126,0
0,1,0,1,0,1,-8.039823669432085,2
2,1,1,2,2,0,-7.668639931011825,0
2,1,1,1,1,1,-9.326259008752423,2
1,2,1,0,2,1,-1.957894885408142,0
1,1,1,2,1,1,-5.553222196010302,2
0,2,2,1,1,0,-5.270868342695053,2
2,2,2,0,1,0,-7.399127799391785,2
2,2,2,1,2,1,-6.086908717877088,2
0,0,2,1,0,1,-4.129043351946908,2
0,0,0,0,0,2,-3.0527364205946492,2
2,0,1,2,1,2,-8.498454816399613,2
1,2,0,0,1,2,-7.981502082815918,2
2,2,0,0,0,1,-8.873329186446558,2
2,0,0,2,2,0,-7.4111677258531365,2
2,2,2,2,2,0,-7.171851372342185,2
0,1,1,0,0,2,-4.062970902055485,2
0,0,0,1,2,2,-1.1275375376283472,0
0,0,2,1,1,1,-4.534725743724421,2
2,2,0,0,1,0,-8.518412254534525,2
1,0,1,2,2,1,-1.872479673378038,0
1,1,0,0,2,1,-4.126672765207351,2
0,0,2,0,1,2,-3.011269102001511,2
2,2,1,2,1,1,-9.430993549470122,2
1,0,1,1,1,1,-4.461030571361707,2
0,1,0,2,1,0,-5.169228498866417,0
1,0,2,2,0,1,-5.9011062573558215,2
0,0,0,1,2,1,-2.9115856523821613,2
0,0,0,2,2,0,-1.9110653757377483,0
2,1,1,2,1,2,-9.850102010136755,2
0,0,2,1,1,1,-2.703680866977983,2
0,2,1,0,0,1,-5.752457542847007,0
2,1,1,2,2,1,-7.800333174926215,2
2,2,2,0,2,1,-7.194689514528272,2
2,1,1,1,2,2,-7.014829442801106,2
1,2,2,1,1,2,-6.6188125506019455,2
0,0,2,1,1,1,-5.11183110366945,2
0,0,0,1,1,1,-4.042200008919592,2
1,0,1,0,1,2,-7.501783993906345,2
2,1,1,2,0,2,-9.436326918182523,2
1,2,0,1,2,2,-6.0099802558641855,0
1,2,1,1,2,1,-5.016076007096456,0
2,2,0,1,1,1,-10.258938448322844,2
0,1,2,1,2,2,-1.0663792502548115,2
1,2,2,0,0,1,-8.820066050161829,0
0,1,1,0,1,2,-3.816988022787597,0
2,1,1,1,0,2,-10.408079248508729,2
2,1,0,1,0,2,-11.661256129863203,2
2,2,2,0,2,2,-7.625883186982394,2
2,0,0,1,1,2,-7.98838134720382,0
0,1,2,2,2,2,-0.7208664567972947,2
0,1,2,2,0,1,-6.103972475399084,2
2,0,1,0,1,0,-6.40310829995211,2
0,1,1,0,2,1,-4.114423138621672,2
2,0,2,1,1,2,-5.96324144018457,2
2,2,2,1,2,1,-8.293488720214569,2
2,2,2,0,1,1,-7.874367175996976,0
1,2,0,2,1,0,-7.347173766259647,2
2,2,0,0,0,1,-10.796288893628311,2
1,0,0,0,0,2,-5.204806072864205,2
2,0,0,2,2,1,-6.349977003950812,2
1,0,0,1,0,1,-7.9090829502146995,2
0,1,1,2,2,1,-3.5612491319881365,0
1,2,1,1,0,1,-4.408892028376938,2
1,0,1,2,0,0,-6.315213247333438,2
0,1,2,1,0,2,-6.447260400773073,2
0,1,0,0,1,0,-3.9519624093306445,2
0,1,0,2,2,0,-3.3776618106747933,2
2,1,0,1,1,2,-9.444207077336626,2
2,1,2,2,1,0,-7.414701272442124,2
2,2,1,1,1,1,-9.423641168253646,2
1,2,2,2,2,1,-4.590834180837923,2
1,2,1,2,0,1,-7.3810600077764,2
0,1,1,2,2,0,-2.9164791885330805,2
1,0,0,0,1,1,-5.3888482288045605,2
1,1,0,1,2,0,-3.014755193112683,2
0,1,2,1,2,1,-3.8851899428796024,2
1,2,2,0,1,0,-6.406185380785382,2
0,0,0,1,1,0,-2.832185476313048,2
2,1,2,1,1,0,-8.022487795684532,2
1,0,2,0,0,2,-5.297136420564498,2
0,2,0,0,0,0,-4.381190385650697,2
1,2,0,1,0,2,-8.817511308325034,0
1,1,2,1,1,0,-4.915688195978586,0
0,2,2,0,1,1,-3.750831660652559,2
1,0,1,2,2,0,-3.3292920120365586,2
0,1,2,1,2,1,-2.0009668168300587,2
1,2,2,2,2,1,-4.231555087788374,2
0,2,1,2,2,0,-2.426790728674246,2
2,1,1,0,0,0,-10.61504593965006,2
2,1,0,2,2,0,-7.965472823471081,2
0,1,2,0,1,0,-2.4780986700522405,2
1,2,1,0,2,1,-5.223778401336216,2
1,2,0,2,0,2,-8.749014686340674,2
2,0,0,0,0,1,-8.278678027431841,2
0,0,0,2,2,0,-1.1061414187981655,0
1,2,1,1,1,1,-7.979515315821713,2
0,2,1,1,2,0,-3.238806931690081,2
1,0,0,2,2,0,-3.2983702603270455,2
2,2,0,0,2,1,-6.2183750210572875,2
1,2,0,1,2,1,-4.339052197908153,2
2,2,1,2,1,2,-12.40578221130176,2
2,1,1,2,2,2,-7.448125005495583,0
1,1,1,0,2,1,-3.3111249569531704,0
1,0,1,1,2,2,-2.93367466546277,0
2,1,0,1,0,2,-9.648140287421022,2
2,1,1,0,2,2,-5.154936836672878,2
1,2,0,2,2,2,-5.715234243454234,0
1,1,1,2,0,0,-6.290494248943409,0
1,0,1,1,0,0,-5.434719081146751,0
0,2,0,1,0,0,-3.8506685765993702,2
0,2,0,0,0,2,-4.723521053077071,2
1,0,0,2,2,0,-5.280081909066983,2
0,1,0,0,2,0,-2.630949757315943,0
0,2,2,0,1,0,-4.803424661370846,2
2,2,0,1,0,0,-9.598130167310856,2
2,0,0,2,0,1,-7.773505236644702,2
0,0,2,2,2,2,-1.3300454686553844,2
1,0,0,1,1,2,-7.373643480199683,2
1,2,1,0,2,2,-5.755565467954409,0
2,2,0,1,2,2,-7.960755711268621,0
2,0,2,2,2,0,-4.8080031755659745,2
0,0,2,1,0,0,-3.11399760460412,2
2,1,1,1,1,1,-9.929575095731911,2
0,1,1,1,1,0,-4.165145765957528,2
2,0,2,2,0,1,-8.199027510637093,2
0,0,1,1,2,0,-1.36119693055657,2
1,2,0,0,2,0,-2.3593387946323663,2
0,1,2,0,2,2,-2.515304420303381,2
0,0,0,0,2,0,-1.3338168933955912,2
1,1,0,0,1,1,-6.032841843795885,2
1,0,1,0,1,1,-7.444804631000192,2
0,2,2,1,0,2,-6.110511128018826,0
2,2,2,1,0,2,-9.724701657143116,0
0,0,1,2,1,2,-4.129158559886166,2
1,1,0,0,1,1,-6.34136359174715,2
1,0,0,1,0,0,-6.323037522735483,2
1,0,1,2,0,0,-7.601339257530638,2
1,0,0,1,1,2,-5.8041535514424165,2
0,2,1,1,1,1,-5.610066644879572,0
2,1,0,0,2,2,-6.576093740862518,2
2,2,2,2,1,0,-10.551260096674616,2
1,0,2,2,1,0,-4.920808926771653,2
0,1,1,1,1,1,-5.6816301645737415,2
2,1,0,1,2,2,-8.510254525541914,2
0,2,2,0,1,2,-5.95686331063591,2
0,0,2,0,1,1,-2.1076134125484325,2
0,2,0,2,2,2,-5.343143135962947,2
0,1,0,2,1,0,-4.97869758843916,0
2,2,0,2,0,1,-9.452864295113189,2
0,1,1,0,2,1,-3.413997942321597,2
2,1,2,2,1,0,-8.318670325043884,2
1,2,1,2,0,0,-7.931774329191577,2
0,1,2,0,1,1,-5.043951184240808,2
0,0,1,2,0,2,-4.42325364535796,2
2,0,2,1,0,1,-7.516229351907922,2
0,1,2,0,1,0,-3.7544028732155637,0
1,2,0,1,2,0,-4.890152372764137,2
1,1,2,2,0,0,-6.638170944853985,2
0,1,2,1,2,0,-2.065520321265492,2
0,0,1,0,1,1,-3.3084158767814773,2
2,2,0,1,0,2,-10.979361459311946,2
1,2,1,1,2,2,-4.529540236739218,2
1,2,2,2,1,1,-8.221501035318854,2
0,2,2,0,0,0,-5.615818479020821,2
1,1,0,1,2,1,-4.4574784574959825,0
2,2,1,2,1,2,-10.300503170646495,2
1,0,2,1,1,1,-4.064378949212288,0
0,0,0,0,1,2,-5.536772419572645,2
0,2,0,1,2,2,-1.7653289365464049,0
1,1,2,1,1,1,-5.699965343446794,2
2,1,1,1,0,1,-10.304275250526873,2
0,2,0,0,2,2,-2.6715912001485114,2
0,1,2,2,1,0,-5.95857122113875,2
2,2,2,1,0,1,-10.129279697845043,2
0,0,0,1,1,0,-3.6397102364876104,0
1,1,2,0,2,2,-3.4718552620729883,2
0,0,1,0,2,0,-2.008138247885126,2
0,1,0,2,1,0,-6.162415186074963,0
0,2,2,2,1,2,-4.941516250564602,0
1,0,1,1,2,2,-2.1470860757999866,2
0,2,0,2,2,1,-4.06273577682455,2
0,2,2,1,2,1,-1.5878033265985996,2
1,0,1,2,1,1,-4.7407180219737715,2
1,2,1,0,1,2,-6.6109587953429925,2
0,1,2,0,0,1,-5.267143070867288,2
0,1,2,1,2,1,-2.592475205600331,2
1,2,0,2,0,1,-7.426521834745498,2
1,0,1,0,2,0,-3.709449956543242,2
0,1,1,2,0,1,-6.19086444385679,0
2,1,0,2,2,2,-8.187600201913837,0
2,1,0,0,1,0,-9.999509764171348,2
1,0,0,2,2,0,-2.9116839213692782,0
1,2,0,0,1,0,-6.152739460517166,0
2,0,1,2,2,0,-3.7463341554548126,2
0,0,1,2,2,1,-2.414618460008125,2
2,0,1,0,2,0,-3.551886702723726,0
2,1,1,0,0,2,-10.840618984745419,2
2,1,1,0,0,0,-8.418761317578433,2
0,0,1,0,2,2,-2.0965638282723082,2
2,2,0,2,0,0,-9.745152626448258,2
0,0,0,2,0,0,-6.257186167055648,2
2,1,2,1,1,0,-7.586247603739975,2
0,1,2,0,0,2,-3.676891110577837,0
1,1,0,1,2,1,-4.326293875030526,2
1,0,2,1,0,1,-7.815332201433435,2
1,2,1,2,0,1,-9.842602630992618,2
1,0,0,1,0,0,-4.99251158836378,0
0,2,1,2,1,0,-5.445388014360507,2
1,0,2,2,0,1,-5.859732333895034,2
1,1,2,0,1,1,-5.591111607492827,2
1,2,2,0,0,1,-8.549643027096277,2
2,0,1,0,1,1,-7.2733302491156175,0
1,0,2,2,2,2,-3.7412276744876634,2
2,1,0,2,1,0,-9.842028203721426,0
0,2,1,0,0,1,-6.1677840887509685,2
2,2,0,1,1,2,-8.95630702962135,0
0,0,2,1,1,1,-4.26252990407564,0
2,2,2,1,1,2,-7.517761152844756,0
1,0,2,1,2,1,-0.8386074688783784,2
0,0,2,2,2,1,-1.6219954065764544,2
2,2,1,1,1,2,-8.704930095351392,2
2,1,0,1,2,0,-6.8072821915144885,2
2,0,1,0,2,2,-5.316750786561281,2
2,0,1,0,0,1,-7.9531114475374896,2
0,1,0,1,0,1,-5.009287380035254,2
0,0,0,2,0,2,-5.543577692105441,2
2,2,0,1,1,1,-9.127913858103144,2
0,0,2,0,1,0,-3.921123029515665,2
0,0,2,1,2,2,-2.270593534527659,2
2,2,2,0,1,0,-7.546668892312384,2
1,0,2,1,1,0,-4.963587870497929,2
0,1,0,0,1,0,-3.6808310845552468,2
0,0,0,0,0,0,-3.5276610422778703,2
1,2,0,0,2,2,-5.392433823324589,2
1,0,2,2,2,0,-2.6727293437396193,0
1,0,0,2,0,2,-6.360819012635415,2
1,2,1,2,2,0,-4.660586550133146,0
2,0,1,2,1,0,-7.419977139132602,2
2,2,1,1,1,1,-9.889704021259073,2
0,2,2,2,1,2,-3.7511763308138564,1
1,1,2,2,0,2,-6.691912125807997,2
2,2,0,2,0,0,-11.441257123824432,0
2,0,0,0,2,0,-4.610104231182478,2
0,1,2,1,1,0,-3.44245525342897,2
1,0,2,1,2,0,-2.4657740947799054,2
0,2,1,2,2,2,-3.9591386177508814,0
0,1,2,2,2,1,-1.9076011644081616,2
2,1,1,2,0,2,-11.204177368488494,2
2,1,1,0,2,1,-7.621552442459548,0
2,1,1,2,2,0,-5.587816033336306,0
2,1,2,2,0,1,-8.324280230527954,2
2,0,2,1,2,2,-5.645589223453106,0
2,0,1,1,2,0,-5.573511275366336,2
1,1,1,2,1,2,-8.819458810571048,2
0,2,2,2,0,2,-6.970059602431794,2
0,1,1,2,0,1,-7.263264129061633,2
2,1,0,0,0,2,-9.305785588365277,2
0,2,2,2,2,2,-5.789795322960892,2
0,0,1,1,1,1,-3.5799497531173547,0
1,0,1,0,0,2,-6.38777142064796,2
2,1,2,0,2,1,-5.126658126831648,2
1,2,2,1,2,0,-3.3010833536234903,2
0,2,1,1,2,1,-2.7132601237956506,0
1,0,2,2,1,0,-3.813463265303198,0
2,2,2,1,0,0,-9.745771858860001,0
0,0,1,2,0,0,-4.976216457579254,2
0,0,2,0,2,1,-1.1304322182347402,2
1,2,0,0,1,0,-5.818564909112168,2
1,1,2,1,2,1,-4.20090462327172,2
2,2,1,0,1,0,-6.734621496009533,2
2,1,2,0,1,2,-8.377773338373922,2
1,2,0,2,0,0,-7.936075209947948,2
0,1,0,1,0,1,-5.727341185952256,2
0,0,0,2,1,1,-3.4103455667684197,2
1,1,2,1,0,1,-7.192143084458646,2
2,2,0,1,2,1,-8.005868886705997,2
2,0,0,0,0,0,-8.824000431134719,2
2,2,0,0,2,2,-7.8478956309405445,0
0,0,0,1,0,1,-6.926712118432075,2
0,1,1,0,0,2,-6.370945199186591,2
1,2,2,2,1,2,-5.35243266976243,2
1,1,1,0,2,0,-3.607564560782898,2
0,0,2,2,2,0,1.7439372447807644,0
0,1,1,0,2,2,-3.1637091044324444,2
1,0,2,2,0,0,-5.806052230110867,0
2,1,2,2,1,1,-9.558684581781572,0
1,0,2,2,2,2,-5.382632577775597,2
2,2,0,1,0,0,-11.584881857495143,0
2,2,1,0,1,2,-9.97318440224943,2
1,2,1,0,1,0,-5.924328739231093,2
2,0,0,2,0,0,-8.384506875046092,2
0,0,1,2,1,1,-3.541548235417701,2
0,0,1,0,2,0,-0.7320841395229176,2
1,2,1,1,0,1,-8.599733246889745,0
2,1,1,2,2,1,-7.715762245137315,2
1,0,2,2,0,2,-6.2516873659527725,0
2,2,1,1,0,1,-12.094889941496849,2
0,1,1,1,0,0,-6.610628397657255,2
1,0,0,0,2,2,-4.014166863357424,2
2,0,0,2,0,1,-7.932630857676566,2
1,1,1,2,1,1,-6.404055284918166,0
0,2,2,1,2,0,-1.9628666740323868,2
2,0,0,0,1,0,-8.055594914771815,2
0,2,2,2,0,0,-6.099750674163526,0
2,2,0,0,2,2,-8.058903653817842,0
1,1,0,2,1,2,-6.895707266539692,2
2,2,1,1,2,1,-6.324287165759485,2
1,2,1,0,1,1,-6.083852173811856,0
0,0,1,0,0,0,-4.377049425915092,2
2,1,1,0,0,2,-10.152592920665533,2
0,1,2,0,2,2,-0.3398050990010928,0
2,1,2,0,2,2,-3.0549922065380093,2
0,2,2,1,2,1,-3.026055321769798,2
0,1,1,1,1,2,-6.203404760570747,2
0,0,2,0,0,1,-3.8140795080767873,2
2,0,0,0,0,2,-8.37077534136544,0
1,1,2,2,0,2,-8.253355413795163,2
1,1,2,2,2,0,-5.41689420145841,2
1,1,0,2,0,2,-8.13675596746725,2
0,2,0,1,1,2,-5.957160445472437,0
2,2,2,0,0,0,-7.900459338988519,2
0,2,1,0,0,2,-6.3061638480937185,2
2,0,1,0,2,1,-3.9893073831667962,0
2,2,0,1,2,0,-4.732268752617811,2
0,0,0,1,1,2,-5.093309216768677,0
2,0,1,2,2,1,-5.392963672864307,2
1,0,2,0,0,1,-5.381478608033353,0
2,1,1,1,2,0,-6.141658319989573,2
2,0,2,0,2,2,-4.25802416464791,2
2,2,0,2,1,2,-9.561740187385642,2
0,0,2,2,0,0,-0.8942246542660865,2
0,2,1,2,2,1,-3.977403295353952,2
2,2,0,0,0,1,-10.749052363105429,2
1,2,0,0,1,0,-6.231652894447169,0
0,1,0,1,1,2,-5.72384698361956,2
1,2,1,1,2,1,-4.45103512480633,2
0,0,0,1,1,2,-5.671979502463761,2
0,0,0,0,0,2,-5.132434605361449,2
1,0,0,2,0,2,-5.803572660876766,2
2,1,0,1,1,1,-11.902507495506367,2
2,0,1,2,1,2,-6.672578481638888,0
1,2,0,1,2,0,-3.895013029353479,2
1,0,0,1,1,1,-4.052759915271833,0
1,2,1,0,1,1,-6.460851214819831,2
2,2,0,1,0,2,-9.506539278359767,2
2,0,2,0,1,0,-4.754599505798779,0
0,2,1,1,2,0,-1.9463764737922111,0
0,2,0,0,2,1,-4.231957112253694,2
0,1,0,2,0,2,-5.480455530719215,0
0,2,2,0,1,0,-4.202170882999455,2
2,0,0,1,2,2,-5.5070958287850145,2
2,0,1,1,1,2,-7.947328150339987,2
1,2,2,1,0,2,-8.970245802872345,2
0,0,0,0,2,1,1.5414522399619215,2
0,1,2,1,0,1,-7.127400908838311,0
2,2,1,1,1,0,-7.057221819502077,2
2,0,2,0,1,2,-6.205921464354184,2
2,2,2,1,1,0,-9.380526678942358,2
0,2,0,1,1,1,-5.5828636349161584,2
1,0,2,0,1,2,-3.3022310584090984,2
1,2,2,1,1,1,-5.4864690341674525,0
0,1,0,1,0,1,-7.287049643676767,2
2,0,2,0,0,2,-8.806781116720988,2
0,1,2,1,1,1,-5.348883622371064,2
1,1,2,2,0,0,-6.444948838329968,2
0,1,1,2,1,1,-5.336383555886284,2
1,1,2,1,2,0,-3.180965225440597,0
0,2,1,0,0,2,-6.524366198930207,2
1,0,1,2,2,0,-2.412920058121106,0
2,2,1,0,0,1,-10.51893072869131,2
2,1,2,0,0,0,-8.846272527725604,2
0,0,1,1,2,1,-1.8329451672028623,2
0,1,2,1,0,1,-4.2807296181671015,2
1,2,1,1,0,1,-9.88448919103496,2
2,0,0,2,2,2,-6.646311447346247,2
2,0,1,1,2,2,-5.91524786050882,2
0,2,1,0,2,0,-1.5291406374291976,0
1,2,1,0,2,2,-4.76076328737618,2
1,1,0,1,2,2,-5.231417498536292,2
2,0,2,1,0,0,-6.432491479190231,2
2,0,2,0,1,0,-6.677668467628445,2
0,1,2,0,2,1,-3.564792306278524,2
0,0,2,2,2,1,-2.146377068297743,0
2,0,1,0,0,0,-9.164700820736192,2
1,0,1,2,1,1,-5.902461851897858,2
2,2,2,0,0,2,-9.603177664985658,2
1,1,1,1,1,0,-5.422508140681015,2
0,2,0,1,1,1,-6.522943155538495,2
2,2,0,0,1,1,-9.068136354156614,2
2,0,0,2,2,1,-5.566398443893577,2
1,2,2,0,1,2,-7.663878338140661,0
1,1,0,0,2,0,-3.075738825824738,2
1,2,2,2,0,0,-7.840122286938441,0
1,1,0,2,2,2,-5.5700102860231535,2
0,0,0,0,1,0,-2.4542530979555086,2
1,2,0,0,1,0,-6.162689101533297,2
2,1,2,2,2,0,-4.916036060189812,2
1,1,1,0,2,1,-3.855349427485131,2
2,0,0,2,0,0,-9.20242904724493,0
2,2,1,1,2,0,-5.408807382166948,2
0,2,1,2,0,1,-7.305967743851923,2
0,0,0,0,1,1,-4.715129300610458,2
0,1,2,0,0,0,-5.5340495182247045,2
2,0,2,1,1,0,-5.3972085955927085,2
2,1,2,2,0,2,-10.114104523042107,0
1,2,2,0,0,1,-8.185588484786603,2
2,2,1,0,2,1,-7.0400313758918305,0
2,2,1,1,0,1,-10.487086226681692,2
1,0,1,0,0,0,-6.160295264401141,0
1,1,0,2,0,0,-9.124050528937511,2
0,2,2,2,1,2,-4.60969198528564,2
2,0,0,2,2,0,-6.4272410648297384,2
1,0,0,0,1,0,-5.133864524732832,2
0,1,2,1,1,0,-5.5872854742060625,0
1,2,0,2,2,2,-4.554759110614167,2
0,2,2,0,0,0,-6.587997777270251,2
2,0,0,1,1,1,-8.891199582104953,0
2,2,2,1,0,1,-9.338375182553996,2
1,2,2,0,0,1,-5.774050052899811,0
2,1,2,0,0,2,-10.466174016692142,2
2,0,2,1,0,0,-7.020385692979223,2
0,0,1,0,1,0,-3.078894698399276,2
0,2,1,1,2,0,-1.986791146723332,0
1,0,1,2,1,1,-6.412032882412078,0
2,1,1,0,1,2,-9.110089572677877,2
2,0,2,2,2,2,-4.777864769052168,2
0,1,0,0,0,1,-5.687489026254313,0
2,0,1,2,2,0,-4.517246501285747,2
2,1,2,1,2,0,-4.584465015145393,0
0,1,2,0,1,1,-3.866181214869825,2
2,0,0,0,2,2,-3.3743709630272334,2
2,0,1,0,0,0,-6.629004851579946,2
2,0,1,1,1,2,-6.003890114921171,0
2,2,0,1,2,0,-7.970071514932322,2
1,0,2,2,0,0,-7.2424112954905775,2
2,1,0,0,1,1,-6.812252641573239,2
1,0,0,1,0,0,-5.816299542329695,0
2,0,0,1,0,0,-8.664329857501876,2
2,1,2,1,2,1,-5.52896502007632,2
2,1,0,0,2,2,-5.808112178189155,2
1,0,2,2,2,0,-1.9969233033074936,0
2,2,1,1,1,0,-9.525599595397336,2
0,1,0,0,2,1,-3.8884980369443607,2
0,2,0,0,2,2,-1.0068441623681754,2
1,2,1,0,0,0,-6.9546730212370935,2
1,0,0,1,1,1,-3.4932798222612225,0
1,0,2,0,1,0,-3.527770282589392,2
1,2,1,0,0,0,-5.323121632902621,2
1,2,1,1,0,1,-8.359675540607068,2
2,2,0,0,2,2,-6.048910187395952,2
1,1,1,0,0,1,-6.434969126098632,2
2,2,2,1,2,2,-6.3420489974957945,2
0,2,0,0,0,0,-6.406091614438149,0
1,1,2,1,1,1,-5.262173977970396,0
1,1,1,0,2,2,-1.9161581626462596,2
1,0,0,2,2,1,-3.6505550740820563,0
1,0,0,0,1,2,-4.179861592177377,0
2,1,0,1,0,0,-9.993611554186215,2
2,1,2,2,0,2,-11.46285392972526,2
0,1,0,1,0,2,-6.017375612276043,2
1,0,0,1,0,0,-7.2216973887120215,2
0,1,1,1,1,0,-4.385133058504232,0
2,1,2,0,2,0,-5.706948908029578,2
0,2,0,0,1,2,-5.746865298717878,2
0,2,0,2,2,1,-2.2486764633946046,0
2,1,2,1,0,1,-9.035322343962191,2
2,0,2,1,1,2,-5.636039960061762,2
0,0,1,2,1,2,-4.535304171124364,2
2,0,1,1,0,0,-7.189915713983791,2
0,2,2,2,0,0,-6.3651008413128425,2
2,2,0,2,0,0,-11.433149301063875,2
0,1,2,1,2,1,-2.085174094358423,0
2,1,2,2,1,2,-9.170170623685905,2
2,0,1,0,2,0,-5.517910760249513,2
1,0,1,2,0,0,-7.192387693155182,0
1,1,1,1,2,1,-3.34139843852275,0
2,0,1,2,1,0,-8.641412129211789,2
1,1,0,0,0,0,-6.2608647192714795,2
1,2,0,2,2,2,-4.5867768070395245,2
1,1,2,1,2,1,-2.5573631588968686,2
0,2,2,1,2,0,-2.2211612193964223,2
0,0,0,0,0,2,-2.8359326493859824,2
0,1,2,2,1,2,-3.646993571711967,0
1,2,1,0,2,1,-4.709157081235983,2
0,1,0,0,1,0,-4.699758806857824,2
2,2,0,0,1,1,-8.339924217805724,2
2,2,2,0,0,2,-9.2239859108906,2
0,2,2,0,0,1,-4.100575136460489,0
2,0,2,1,1,1,-6.3482495497767735,2
1,1,1,1,2,0,-4.397041372284006,2
2,1,1,1,0,0,-8.511778682404,2
1,1,0,1,2,2,-4.627870235909973,2
0,2,2,1,1,0,-4.712163054194068,2
1,1,2,1,1,2,-6.291476030910894,2
0,0,0,1,2,1,-2.4031902768971483,0
1,2,0,2,2,1,-5.506358379676182,2
0,2,2,2,1,1,-6.338463151965687,2
0,2,1,2,0,0,-5.418507440742744,2
2,0,2,2,1,0,-5.965267416178734,2
2,0,0,2,0,2,-11.933233674734133,2
1,0,2,1,1,0,-3.0338151291842728,0
1,2,0,0,1,1,-7.353530880827353,2
0,1,2,2,2,1,-1.6156734043983003,2
0,1,0,2,2,2,-2.919584204632837,0
0,1,2,0,1,1,-3.3297261559399813,2
1,1,2,1,0,0,-6.067375237351234,2
2,0,1,1,2,2,-6.2700342373010995,0
0,2,0,0,1,0,-6.166999930103545,2
1,1,2,1,1,2,-7.242994594942521,0
2,2,0,0,1,2,-9.856358638421819,2
0,1,2,0,0,0,-4.631211943258604,2
0,1,2,0,1,2,-4.663218166137836,0
1,1,1,1,0,2,-6.824716362760111,2
1,0,2,0,2,2,-1.9393926497430294,2
2,2,1,1,1,1,-9.928949591888136,2
2,2,1,2,1,2,-10.514323857878965,2
0,2,2,1,2,2,-2.91556141818565,2
1,2,1,0,2,0,-4.949600450001341,2
