d,e,f,g,h,i,j,a,c,b
0,1,2,2,2,0,1,-8.130907154748556,2.175316089458736,0
1,0,0,2,0,0,1,-2.2577266238812426,2.8564145710816207,1
0,2,0,2,0,2,2,-5.282571226943541,3.8032988032180697,1
2,2,2,2,0,2,2,-7.123576791431244,5.015341499840842,1
0,1,1,0,0,2,2,-5.725855239082163,6.198261116703316,1
0,0,2,2,1,0,0,-7.587853575176009,6.697551843876542,1
1,1,1,2,0,2,1,-3.8471235644607193,7.6171081262158165,1
2,2,2,0,1,0,2,-7.501978455244071,-0.44164979790252734,2
0,1,0,2,0,2,0,-1.6478909275184166,5.987576350930806,0
0,0,0,1,0,1,1,-3.7668494828989876,6.315279970468035,1
2,2,1,0,2,1,2,-7.790764319905292,1.4211523814212514,1
2,1,2,1,1,0,0,-4.314999244464942,4.277661295943707,1
0,1,1,2,0,1,2,-6.329851386277893,3.7242551466509566,1
1,1,0,2,0,2,2,-4.058986451484532,6.8382405625146285,1
0,2,1,0,0,0,1,-7.12942433801366,-0.06989067944148275,1
2,0,2,2,1,1,0,-1.3589055922764914,7.508477497606775,1
0,2,1,2,1,1,2,-5.003448369291626,3.1168123860899337,1
2,1,0,2,1,1,0,-1.6677461225263022,4.853021068934174,1
0,0,2,0,2,0,0,-6.727949822492093,4.916548851618632,1
0,2,0,1,2,0,2,-6.449905079619413,0.7525933232667329,1
1,2,2,2,2,1,0,-2.6611453998744157,5.529369542708953,1
2,0,1,2,2,2,2,-3.1859655542344254,9.461643477090952,1
0,2,1,0,1,0,1,-6.931017030054053,-1.1523581107874672,1
2,2,2,0,0,2,0,-4.240484372503117,7.054895407524928,1
0,0,2,2,1,1,2,-4.672910923988772,6.741275636412828,1
0,1,1,0,1,2,1,-7.430227754129829,5.333153517041744,1
1,0,2,2,2,2,0,-2.9415455608615733,10.392099129104574,1
2,1,1,1,2,0,2,-5.7945097360868925,0.894830188308336,1
0,2,1,0,1,2,2,-5.816295758767646,3.093801725807277,1
0,1,1,0,1,0,0,-5.223969528614913,1.515280628314577,1
0,0,2,0,1,0,1,-6.233071574017695,4.737604604610282,1
2,0,2,1,1,2,1,-3.1988722117262514,9.022121236902976,1
2,1,2,1,2,2,2,-5.656155015253925,6.674544910289261,1
0,1,2,0,2,0,0,-9.55982945435041,4.422741303090838,1
2,1,0,2,0,1,2,-4.829761159872234,2.867317820725793,1
0,0,1,2,1,1,0,-2.5854275586049895,7.113509487735709,1
0,2,2,2,0,1,2,-7.465892572846382,2.852769435415426,1
2,2,0,1,0,2,1,-3.8397174044335634,4.560872148330116,1
1,2,0,0,1,2,1,-4.349082520440976,5.328975087456879,1
1,1,0,1,2,2,0,-1.123930232022009,8.512913841908768,1
0,0,1,1,2,2,2,-4.947814747994708,7.623812642300797,1
0,2,1,2,2,2,2,-4.5686359325697214,4.821945688572724,1
1,2,1,2,2,0,2,-6.439379961460742,0.22321017642743568,0
0,1,0,2,2,2,2,-3.324471475430574,5.950565327497524,1
2,2,1,0,0,0,2,-8.90893797392057,-0.0411436967545713,1
0,1,0,2,2,1,1,-2.787167158817972,3.095213191940187,1
2,0,1,1,1,0,1,-4.767934879063664,4.636245223076341,1
0,0,1,0,2,0,0,-6.836053363269181,3.189943825062758,0
2,2,2,2,2,1,2,-3.5166737750206662,2.5344978413304853,1
1,0,2,0,2,0,2,-10.072282819385524,3.633448686455486,1
0,2,0,2,2,1,1,-3.683548744164937,4.241160446326154,1
1,1,0,2,1,0,0,-2.473136358245233,4.134928281731604,1
2,2,1,0,2,1,0,-3.7430161627646603,1.0916670504646042,1
1,0,2,0,0,2,0,-7.189002266158253,8.806516504098479,1
0,2,2,2,1,2,2,-5.761138355968886,5.508796799927793,1
2,1,2,2,2,0,1,-7.714548236450011,3.4398642699747395,1
0,2,1,1,2,1,2,-4.99254599743228,1.8681713868076018,1
0,2,1,2,2,0,0,-4.903228759905489,4.0654825631037275,1
1,0,1,0,2,2,2,-6.077044650457752,7.101673656058656,1
2,0,2,2,2,2,1,-3.1672632293619074,9.83931981842091,1
0,0,2,2,1,1,1,-5.988577495715322,5.910477760107896,1
2,1,2,2,1,1,0,-3.735574740942571,5.084960634219148,1
2,1,0,0,1,0,2,-6.67836481383139,0.6375619631151699,1
2,1,1,2,1,2,1,-4.575146974454102,7.767395013680885,1
2,2,2,1,1,0,2,-9.763029486370181,0.5313424273210327,1
2,1,2,1,1,0,0,-6.494881916750851,2.235705619665193,2
1,0,0,2,2,0,2,-5.4585586598536295,1.3086104222367116,1
2,0,0,0,1,0,1,-5.084163111632889,1.315534771360631,1
2,1,1,1,2,0,0,-3.395064098561638,3.919032361527456,1
2,2,0,1,1,2,2,-2.257882023929758,3.599097989254393,1
0,2,0,1,2,0,2,-6.472795147819778,0.4135820953816498,1
2,0,0,0,0,0,2,-5.067054816526453,1.1299854466884791,1
0,0,2,1,1,2,2,-6.214520166984827,7.872957674821945,1
1,1,2,1,0,1,2,-5.834145331228301,2.923264234664439,1
2,0,0,0,1,0,0,-5.223024684557702,2.0027075755616393,1
2,2,2,1,2,0,2,-9.320145061489395,1.209683038170477,1
1,0,1,0,1,1,0,-3.8296666582625902,5.050361566089594,1
0,1,0,2,0,0,1,-5.347743626215668,1.6434366785543046,1
0,1,0,1,2,0,0,-4.582045462961979,2.1488871992383594,1
0,2,1,1,0,2,2,-5.5118662768491715,5.129554900815348,1
2,2,0,2,1,0,2,-3.340105941075442,1.523958417016059,1
1,0,1,0,0,0,2,-6.004309317228468,2.0105783958525283,1
0,0,1,1,1,2,1,-2.7667767066064304,6.412287948139333,1
2,2,1,2,2,0,1,-5.343385526527901,2.4160656858606515,1
0,2,2,0,0,0,0,-7.765783061539162,2.1095586578977223,1
0,1,0,0,0,1,0,-3.8792576957338984,2.0383240773095244,0
0,0,1,1,2,2,0,-1.4394674506506742,8.658783409369084,1
0,2,1,1,1,0,0,-5.75631288864272,2.0985899675150814,1
0,2,0,0,1,1,1,-7.1233423100136335,1.4166550532732136,1
1,2,0,0,2,1,1,-4.6577728006059465,2.021804949833917,1
2,0,0,0,1,2,2,-3.382102653347743,6.759992033634116,1
1,1,1,2,1,0,2,-6.350452982566818,2.9717195532035023,1
1,1,1,1,0,2,2,-4.36788766734469,3.8859217945659976,1
1,0,0,2,0,1,2,-4.4087483604046245,4.042582599979436,1
1,1,1,1,0,2,2,-4.915300562149218,4.562148195476443,0
2,1,2,0,0,0,1,-6.634385587506735,2.5189548486408784,1
0,2,2,0,2,1,0,-7.268972537057346,4.6241937281587955,1
0,2,2,0,0,0,2,-10.735298553146787,2.0107181402010315,2
2,2,0,0,1,0,1,-8.02402594924089,-0.21824704483192703,1
2,0,1,2,2,0,2,-3.088598835855332,2.597086941190926,1
1,0,1,2,0,2,1,-1.3080146397835068,8.217226735222622,1
0,0,1,1,2,0,1,-5.741163176384924,3.114042723777503,1
1,0,0,2,0,1,2,-2.5527918903490767,3.154176033817442,1
0,2,2,0,0,1,1,-7.472054436489871,1.8041987460679156,1
2,1,1,1,2,2,2,-3.7266089162304894,8.563016102412844,1
0,1,0,2,0,0,1,-4.648227472630305,1.1781038063069642,1
0,2,2,0,2,0,2,-10.1404462748546,0.9605624704686129,1
1,2,2,2,2,0,2,-9.325060895698073,1.3495230778589318,1
2,1,1,0,0,0,1,-6.347271749392478,0.024775966951216644,1
2,2,2,2,1,1,1,-5.512613039622778,3.898055094037452,1
2,1,2,2,2,0,1,-6.1567185697923765,3.840693986113708,1
0,0,2,1,0,0,0,-5.923647256860247,4.672293127386977,1
2,1,2,1,2,1,0,-5.353583915885128,7.551433262140983,1
0,2,0,2,2,0,0,-1.7690906127844424,2.4603870717014287,1
2,2,0,1,0,1,0,-1.7182258652321547,4.070233367614281,1
0,1,0,1,2,2,0,-2.9859920708168146,6.954213196481506,0
2,0,2,1,0,2,0,-3.0287156012669922,9.732821007955438,1
1,0,1,2,0,1,1,-2.7765539252329368,3.1589264588079047,1
2,0,1,0,2,0,1,-5.346474084261809,2.401687893891572,1
2,0,1,0,0,1,2,-5.737544265172267,2.3500199157290367,1
1,0,2,2,0,1,2,-4.554712506857537,5.488527658148364,1
2,2,0,0,0,1,0,-4.742574384480353,2.9133639789989485,1
0,2,2,0,0,2,1,-9.254652845864918,5.385102382917396,1
2,0,2,0,2,1,1,-5.74674481498916,4.2456469300648925,2
0,1,2,1,2,0,1,-7.9710936237511,2.384651837007688,1
2,2,0,0,2,1,1,-4.6676953884563375,4.900774148983201,1
0,1,0,1,2,0,1,-5.880949908281265,3.3401162589717712,1
1,2,1,0,2,0,0,-7.051337643949804,1.475111954328607,1
2,1,0,0,1,2,0,-3.9788878541805364,6.468957362355764,0
2,0,0,2,1,0,1,-3.569470036872177,4.4993394582781985,0
2,2,2,1,1,2,1,-4.496788225498247,6.503428408501198,1
0,2,0,0,2,0,1,-8.111273081842489,1.2165153869565932,1
0,1,2,2,1,0,0,-7.51935305894221,6.216993591318214,1
1,1,1,0,0,0,2,-7.786749710507137,0.9936257331620021,1
0,0,0,0,1,0,2,-7.214213089729391,3.47880030825235,1
2,1,0,0,2,0,0,-3.099467657571333,2.917485570063141,1
2,1,1,1,2,2,0,-1.4305819169707084,7.925906165086902,2
2,0,1,1,2,0,2,-4.598921594041408,3.87253229822911,1
2,0,1,2,2,0,2,-5.393002265924375,2.953939789557254,1
2,2,0,2,1,1,2,-4.104069801005835,2.5905014053042255,1
2,1,1,1,2,1,1,-2.987764069762921,2.552699150554032,1
2,1,1,1,0,1,2,-7.234919905349567,3.725863445235509,1
0,1,2,0,0,0,1,-8.520775193033248,3.4391379318638955,1
1,2,1,1,2,1,1,-6.510681065781032,2.9331798219578404,1
2,1,0,2,0,1,1,-0.5550545128398432,3.19783791762446,2
0,1,2,1,1,2,2,-5.222276406147383,6.809154257230173,1
0,1,0,0,1,2,2,-6.5435577523401705,3.272194259403063,1
1,0,0,2,1,0,2,-4.430953094786425,1.973584789370467,1
2,1,0,1,0,0,1,-2.5265501236444057,3.81035473869497,1
2,2,1,1,1,0,2,-4.600288632865678,1.73693787416055,1
1,2,0,1,1,0,1,-5.18987455422495,1.604234604117775,1
2,2,2,0,1,1,0,-6.105415068107785,4.581219244900134,1
0,0,0,2,0,0,1,-3.9950206868852174,4.665336037544295,1
1,0,2,2,1,0,2,-5.646759295244486,3.7529752396431966,1
2,2,1,1,1,1,1,-4.5117301036117965,2.1301117955425855,1
2,2,1,1,1,1,2,-5.281891967754228,2.838309503574064,1
2,2,1,2,2,0,1,-5.988559703176185,2.3172436076435843,1
1,0,0,2,0,2,0,-0.10453620305360822,7.794484633892429,2
1,0,0,0,2,0,0,-1.4233575654395638,4.625037340964548,1
2,0,1,0,0,2,1,-4.245809038123386,6.931039192374289,1
1,1,2,1,0,0,0,-5.114940263332432,4.428645988280872,1
1,2,2,1,0,1,2,-8.520678855342704,2.0142278719480093,1
1,2,0,2,2,0,1,-4.563555695866105,3.4102943303395596,0
2,0,0,1,0,0,0,-2.274001279983484,3.8682849756366116,1
0,1,1,2,0,1,1,-4.156532569703186,6.528537645453451,1
2,1,1,2,1,1,1,-2.763011982691613,4.990998117171277,2
1,0,1,2,0,0,0,-4.38526870708249,4.708983903545064,1
0,1,0,0,1,2,1,-5.029070748376096,5.106918014789258,1
0,0,0,0,0,2,1,-6.1606978795320995,8.523678966826573,1
2,2,0,0,0,0,0,-4.295786685677094,1.5909453826409834,1
2,1,1,1,1,1,0,-3.203663003100317,2.3830714847903995,1
0,1,0,0,1,0,2,-6.312179413102228,0.6932508937329983,1
2,2,1,2,1,2,1,-3.917548674710949,5.950797646246307,1
2,0,2,0,1,2,1,-4.297064634406056,9.322313841597936,2
1,2,0,2,1,0,0,-4.710775217305459,1.0865299212649269,1
1,0,2,1,2,1,0,-2.0363899957597167,7.520757255023758,1
0,1,2,1,1,2,0,-3.4883023002653957,8.956932821849275,1
0,2,0,1,2,1,0,-2.3243442281612072,3.5176075372986952,1
0,0,2,2,0,1,0,-4.620630925929237,6.990109834543913,1
1,2,1,1,2,0,0,-5.168330854480651,5.08375053258532,1
1,1,1,2,1,0,1,-4.569650424605149,3.1321247100169214,0
0,1,0,2,0,1,1,-5.004766474610104,2.550069197715696,1
0,2,2,0,0,1,2,-11.036986747715996,0.6738149719997957,2
2,1,0,2,1,1,2,-3.5692549387928194,2.755077237160302,1
0,2,2,2,2,2,2,-6.020366808404487,7.724422715472273,1
0,0,2,0,1,1,1,-5.007731507303053,5.418239977356949,1
0,1,1,1,0,2,0,-2.453783237619902,6.907796079973298,1
0,2,0,1,1,2,2,-6.150084340832295,4.693842743046295,2
2,0,1,1,2,2,2,-4.8702460671000996,7.4644849477187725,1
0,1,0,2,0,2,1,-2.4606270611090197,6.422227560281234,2
0,0,2,0,2,0,2,-9.17185999902595,2.649964160971366,1
1,2,0,1,0,1,0,-2.823629055086543,6.065722623651,1
1,2,0,0,1,2,0,-3.0938705178963,6.876910596018336,0
1,2,2,2,2,1,0,-4.6020055564645865,7.051508711586548,1
2,1,2,0,1,1,0,-4.495761386988369,5.1448283130299135,1
0,0,2,2,0,1,1,-4.9074813697185125,6.023070129687828,1
2,1,2,1,0,2,2,-6.71662314352703,6.327774547612441,1
2,0,2,0,2,1,0,-6.181519719663978,5.169409954177599,1
0,0,1,0,2,2,1,-5.8580105246481375,7.654147213502262,1
0,2,2,2,1,2,0,-4.422143001795865,6.675581563218591,1
0,2,0,1,0,1,1,-3.6928881879921103,3.455706204848606,1
1,0,2,0,2,2,0,-5.313219033864535,9.007668743338188,1
2,2,0,0,2,1,0,-2.7109616486446804,1.8071405080804834,0
0,1,0,1,1,1,1,-4.1600235336307065,2.579890628591306,1
0,0,0,0,0,0,0,-6.087323326480771,4.3614292957548315,1
0,2,2,2,1,0,0,-7.284342618060119,3.61496313060287,1
0,2,1,0,0,2,2,-7.159492291491312,3.741201149951571,1
2,1,2,1,1,0,2,-7.129398426940962,0.45181209076756823,1
0,2,2,1,0,0,1,-7.201150364521901,2.1706542720364324,1
2,0,2,2,2,0,0,-3.52783663579981,5.705106264448799,1
2,1,1,0,2,2,1,-6.176303575605997,4.6457144280071265,1
0,1,2,2,1,0,0,-9.403182715554353,4.129476995904762,1
0,2,2,0,0,0,0,-5.82569838232536,2.5445327632485752,1
0,2,0,0,2,2,2,-5.740341515811234,4.614666057113929,0
1,0,0,0,0,0,0,-4.255132463619658,2.428918370403163,1
1,1,0,0,1,1,1,-5.78228990178117,2.605895730592258,0
2,1,0,2,2,2,0,-0.43454500726885953,6.944640957736396,2
0,2,2,2,1,0,2,-9.267038277176772,0.5222452424637323,1
1,2,0,1,2,1,2,-5.029795453843343,2.239115720905921,1
2,1,2,2,0,0,0,-3.2716197346076212,5.578834873080124,1
2,0,0,2,0,1,1,-2.6280707067380327,4.24188215289974,1
2,1,1,2,2,2,2,-3.67534157346464,5.377563684265082,1
0,1,0,2,0,1,1,-3.3670309440661206,4.278738458558791,1
2,2,2,1,0,2,2,-6.888234412222347,4.044174737313388,1
0,2,0,1,1,1,0,-3.1060466125426367,2.9953116571078433,1
0,0,2,2,1,2,0,-3.946709911940294,10.701929398632133,0
2,1,0,2,2,1,2,-3.0998365177307656,3.4200082641642218,1
2,1,0,2,2,1,0,-3.1006071757399787,6.245250278056265,0
1,2,1,1,0,1,1,-5.576534775976266,2.0557575985072525,1
1,0,0,0,0,0,1,-5.813389492164644,2.53129313119942,1
1,0,1,1,0,2,0,-0.2936785745212118,7.935405246114972,1
0,1,1,2,2,2,0,-2.0150121554430025,8.548849827544625,1
0,2,2,2,2,1,1,-5.5536186384712884,4.809416892666251,1
1,2,2,2,1,0,2,-7.31862601404447,2.1582768608697367,1
2,0,2,0,1,0,1,-9.225254167755114,4.118779895867142,1
0,0,1,1,0,0,0,-4.185026927800216,2.588708060352798,1
0,0,2,0,1,2,2,-7.257465995615183,5.314183179322844,1
0,2,1,2,1,2,2,-5.724974620455365,6.034577026406924,1
1,0,0,1,0,1,1,-2.716997474487457,3.1941341511357995,1
2,0,2,2,0,1,1,-4.080909675217807,7.140464259995072,1
1,2,0,0,0,0,0,-4.584296176457054,2.5147794031828585,1
1,2,2,2,2,1,1,-4.7704507320887215,3.8852084528949438,0
1,2,0,2,0,0,0,-3.5471766168089442,2.237299858251153,0
0,2,2,0,1,1,2,-9.990052088295151,3.402016686064054,1
1,2,1,1,1,2,0,-4.591847222522736,6.348366631780033,1
2,0,2,1,0,0,2,-7.765534622851894,3.169551103795732,1
2,2,0,0,2,1,1,-4.328952835600553,1.9079593573973592,1
0,1,0,2,0,0,2,-4.582292977916607,2.7666689670072726,0
1,2,0,0,0,1,2,-5.270168051283555,1.3004160593251912,1
2,2,0,2,0,1,2,-2.8363562156368687,1.469233289722156,1
0,2,2,2,2,1,0,-5.107953385248908,6.109247866566039,1
0,1,1,1,2,0,0,-5.064798023559474,2.9916535344988198,0
2,0,1,0,0,2,0,-4.440547254480134,7.201701953467824,1
1,1,2,1,2,0,1,-6.951876745767306,3.906667843634252,0
0,1,0,2,2,1,0,-1.304639794930993,3.2434924637075193,0
2,2,0,2,2,1,1,-3.2512240433093433,3.906232349237157,1
2,1,1,0,0,2,0,-4.767353606946276,5.8569012921587715,1
1,2,0,0,0,0,2,-7.291671546217472,-0.46338405261257576,1
2,1,0,1,2,1,2,-3.6575351390307795,2.5944134065816122,1
1,2,2,0,0,2,0,-6.344031116313305,6.018382920896446,1
0,1,0,1,1,2,2,-3.7339884420850944,6.423088520731701,1
2,1,0,2,0,1,1,-1.7683758202374928,3.918137735000573,1
1,2,1,1,1,0,2,-5.865456258020261,-1.5664311674974716,1
0,2,0,0,1,0,2,-6.996530608920899,-0.16812763500963815,1
2,1,0,0,0,1,2,-4.450139124151933,0.9960110136444154,1
2,1,1,0,0,0,0,-4.36654445072489,1.4759664609643042,1
2,1,2,0,0,1,0,-7.15690303147781,4.074090928944185,1
1,0,2,2,0,0,0,-4.983569589146902,5.797908827804981,1
1,2,2,2,0,0,0,-5.493960239817657,3.104810438211299,1
0,1,2,1,1,2,1,-6.988834951584108,8.247054889950006,0
1,1,2,1,1,0,0,-6.419750410485982,4.202009305620406,1
1,0,2,1,1,2,2,-4.644923176659535,8.618373030567092,0
1,2,0,0,1,0,2,-7.47258537516256,-1.553927959471382,1
0,0,0,0,0,0,2,-7.235619324975265,1.6763093129247437,1
2,2,2,2,0,1,1,-2.623815287479024,4.880729708824644,1
2,1,0,1,0,2,0,-2.443518634868873,6.9346871576781455,1
0,1,1,0,1,0,1,-7.174837908895597,1.609202705080161,1
1,0,0,0,0,1,1,-4.9845304874171745,4.487612535958833,1
2,1,0,2,1,0,2,-4.599775451893323,3.7535496945873126,1
2,1,2,1,1,2,1,-6.287821191608491,7.718133678806145,1
1,1,0,1,2,2,2,-3.2135117692815496,5.574380848885455,1
2,1,1,1,1,0,0,-2.7535098043563915,4.773220741194059,1
0,2,1,2,2,0,2,-5.087894542901021,0.4122425601269528,1
0,1,0,0,2,2,2,-4.959994915973695,4.111600240813821,0
0,0,2,1,1,1,2,-7.262027971494014,4.796936902812458,1
2,0,1,2,1,1,2,-3.610801119913323,5.205472450265814,1
0,2,2,2,2,1,0,-5.754111828795079,3.7861443011386555,1
0,0,0,1,1,0,0,-3.052253432586363,4.187152704727068,0
1,1,1,1,1,0,0,-5.4997844748711735,3.318848064549799,1
2,0,2,2,2,1,2,-6.629591328829769,4.502169295891138,1
2,1,2,0,1,1,0,-5.4134447049773495,3.250958292202119,1
0,0,1,2,2,2,2,-3.5699591936412154,7.649148706139126,0
0,1,0,2,1,1,1,-4.810006043243328,6.1467822763199464,1
1,2,2,2,0,1,2,-6.245346030536457,3.665680668908132,1
1,2,2,2,0,1,2,-6.733062654227159,2.124839771254279,2
1,2,0,1,2,0,2,-5.186902457930972,-0.1409331926016436,1
1,0,2,2,2,1,2,-5.903776234180363,4.008254382153885,1
1,2,1,2,1,2,2,-5.452130584668751,2.3677745517617983,1
2,1,2,1,1,0,2,-6.781329173726861,4.028330916817447,1
2,0,0,0,0,2,2,-2.62094703895782,6.2914908054942345,1
1,2,0,2,0,1,1,-4.1345987620739795,3.1672503153155085,1
2,1,2,1,0,0,1,-8.020715903903875,3.8412816923585855,1
2,0,1,0,2,1,2,-5.811491099085708,3.580228302494296,0
1,1,1,0,1,0,2,-7.493339341071456,0.2028721797894938,1
2,2,2,2,0,0,1,-7.028031380186139,1.9103106246599295,2
2,0,1,0,1,1,2,-6.737778712262066,2.7660164271019947,1
2,2,0,1,0,0,1,-6.055259361181177,-0.04108968140220548,1
2,0,1,0,1,2,0,-3.0346622943668926,7.257278746411933,1
2,2,1,0,0,2,0,-4.230994153144321,3.920779623642553,1
2,1,1,2,1,1,1,-5.875034691490246,5.551431133526838,1
1,1,1,2,0,0,0,-4.1795900635629355,2.535562685121749,1
0,0,1,2,1,2,1,-3.041971269190398,7.451168853510221,1
1,0,2,2,1,1,1,-4.374736365577816,7.177867784782427,1
1,2,2,0,0,1,0,-5.747213288894742,2.0649855767400505,1
1,0,0,1,2,0,1,-3.6244727491219697,3.6519318112280414,1
0,2,0,0,0,1,0,-5.172364047360034,1.6558555833522135,1
1,2,1,0,1,2,0,-3.552825219103675,5.736459177800294,1
2,1,0,0,1,0,1,-5.929502790388422,2.4290639240421235,1
0,2,1,0,0,2,1,-4.909262329910079,4.1295679543875785,1
0,0,0,1,1,0,2,-6.121007332126094,2.6072701930749145,1
0,2,0,2,0,1,1,-4.459416915473406,2.381198719438233,1
1,2,0,0,2,1,2,-3.660979481936968,2.460310226068616,1
0,2,2,2,2,2,1,-7.659716738594199,6.077126162205731,1
2,0,0,2,0,0,1,-2.519451536401653,2.8852388575206205,0
1,1,2,2,1,1,2,-6.019246384840218,5.192848268345704,1
0,1,0,1,2,2,2,-4.424265443287732,6.024834405966723,1
1,1,2,1,0,1,1,-7.197587071282255,6.013548524486783,1
2,0,1,2,1,2,1,-1.9944048017153393,8.034756240965734,1
2,2,1,2,0,1,1,-3.984140184793311,2.6652638946194105,1
1,0,0,2,1,0,0,-2.5367198635060815,4.587417432502747,1
0,2,0,2,1,1,1,-5.108769388479157,1.6782835517352068,1
2,0,2,1,2,1,1,-5.4225777232494865,6.8209621703315975,1
0,2,0,1,2,2,0,-2.6516103659642734,6.636442254910835,1
1,0,0,0,0,1,1,-4.125084341527833,4.50003142771453,1
2,2,2,2,0,0,0,-5.689637879915917,3.2111304155242273,1
2,0,2,1,2,0,0,-3.457048408795835,4.50288098744256,1
0,2,1,1,1,2,2,-6.334863012585364,2.5271453755090842,1
0,1,0,2,1,2,0,-3.891385550259046,7.010057274940255,1
2,2,2,2,0,1,0,-3.3964435688455468,3.9512012946586963,1
1,0,0,0,2,0,2,-5.497143461715569,1.3368000329705008,1
0,1,2,0,2,0,2,-9.240479744301005,0.5168321226380139,2
2,2,1,1,2,0,1,-5.11429704736724,2.0579517572036345,1
2,1,1,0,2,1,0,-3.8685025903790087,4.248205273758815,1
1,0,2,0,0,0,1,-7.256268765170547,3.10717548637139,1
2,1,0,2,1,1,0,-2.7024975550079855,5.40171613714012,1
2,0,1,2,2,1,0,-2.384905678697261,6.0735569169584265,1
2,0,2,1,1,0,1,-5.806945075591862,3.9721670839741696,1
1,0,0,0,2,0,0,-4.51545562259545,3.0749444333235347,1
2,1,0,2,1,2,0,-1.207821573982861,8.645083985823778,1
1,1,1,1,1,1,0,-4.1514762896473805,3.741008841087397,1
2,0,1,2,1,0,2,-5.492203371968741,2.3337839654199173,1
2,1,0,1,2,1,1,-4.922483599041158,3.1122114546509927,1
0,1,2,2,1,0,1,-6.648574616531617,3.6314008354064202,1
0,0,0,0,1,2,2,-6.120135565877865,4.794020014650618,1
1,1,1,0,2,2,1,-5.499099396528006,6.467895899389392,1
1,1,1,2,1,2,2,-4.507952275741791,6.285445032810638,1
0,2,2,2,0,1,0,-8.084989413889964,2.7183355900233126,1
1,0,2,1,2,0,1,-6.652122263738732,5.3390285525409595,1
2,2,2,0,0,1,0,-6.457378354564532,3.8710294631713786,2
0,0,2,1,0,0,1,-7.369026903319249,3.0994870597221587,1
2,1,2,2,1,0,0,-4.979918597203695,5.176688373794449,1
0,0,2,0,1,1,0,-6.080822672509611,5.664217324087787,1
0,0,2,0,1,2,1,-6.218289237164623,8.207897218860497,2
0,1,0,0,2,0,1,-6.636661442160781,2.267818324382534,1
1,0,0,1,2,2,0,-2.429525951739003,7.439784124394733,2
1,1,2,0,1,2,1,-6.470045168437136,6.296477637342377,1
0,1,0,0,2,0,1,-5.2487241866735275,1.9611739886306336,1
0,1,2,1,0,2,0,-2.0013313214970814,7.596855150063587,1
1,2,2,2,0,2,2,-5.767467556347105,5.46255221481915,1
1,2,1,2,1,1,0,-2.7312165601017955,4.17741717031137,1
1,1,1,1,0,1,0,-3.7223909492017193,3.9889093221975473,1
1,2,0,2,0,0,0,-4.581509060220094,3.5757361086676447,1
2,0,1,0,2,0,2,-6.896161638358296,2.08098988627515,1
0,0,1,1,0,0,1,-5.684608003112335,3.6015652709071553,1
0,1,1,1,1,1,1,-3.7479443045735197,4.894746134368705,1
0,2,1,2,2,2,1,-3.624824168052818,9.061267197428922,1
0,0,0,1,1,1,0,-3.211095579269074,3.570511131912283,1
0,2,2,1,1,2,0,-6.045184115962261,6.7053926507015715,1
1,1,0,0,0,0,2,-7.37574686369311,0.13846387690451173,1
1,1,0,1,1,0,2,-4.478676444481563,2.18578317620089,1
2,2,1,1,0,0,1,-6.505853203310552,1.2298244627106207,1
1,2,0,2,0,0,1,-4.455982616922209,2.8611507624607055,1
1,2,0,1,0,2,2,-5.740557342694347,5.489687208547507,1
0,1,1,2,1,1,2,-4.713614074552306,2.8553522364995096,1
0,2,2,0,0,1,2,-9.494477848460248,-0.7902587713727856,1
1,1,2,1,1,0,1,-7.292303125729788,2.678245858500114,1
0,2,1,2,2,1,0,-3.947138405484276,5.252327248688418,1
2,2,2,0,2,0,1,-8.485225613417716,0.9596065668980216,0
0,0,1,1,1,1,2,-5.399756463710904,2.6266747593648216,1
2,0,2,2,0,1,2,-4.0833375483291565,4.87570610659459,1
2,0,0,0,0,0,1,-2.935108140841895,2.2347201578280056,1
2,1,1,2,2,1,2,-3.762421455046093,3.820637415262056,1
0,1,0,0,1,0,2,-7.472121846879404,2.007647170277608,1
1,0,1,1,1,1,1,-3.8018687544607106,5.240311934702327,1
2,0,2,0,2,2,1,-5.488552115306676,7.3249875072441695,1
1,2,1,1,0,0,1,-7.3718983961258395,1.67239280940835,1
1,1,0,1,2,2,2,-4.391507570326767,6.276598617004159,1
0,1,1,1,1,0,2,-6.572154792238219,0.5047667965827023,1
2,1,2,2,0,1,2,-5.264281260875078,3.540100973036657,1
0,0,0,0,1,1,0,-3.238641181410118,5.2081058316800375,1
2,0,0,0,2,0,0,-4.053817457650453,3.267832267774376,1
2,0,1,0,2,0,1,-4.884298156694037,3.593057162411673,1
1,2,0,1,2,0,1,-5.884837488980363,0.07075813643162165,1
0,2,0,0,0,1,1,-6.629278917281903,1.9528760321524876,0
1,2,2,0,1,2,0,-4.625580664403235,7.943193108743726,1
0,1,0,2,2,0,2,-4.5619302371701425,1.8202116908821024,1
1,1,2,0,0,1,0,-7.1908505639752995,3.983312439029218,1
0,1,1,0,0,1,0,-4.2582207075754495,2.5302572948606117,1
1,2,0,2,0,0,2,-6.7875384136149215,-0.5458285446704094,1
2,0,2,2,1,2,0,-2.8179553882097896,8.629856317893907,1
2,1,1,0,2,2,1,-2.902865119364745,5.958133454394401,1
2,1,1,2,1,2,2,-4.753670361113862,5.586871048453322,1
0,1,0,1,1,1,0,-4.037030317301221,4.980632676254274,1
0,2,2,2,2,0,2,-7.850464230388887,1.6604258758647756,2
0,0,1,1,2,0,2,-7.203642829878744,3.0733018194248536,1
2,0,1,2,2,0,2,-4.797136871157521,4.6369235073973325,1
1,2,2,1,2,2,1,-6.406237427579615,6.530113655490117,1
2,0,1,1,1,0,2,-4.990132407785612,2.352537871120157,1
2,0,2,2,0,1,1,-4.821453408529457,7.263124417207174,1
0,1,0,2,1,0,1,-5.018202563831492,1.8085767065406546,0
0,0,0,2,1,0,0,-3.572037042489548,3.4425621168552434,1
1,0,2,1,0,1,1,-7.348582857060879,3.331573061434276,1
0,0,1,2,2,0,1,-6.902254378706355,3.7340699041242353,1
1,1,1,1,1,1,0,-2.637992836061035,4.908583738315346,1
1,2,1,1,0,2,1,-4.286612876023051,5.708717835662597,1
1,2,0,1,1,0,2,-5.126823563760193,-0.2318789236598331,1
0,2,0,0,1,2,0,-4.662316445141377,5.980446653827126,1
2,0,2,2,1,1,2,-5.4772192866495075,6.393633937067393,1
2,2,2,0,2,0,2,-9.873319872944839,0.2515580792713379,1
1,0,2,1,0,0,1,-7.383056702291167,3.8264103816292123,1
1,1,0,2,0,2,2,-2.9985984538252595,4.626928244831035,1
0,0,0,0,1,2,1,-6.051835094640871,6.596892125450832,1
1,1,2,0,1,0,1,-8.076801973907205,3.883670045642778,1
2,2,0,1,1,0,1,-4.771158677151775,2.6991502710662556,1
2,2,1,0,1,0,1,-7.597399438654765,1.8843945066578032,1
0,1,1,0,0,2,2,-6.215366944353121,6.29022773923997,1
0,1,2,1,2,1,0,-4.364758630720837,6.208848356485979,1
2,2,0,0,2,1,2,-4.791132171886659,1.8344080946264159,1
0,2,2,1,1,1,2,-9.33277768858291,4.1470496217437764,1
1,0,0,1,2,2,1,-1.1597022788079934,7.842399558932995,2
1,1,2,0,0,0,2,-8.362709331988404,1.0933729292416015,1
2,1,2,2,2,1,0,-2.8321301325210655,6.77838289322191,1
1,0,0,2,0,0,0,-4.602585793241866,4.015671768853313,1
1,1,1,2,0,1,1,-4.899348418017301,3.440997269557526,1
1,0,1,2,0,0,0,-2.8198267353974744,4.103287084330387,0
2,1,1,1,0,0,1,-4.9933103361292215,2.1930092828852383,1
2,1,2,2,2,0,1,-6.246897773183403,4.92039130198012,0
0,1,2,1,2,0,2,-8.537874169882702,2.7935827273704197,1
2,2,1,0,2,2,1,-5.157753956266662,5.753922058583373,1
1,0,2,2,0,1,1,-4.098758329417239,5.792946531178962,1
0,2,2,2,1,2,0,-3.491446452958164,6.034156707642443,1
0,2,2,2,1,2,1,-4.589677289903168,7.627544522483216,0
1,0,2,2,0,1,0,-3.7283726705388514,6.5262694653218665,1
2,1,1,2,1,2,1,-4.947424018177713,8.460706263549204,1
0,2,1,2,1,0,2,-5.582109689690728,0.021349529847374926,1
2,1,2,0,0,1,1,-7.672875198808961,3.2722002038988562,1
0,1,1,1,0,0,2,-7.17818604610689,1.9631837851074774,1
0,2,0,2,0,2,1,-5.572717225286211,6.49481984914842,1
2,2,2,2,1,0,1,-6.171767316204903,3.7439865217990067,1
0,1,0,1,1,2,0,-2.2625993861015266,4.666598224509187,1
2,0,2,2,0,2,1,-4.88123517851735,8.265071117048887,1
1,1,1,1,2,2,2,-5.756104663939467,6.672524997319983,1
0,2,1,0,0,1,2,-7.043544717774576,3.3698282981923016,2
0,1,0,1,1,1,1,-4.366074704797393,4.161132469026331,1
2,2,0,1,1,1,0,-3.230806605644439,2.8665267666802627,1
1,2,0,2,1,1,1,-4.1609183929220395,2.005244985342253,1
2,2,2,0,2,1,2,-7.854814800551022,2.2368133185405243,1
0,0,2,0,0,1,0,-6.479458126838445,4.449031007541093,1
2,0,1,2,2,2,1,-1.6544732357070058,9.47398847357666,1
2,1,1,2,0,0,1,-3.477088266908145,4.148113876917591,1
2,0,0,2,2,0,1,-2.1330501264619532,3.4317444951126963,2
0,2,2,1,1,1,1,-7.680170075684002,3.9765830289793227,1
0,2,0,2,2,0,0,-3.4826488739048953,2.1571419881897134,1
2,2,1,2,0,1,0,-3.2188727077854207,4.790515410787894,1
0,0,0,2,2,0,1,-3.94559009595252,4.279388868651397,1
2,1,2,2,2,1,1,-5.455618820613681,4.618928513372966,1
2,2,0,0,2,1,1,-4.181770039232145,2.9899264649956407,1
2,2,1,1,2,2,2,-5.446474438741822,6.076360800276409,1
2,2,0,1,0,1,2,-3.805639968812566,1.5313535980485666,2
1,1,2,2,0,1,1,-4.505406541268613,3.077352819898291,1
0,0,1,0,0,1,2,-6.73321823393346,3.500872153109652,1
0,2,1,0,1,1,1,-8.029246876955504,2.222655826759309,1
1,0,2,2,0,1,0,-4.8435516204736775,7.370648730239168,1
2,1,1,1,2,1,1,-4.6514399986114245,2.398088829112478,1
0,1,1,0,0,1,0,-3.329282803788973,4.200000965842673,1
1,2,0,2,2,1,0,-0.9686792050078811,3.3175487854397896,1
1,2,1,0,1,0,1,-5.382991909664058,-0.2269479850942251,1
0,1,1,1,1,1,1,-3.774898358976021,3.478631448264543,1
1,2,0,0,0,1,1,-4.914275893260278,2.497571695515923,1
2,2,0,1,1,0,2,-4.9206860645994945,-1.676340445652187,1
2,1,2,2,2,0,2,-8.22651239646129,3.2823644846699733,1
1,2,2,2,2,2,0,-5.276839341724011,9.069287287200424,1
2,0,2,2,2,2,0,-2.4378717137760613,11.117321901121242,0
0,0,2,1,1,1,1,-4.524665442861523,6.494032099793888,1
1,0,2,0,0,0,0,-6.832064083306768,4.632884317707391,0
2,1,2,0,2,1,2,-8.309870591859712,4.544326510053446,1
1,1,1,2,2,1,1,-3.521626680435377,5.273479486519406,1
2,1,0,1,1,2,2,-3.8453568138039906,5.715516308854681,0
0,2,0,0,1,1,0,-3.0567268734134094,3.02497361194382,1
1,0,1,1,2,2,1,-2.0751566018221155,8.745194789756212,1
1,2,1,2,0,1,2,-5.866357478418901,2.7545673096228622,1
1,2,0,1,2,2,1,-4.007740029270881,7.852678540886021,1
2,2,2,1,1,0,2,-7.303453206711547,1.2886096114603816,1
2,1,0,1,0,2,0,-2.0091251207494296,8.227918133483769,1
1,1,0,0,0,2,1,-4.70632164591347,4.397948352571275,1
2,0,1,1,0,2,1,-3.3614867869130602,7.551388429178883,1
2,2,0,0,1,1,0,-3.5212289961465055,1.7647382996814538,1
2,1,0,0,2,1,2,-5.232344714949257,2.2017738213376976,1
0,0,1,1,1,0,1,-5.459607773375434,2.513633040374337,1
0,1,0,0,2,0,2,-8.480603932946984,1.137076465350394,1
2,2,1,2,2,0,2,-4.096941299026014,1.8393968753221144,1
0,2,2,0,2,0,2,-8.103780825888624,2.756538592719566,1
1,0,0,0,2,2,0,-3.108171437785533,5.862421846396095,1
2,0,1,0,0,2,1,-6.272242790243277,6.908141046525564,1
2,2,1,1,0,1,1,-3.4977620766777946,1.179187527742681,1
1,0,1,0,0,2,2,-5.95135466543845,5.918708497024279,1
2,2,2,2,1,0,0,-5.6618684264771835,5.372225184148525,1
1,2,2,1,2,1,1,-5.1419562506847445,5.115831934919213,1
1,0,0,0,2,1,2,-4.419046833375042,3.8010297779977313,1
2,0,1,1,2,0,2,-6.375581530644843,3.634258489373813,1
0,0,2,1,2,0,2,-5.695183219819164,4.489210055660829,1
2,1,0,0,0,1,2,-5.01569138296883,0.8946382149830874,1
0,2,2,1,2,0,2,-8.8290451896332,2.870276517701179,1
1,2,1,0,1,1,1,-3.628968878808947,3.815601765614569,1
0,0,2,2,1,0,1,-6.494230809829103,4.891929498167774,1
2,2,0,2,1,1,2,-2.7600342686891732,-0.045688583048961284,1
0,2,0,0,0,0,2,-7.634933165914928,-2.420636673750315,1
0,2,0,0,0,2,1,-5.465011451563408,5.032436088936785,1
2,2,0,2,1,2,0,-1.029327022848169,6.598515620155773,1
0,0,0,0,0,1,2,-7.153220607912362,4.251669331258749,1
0,0,1,1,1,1,1,-3.7894841948755067,5.045430814561708,1
1,0,2,0,1,0,0,-5.682956098177083,4.123887377861581,1
1,0,2,0,1,0,1,-8.891246967283694,3.3064680135265183,1
0,0,1,1,1,0,1,-6.640454082642783,2.132925309300264,1
2,0,1,2,0,1,0,-1.3088939086929394,5.068015399580068,1
1,1,1,2,2,0,1,-5.623344640125236,1.1383047142923006,1
2,2,0,0,2,0,1,-6.305506746797369,0.5809257365124623,1
2,2,1,0,2,0,2,-8.317823617736947,-0.14055900073778582,1
2,1,0,2,2,2,1,-1.6359706113777737,7.308213313477715,1
0,1,0,1,1,2,2,-4.342034535427738,6.649760531657114,1
1,2,1,2,0,1,2,-4.936383343355033,3.608841441529467,1
0,1,2,0,2,2,2,-8.401279261965088,6.144765368521008,1
1,1,0,0,1,2,2,-6.796675547262318,3.1198300763229625,1
0,2,0,2,2,0,0,-6.101811688010961,1.7998611229118218,1
1,0,2,1,2,1,0,-1.8873409202024352,7.42887334141494,1
2,2,0,1,0,0,0,-2.7455095257124498,1.7733737667391174,1
1,1,2,0,2,1,2,-7.871372200710956,1.6071367828118626,2
2,2,2,1,0,0,2,-6.951642559137504,0.9712327633537239,0
1,1,0,2,1,1,2,-5.618156974759679,4.598676859078164,1
1,0,1,2,1,1,0,-0.061995864363957764,7.390350558838462,1
2,0,1,2,0,0,2,-4.366756299958043,3.4027022220752707,1
2,1,0,0,0,2,2,-2.7533317682847773,5.376404441089001,1
0,0,0,0,0,2,2,-2.80859184180525,6.6007878111166,1
2,1,0,1,2,2,1,-1.6564277744961742,7.023515644024561,1
2,0,2,0,1,0,1,-9.419500326714635,4.6585972503602395,1
0,2,0,0,2,0,2,-5.513566006888348,1.2044600259627454,1
0,2,0,0,2,0,1,-8.294751825682807,0.42705400416945216,1
1,2,0,0,2,2,2,-3.8474402799056575,5.355260446194789,1
0,0,1,1,1,1,2,-5.5518831633345505,3.306427882470052,1
0,0,1,2,1,0,1,-6.21318952751928,3.7866691919672464,1
2,0,0,1,0,0,0,-2.498632745762705,4.577061711384497,1
1,0,2,1,1,1,1,-5.948896950144287,6.956844456953759,1
2,0,1,1,1,1,2,-2.860361932092202,3.3079805619448894,1
1,0,2,0,0,1,1,-5.646901768517013,3.9607763782332808,1
0,0,2,2,1,0,0,-6.029657741942971,4.888231725248998,1
0,0,2,1,1,1,0,-6.272991251395204,6.632204794470346,1
0,0,0,1,0,0,0,-2.1582848650998816,2.5796219056024503,0
2,0,0,1,2,0,2,-5.143517379691227,3.0340503359550564,1
1,2,2,1,0,1,0,-4.695254013730785,6.075879439874697,1
2,0,2,2,2,1,0,-3.1444035894551825,5.683151097253835,1
1,1,1,0,2,2,0,-3.9392215118374145,6.596475003878763,0
0,1,0,0,0,2,1,-4.802563993456381,5.676357352249414,1
2,2,1,0,0,1,1,-4.610389303130704,4.6768500093618375,1
1,2,0,0,1,0,0,-5.048401799030485,3.840527347250563,1
1,2,1,2,0,1,1,-4.700257182971081,4.423835987294642,1
0,1,0,2,1,2,0,-1.347261705738759,6.439366447650363,0
1,0,2,0,1,2,0,-4.312085450557944,7.9981640942497405,1
1,2,2,2,2,0,2,-7.487901978658017,0.07494521155497114,1
2,2,2,0,1,1,2,-8.078602631891343,0.39623089647103504,1
2,2,0,0,2,1,2,-4.8694049150803815,1.4423879362752687,1
1,1,2,0,2,2,1,-8.143020383034687,7.165516092737075,1
2,2,2,1,2,2,2,-6.38331193217184,5.840219642381809,1
1,1,0,0,1,1,0,-3.316038320431954,3.751846901614241,1
0,0,2,2,2,2,0,-4.308059794694146,7.971092670244095,1
0,1,0,0,0,1,2,-5.346515268091068,1.746452892481369,2
0,0,2,2,1,2,1,-4.682005429688023,8.237507813036789,1
2,1,2,1,2,2,0,-1.5250197486895538,10.688707917252124,1
1,0,2,2,0,1,0,-3.882132338045787,6.185589666086563,1
1,0,2,2,0,1,0,-2.6019918639189568,7.016839816363305,1
1,1,2,2,2,0,0,-6.02331540740043,3.430394677788398,1
1,1,1,1,2,1,1,-2.656107286913805,3.8598703475931524,1
1,1,0,2,0,2,2,-2.391471856530196,5.693171648259169,1
0,1,2,0,0,1,1,-6.998732995629897,4.262841527427989,1
1,0,1,2,1,0,0,-4.049488682552613,4.189705808053685,1
2,0,1,1,0,1,0,-1.0308907452327898,4.246875693146944,1
0,2,0,0,1,0,1,-6.397234749467285,1.087089403072933,1
1,1,2,2,0,1,1,-6.819515638210177,5.6014277757949635,2
0,0,0,0,0,1,0,-3.952621419706497,3.4014736206303544,1
2,1,2,0,1,1,1,-8.805357092799564,3.8629529814711416,1
1,0,0,1,2,2,0,-0.9668016834338591,8.896242333994246,1
2,2,1,2,1,0,0,-2.6661915817255926,3.1258005617295637,1
0,0,2,2,0,2,2,-6.167398458885211,8.501465195682933,1
1,2,1,1,0,2,1,-3.6258772447462375,5.326975777311925,1
0,1,2,2,0,2,2,-5.418041935624348,6.303742687654033,1
2,2,0,2,0,0,1,-3.1811220357127787,2.4815744046700217,2
0,2,0,2,1,0,1,-5.74744155581677,1.6136654567836637,1
2,1,0,0,1,2,2,-4.4942954504241905,5.374713110906184,1
0,1,0,2,1,2,1,-4.979910917276637,7.739029572395179,1
0,2,1,1,0,0,0,-4.994834576928096,1.8500251363080964,1
2,0,1,1,1,0,0,-3.16978666886515,5.689378164171907,2
2,2,1,1,2,1,1,-3.0332956496115373,4.285022657399724,1
1,2,2,1,2,1,2,-6.135432450380077,3.4371168831653076,1
0,1,1,1,1,2,2,-7.308465672297515,4.216610392538012,1
2,0,1,0,0,2,1,-4.723495146117201,7.626236652868998,1
2,0,1,1,1,0,0,-5.456096304842753,7.086146651885052,1
1,2,2,0,0,0,0,-6.530747719382636,1.355175563264516,1
1,1,2,2,0,2,2,-6.947046898098188,7.473435458294669,1
1,2,2,0,1,0,2,-9.745353529674322,1.5316902074792367,1
0,2,2,1,1,2,0,-4.926857799630449,6.281635352127639,1
0,2,1,1,0,1,2,-5.095678248987817,1.640723141725163,1
2,2,0,2,0,1,2,-5.292324415713821,1.6900617643555442,1
2,0,1,0,2,2,2,-6.323801808717952,5.957794269648692,1
0,0,2,2,0,0,0,-6.735132499658249,4.932557487793892,1
2,0,1,2,1,0,2,-6.173692681290418,3.64868081953214,2
2,0,0,1,0,0,2,-4.621159407738088,1.8430906168784777,1
1,1,0,1,1,1,0,-1.4913319344814042,5.663883257151017,0
2,1,0,2,0,1,1,-3.063035126631111,3.534629274855945,2
2,2,1,1,2,1,1,-5.1992112179146,3.6327446072999363,1
1,1,1,0,0,1,0,-4.057239562658812,3.507958109274013,1
1,0,1,2,0,2,1,-2.3154245965424436,8.796424196791662,1
0,0,0,2,0,1,1,-3.287958055891097,4.630207130242118,1
0,1,1,0,1,2,0,-3.9970855364132025,5.703411324064337,1
0,0,0,0,1,2,2,-5.777781388918173,5.434919945094585,1
2,2,0,0,2,0,2,-9.205050168286384,-1.9762563267669182,1
1,0,2,0,0,2,0,-5.03345171844613,8.937706476942935,0
1,2,2,1,1,0,0,-4.996989828338719,4.455107790619069,1
0,0,0,1,2,2,1,-3.655038912753544,7.40646384938513,1
1,1,0,1,0,1,2,-5.524591832911442,4.086404429917651,1
1,2,2,0,2,0,1,-8.626459825393745,1.5792880007932006,1
1,2,1,2,2,2,1,-4.0404489231827645,6.570205483244358,1
0,1,2,2,2,1,0,-3.67472519556679,5.559260173235879,1
1,0,2,1,1,1,1,-5.983023077611027,5.964144003317998,1
2,2,1,2,0,0,0,-4.944282216077437,3.7081717735161455,1
0,2,0,1,0,1,2,-2.829795246918313,1.320018736596094,1
2,2,0,0,0,0,0,-4.251377517947411,1.3332800677316459,1
1,0,2,2,0,2,1,-4.736725936504494,6.748093448962154,1
0,0,1,2,0,2,2,-4.934363492911601,9.30564068447107,1
2,0,0,0,0,2,2,-3.9533765253503574,6.01739682176584,1
2,2,0,0,0,2,0,-2.2995218135922406,4.365049785671211,1
2,0,2,1,0,2,0,-1.7064882619258706,6.473112789782698,1
2,2,0,0,0,0,0,-5.377651270241564,1.5576132300803238,1
1,0,2,2,1,1,1,-7.297256103194357,5.002563298126763,2
2,1,2,1,2,1,0,-4.00877553895868,5.116566279583372,1
2,1,2,2,0,1,2,-7.205527967072967,3.062237584574189,1
1,1,2,1,0,2,0,-5.924991889749101,6.6591826652781325,1
1,1,1,0,2,2,0,-3.737789498318529,6.5064575602656305,0
0,2,1,1,2,2,2,-4.188568280213933,5.284528461436753,1
2,2,1,2,1,2,0,-2.114398546907334,6.663436887158668,1
2,0,2,0,1,1,1,-5.889510881443285,7.76848637818115,1
0,2,2,0,2,1,0,-7.473497935161205,4.600420416228143,1
2,1,1,1,2,0,2,-6.604467319462103,2.6724737137055303,1
0,0,1,1,2,2,1,-3.2623846505409584,8.14835126782176,1
0,2,1,2,1,0,1,-3.3722223869028385,1.5965308781009124,2
1,2,2,0,2,0,0,-7.739466970203625,3.2692288062166592,1
2,1,0,0,0,1,1,-4.340779257274062,3.2725217705172818,1
2,0,2,0,0,1,0,-4.6786701251097425,6.326793867120526,1
2,2,0,1,1,2,1,-2.299651934521936,7.37745659024013,1
1,2,0,1,0,0,2,-7.196860550914383,-1.7438236856274356,1
1,2,0,1,0,2,2,-2.6395036477129317,3.68509462585361,1
2,1,0,0,0,2,2,-4.877628063916878,6.9138503263805475,1
0,2,0,0,2,1,2,-6.184579552761791,2.7825854127549317,1
0,0,2,2,0,0,1,-8.295499887847956,2.583186625206322,1
2,0,0,0,1,1,2,-5.086102511760603,2.437178669417116,1
2,0,2,1,1,2,2,-5.910505849134186,4.583352019650469,1
2,1,0,1,2,1,1,-3.127157783732227,4.639628818860015,1
0,1,0,1,0,2,0,-3.0963828977027017,7.974933960065839,1
2,1,2,1,1,1,0,-6.332016375601189,4.9003918942584335,1
0,0,2,0,2,0,0,-7.170463953961375,5.26124395294822,1
1,2,2,0,0,2,0,-8.070962355077514,4.759720037709792,1
0,2,0,1,2,1,1,-5.870255471107214,3.2637275278242215,1
2,2,1,2,1,0,1,-5.856735957810147,2.0241108773655294,2
0,2,1,2,1,2,1,-3.9429952739796743,6.95033708561532,1
1,0,2,1,2,0,0,-6.229206231694462,5.5178412906761665,1
2,2,1,2,2,2,2,-4.252710649665101,5.973565691979154,1
1,1,0,2,0,1,0,-2.242462041407005,4.801543841976434,0
0,1,1,0,0,1,2,-6.827646992877824,2.5171924840742594,1
1,2,0,0,0,2,1,-2.8718451586931457,5.967095198120305,1
1,2,2,2,0,2,0,-5.907944908973782,6.77928493863676,1
0,0,2,0,0,1,0,-6.1051684713442835,7.0866016354151675,0
2,2,2,2,1,0,0,-4.689832437369073,6.658985234695068,1
0,2,1,2,1,2,2,-5.532498196286928,4.277246712294293,1
1,1,2,2,0,2,1,-6.354564455085691,8.715440748187163,0
0,0,1,2,1,0,0,-2.4972141040721345,5.690987790142469,0
1,2,2,0,1,1,0,-7.627766231799887,2.16912706918397,1
2,1,2,2,1,0,1,-4.458598158406782,3.4427599023347275,1
1,1,2,0,0,1,1,-6.580680676555306,4.9498245887708965,1
1,2,1,2,2,0,2,-5.739984608690144,1.5123744904189522,1
2,1,2,2,2,2,0,-3.7406226180739632,9.118724608649284,1
1,1,0,1,2,1,2,-3.2052532257021102,4.404976521150195,1
0,1,1,1,2,1,0,-3.550250257421054,4.830197767352635,1
0,1,0,0,0,2,2,-5.063252185032717,3.013361037437769,1
0,1,2,1,2,0,2,-9.281019553734868,3.027354885517152,0
0,0,2,0,0,1,1,-6.074601446245318,4.66966605083056,1
2,1,0,2,2,0,1,-3.4853003357120746,2.920089364129267,0
0,0,0,0,0,0,1,-6.210735280938118,2.2041791906207484,0
0,1,1,2,1,2,0,-1.2970436440047461,8.530030643990411,0
0,2,1,1,1,1,1,-6.7521646412042635,2.421611883134432,1
2,1,0,2,1,0,2,-4.906794296077444,2.8902896649765726,1
0,0,0,2,0,1,1,-2.842537220189083,6.659375084411183,1
0,1,1,2,0,0,2,-6.126003270315519,2.5029708202673384,1
2,0,2,1,2,1,0,-4.0623586603448425,6.118355953113097,0
0,0,1,1,2,0,0,-3.0621027011463124,3.28792404399492,1
2,0,2,0,2,2,0,-4.886055135624543,8.941119177130657,1
1,1,0,2,2,1,0,-0.7269703208706065,5.410670865283496,2
0,2,2,1,1,0,1,-9.143887087927478,2.4234032999930157,1
2,1,1,0,1,0,1,-7.706153979244599,2.4754903067064795,1
2,2,0,1,2,2,0,-0.697725486468144,6.811451429600474,2
2,0,2,0,0,2,0,-4.62826036316853,7.6220165508447195,0
2,0,1,1,1,0,1,-5.123220629428083,4.260176303694968,0
0,2,2,0,0,0,1,-8.426704887247341,0.48832685866934966,0
1,0,0,2,2,1,0,-0.568582593640252,4.1671946956074155,1
1,0,0,0,0,2,2,-2.5130236626406774,5.251324721361887,1
0,2,0,2,1,1,1,-3.8706851077568096,2.1087549865721122,1
2,2,1,1,2,1,2,-5.462459505738405,3.1637367995228756,1
0,0,1,0,0,2,2,-6.168311318034139,6.053468362329155,1
2,1,2,1,1,1,2,-6.745110119750892,3.938335311866689,1
1,1,2,2,2,0,2,-6.298614696071948,0.9584247886671178,1
1,2,0,1,1,1,1,-3.8280193749959137,3.477638254909037,1
1,2,2,1,2,0,1,-6.735488927255436,1.0413846493991945,1
1,0,0,2,1,1,0,-1.5752782823758253,6.17634541204071,1
0,0,0,0,2,2,0,-2.498520295626023,7.128305349859938,1
2,2,1,1,2,1,1,-2.415192245150226,4.433591892108956,0
0,2,2,2,1,2,0,-5.05549026448159,7.533408275325128,1
0,1,1,1,0,2,1,-5.781541435678303,6.458632891176526,1
1,2,2,2,0,2,0,-3.0837261855594513,7.037566123049955,1
2,1,0,1,2,2,2,-3.0965755263364962,5.135190730671532,2
1,1,1,2,2,0,2,-6.96426554726216,3.1232014536503616,1
1,2,1,1,1,1,2,-6.242723876849117,2.5385284051685395,2
2,2,0,1,0,2,0,-4.485096570314624,7.091512400933014,1
2,2,0,1,2,1,0,-0.666345256630464,5.294820823468388,1
1,2,2,0,1,1,2,-7.727621960826544,2.8455053487284463,1
2,0,2,1,1,2,1,-3.571516475414734,7.635681745681091,1
2,2,0,0,2,2,1,-5.513870932644824,3.9859188777628516,2
0,0,2,0,0,2,2,-6.9948654131698005,6.842067505843409,1
2,2,1,1,0,1,2,-5.45116027100982,2.054349066029536,1
2,1,1,2,1,0,1,-3.352153964422465,3.790017700587695,1
0,1,1,1,2,0,1,-6.660823770648959,4.186342727991649,0
1,0,0,2,1,0,2,-4.675195515328965,4.317622951513758,1
2,0,1,1,2,0,2,-3.3634196865614348,4.15997799982348,1
2,2,2,2,0,0,1,-6.368294214019732,3.0851095695975936,1
1,1,2,2,1,2,0,-4.644923794110579,6.925644574137423,1
0,0,2,0,0,0,1,-7.65085931868801,4.296127819420173,1
0,2,2,1,0,2,2,-7.868576886450071,4.563944326307173,0
0,1,2,1,2,0,1,-7.783550874480516,2.610510882512798,1
0,0,2,0,1,2,0,-5.230781353497407,9.01040838953141,1
1,0,0,0,0,0,2,-7.7761680219934455,0.9752231068780133,1
2,0,1,1,2,2,1,-2.3416074209273523,10.165241979893683,1
2,1,1,2,1,2,0,-1.0315565229739414,6.872738662695214,2
0,2,1,2,1,1,0,-3.9029809176829406,5.700137887904896,1
2,1,2,2,1,2,1,-4.744386127525898,7.5617793971664184,1
0,1,2,0,0,2,1,-6.7971397784594005,3.308149576989787,1
1,2,0,1,1,2,2,-4.245263856575271,3.898475748535851,1
1,0,0,2,1,1,0,-0.8460950151627896,3.673889429692731,0
2,1,2,2,1,0,0,-4.620763123344355,4.533141410435709,1
0,0,0,2,0,0,1,-3.981261966335488,3.370789772974604,1
0,0,1,1,1,0,2,-5.775238289236429,2.3722234642435875,1
0,2,1,2,2,1,0,-4.221427870855613,3.81353797078575,1
1,2,2,0,2,1,0,-7.161410397568816,3.68834600042379,0
2,1,1,1,1,2,2,-3.6966280076689655,4.733911742418871,1
2,0,0,1,0,2,2,-2.953483897563861,7.342771195693378,1
0,1,2,2,2,2,0,-4.997233757149331,8.724715250222552,1
0,1,1,2,2,0,1,-5.378637675473783,3.4286270254101776,1
0,1,1,0,0,1,1,-6.778799206899128,2.303379286959393,1
2,1,0,1,0,1,1,-4.843033591547615,4.631803135064992,1
0,0,0,1,1,1,0,-2.017054618285309,6.512508718821624,2
0,2,1,1,2,1,2,-4.588403138942868,2.989565525022728,1
2,1,0,1,1,0,2,-6.312042799073632,2.8271303098066705,1
1,2,1,2,0,1,0,-4.551280693021285,5.632605209583034,1
0,0,2,1,1,2,2,-5.802492478589757,8.472204415789422,1
1,0,1,1,0,2,0,-1.9435884416619968,9.542157658809558,1
1,2,1,1,0,2,0,-2.5372012815983966,6.034097889620137,0
1,2,0,1,1,1,1,-4.312528321922998,1.4086013834977753,1
2,2,2,2,1,1,1,-4.921696895920695,3.6565128759523087,1
0,2,2,2,0,0,2,-6.906313741657494,2.6398626442112088,1
0,1,0,2,1,2,2,-3.7580371742474226,5.916921262880308,1
1,1,2,0,0,0,2,-8.178798334992049,1.2874899316311166,1
1,1,1,2,1,2,0,-2.883429308663218,7.23540418350573,0
1,0,2,0,0,1,1,-5.835162825876384,6.05268306860995,1
1,0,1,2,2,0,0,-1.7787184114712478,4.519484860324464,1
2,2,2,0,2,0,0,-6.743247794941005,2.836118099298563,1
2,2,2,0,0,0,0,-7.7105677444580945,1.6122668179044202,0
1,1,0,2,2,2,2,-3.458418511242824,5.065700540594095,1
2,2,0,2,0,2,1,-2.373950380940218,6.584863434734391,0
0,1,1,2,1,1,2,-6.29587235652458,3.6735663818036626,0
2,0,2,2,0,0,1,-3.3215351702391174,2.7459252880154352,1
2,0,2,0,0,1,1,-5.920796593305065,2.836555858955141,1
2,1,0,2,0,1,1,-0.9640442998627738,3.4763374800685627,1
2,1,0,2,1,2,2,-2.8321412531129653,6.496419815638656,1
2,2,0,2,1,2,2,-0.8366281386136332,4.152766093117229,1
2,0,1,0,0,0,0,-5.200421880346432,1.8450176107013927,1
