d,e,a,c,b
0,1,1,3.3610899652137824,-7.337927473499742
1,0,1,3.425020113880213,-7.049008874208984
2,0,2,1.6861900214752765,-3.192125859745937
2,2,2,-0.4607103844731057,-1.6327029296030693
0,1,1,2.5168003688448755,-6.500955332560993
2,2,0,-0.8094815459785484,2.234241361410422
1,2,1,2.1402094789367356,-5.406521681607101
0,0,1,3.8074934935567084,-8.649549666221349
0,0,2,4.622072590580102,-11.733335283409502
1,0,2,2.835857706529591,-8.400486667172476
1,2,2,0.9019264314674924,-4.614883624373324
2,2,1,-1.6056919215134724,0.9220039563770515
2,2,0,-1.1825542703834133,-0.19689852900356164
1,2,0,1.3282739620810304,-0.30635572905873065
1,1,0,2.6754873450385044,-3.82417335734597
1,2,1,3.1858637664176253,-8.176201723873673
1,0,1,4.018981900702346,-9.244554370247302
1,0,0,4.18515337880977,-8.370436291737208
0,0,1,2.332709508270019,-5.757120491715423
1,1,2,3.3058587243723605,-8.78381781038613
0,1,1,4.206100216800136,-10.513555102075369
1,1,0,2.826702818648466,-5.846134762738888
2,2,0,-0.7769376216658468,0.9901101583269185
1,1,2,1.5478040689627506,-7.240095141543619
1,1,0,4.416884733278145,-7.952220952155576
0,1,1,4.250860903859193,-9.13304008115525
0,0,0,4.428630008094299,-9.203111211439518
0,1,1,4.490471991138565,-7.200223875418995
1,1,2,2.1567690397417856,-7.437929120059578
2,2,0,-1.5618123513241864,1.1359606777530162
1,2,0,-1.2350354978986662,0.453602908352027
2,0,0,2.5343076423431596,-4.734918473178614
1,2,0,0.0008551086689877474,0.004826955894241647
1,0,2,3.0172806369697778,-8.120814266337174
2,1,0,1.6912504578458933,-3.104896358487605
0,0,0,3.9040063911682026,-8.094375904250267
0,2,2,1.0144277138569844,-6.123527500207961
0,1,1,1.9586492002659461,-6.161318854916328
2,2,2,0.6870729589908975,-4.744652619710286
2,0,0,3.5495109176646293,-6.827662770723316
2,1,2,2.174348329091697,-6.907134539115362
2,1,0,-0.1298674122957164,0.7066069715677571
1,2,0,0.17365682317109177,-2.2102376197327693
2,1,1,0.25622481276561115,-4.936481843608817
0,2,1,2.9791273175270074,-5.5479465623404645
2,0,0,2.4875661899208916,-5.857075680753754
2,0,0,1.2168322818000625,-2.7041580463066177
1,0,2,3.722256659647416,-10.09207247407352
0,0,1,3.8751488472284983,-10.337906361183668
2,1,2,0.7138307333076658,-5.7531058126237005
2,2,2,0.6312253727997912,-5.658997982372423
0,1,0,3.2362358958777984,-5.450015561028095
1,2,1,2.490124342296572,-7.5750963006964875
0,2,2,2.6910918374142936,-7.531012221337685
2,2,1,1.167778950869442,-3.95675909352667
2,2,1,2.5447407544149994,-5.696500879056076
2,1,0,0.9597713694368786,-1.035523638506046
2,2,0,-1.5469854207812685,1.4512240144730293
2,2,0,1.8350128017358511,-3.2241704973597916
2,0,0,2.0674786160571745,-5.696038131727187
0,2,1,3.138952866361442,-6.440286307451116
0,2,1,2.4050430361161705,-5.711881581640188
1,2,0,0.2637268834616645,-1.509081746058048
0,1,1,3.584366707175664,-7.580376552693355
2,0,0,4.101335816082368,-5.628591730089603
0,1,1,3.305805424649167,-8.030954709957145
2,0,0,2.2948493533855645,-3.594366562161032
1,1,0,2.135825437778801,-3.7303312972454408
2,2,0,-0.43515686724289876,0.16928987070874693
0,1,1,2.864912846623288,-7.727643772687289
2,0,0,3.439159602213876,-7.187227809927923
0,1,1,4.077484842091394,-7.980076067177112
1,1,1,1.5143211583294132,-6.268354474023487
2,0,0,2.8504495138460375,-6.444794352834117
0,2,1,1.7319373304288253,-4.094386349344501
1,0,1,3.0716544621349815,-8.648446439642253
2,2,0,-0.3106560732412835,0.6622579121147016
0,1,0,4.835006177988935,-8.046361632276254
2,1,0,2.0011812052237414,-2.949664543902913
2,0,0,2.2169577140737946,-3.620354981223114
1,1,2,2.480508186019649,-8.009902442640774
0,2,2,2.673786545292948,-7.834864389874948
0,0,1,3.241360569684708,-9.198683733767067
0,1,2,3.1884533969194715,-8.755977217238438
2,1,1,1.4573381037938469,-4.188161153665905
0,0,1,4.538550168512207,-9.829569414168114
1,1,0,3.92191047746749,-6.7448809307266595
2,0,0,3.169936165800791,-4.348429151588947
0,2,1,3.3911583486520307,-7.32562875498121
1,1,0,3.1539368915533554,-6.213104343641798
2,0,0,1.6832559071159796,-3.072298004847554
2,0,2,1.2149708944622464,-6.690748939685864
0,2,1,2.293206933393905,-5.198247320831127
1,0,0,2.8938555973136406,-5.255067809754166
2,2,1,-0.5889375499619467,-0.38230247905865056
0,1,1,3.867819782909657,-7.919328211602905
0,2,1,2.240921526806496,-5.494741757860116
2,1,0,0.11837817042573784,1.9381200974183712
0,1,1,3.2846650051926636,-8.876285986437212
0,1,1,2.950516570230296,-6.5261135231949945
0,2,1,0.6961648479653741,-3.23808075811553
1,2,0,0.4263303091415811,-1.0466789972906563
2,0,0,2.7129147301287047,-4.7714108883269795
1,2,2,1.4602186394350634,-6.34219058055462
0,2,0,2.5122890191253595,-5.07986982369828
0,2,2,2.839765553658123,-10.154517126238915
1,1,1,1.494173352015567,-5.513054185360823
2,0,1,2.745507969301756,-4.831191407083285
0,1,1,1.9657777925423967,-4.830227083199226
1,1,2,2.5682461869972264,-7.1194716642049
0,0,1,3.925220752844009,-7.653040402512229
2,0,0,2.455231078435272,-3.659020954932258
2,2,0,0.49119881199425164,-1.9891449530350696
0,0,1,4.299466011984985,-8.822236634179053
2,1,2,2.526999553404016,-7.914619870829793
0,2,2,0.8412573892922883,-4.334563903454698
0,0,1,3.1647000544712425,-7.768781830375967
0,1,2,6.431762415110635,-17.417933754694143
2,0,0,1.2392534630843814,-5.039094637118908
2,2,1,1.019969643105699,-3.96899247129051
0,0,1,4.756203275814953,-10.04080722909625
2,1,2,0.5516616316452971,-3.1887493044351336
1,0,0,5.012070920974255,-9.188395893354516
0,0,0,6.254449478118673,-10.603833498699887
2,1,2,3.281799152731608,-9.97139400830165
1,1,1,1.7747444333694213,-7.452300440049028
2,2,2,-0.20902850660012598,-4.016860461931388
0,1,1,3.278194775946666,-7.266188310823665
1,0,1,3.5666971310088456,-9.572560692273312
0,1,1,3.1784038300018973,-7.394169014156177
0,2,1,0.9668220179120381,-4.215390779570064
2,2,1,0.2970587293957431,-1.7073529049297573
2,0,0,2.5945896569432216,-2.853280386202031
0,0,2,4.339629390338893,-10.185573950749887
2,1,2,1.1467816760161782,-4.466504771937097
1,2,2,1.5911065144305567,-5.261680233421197
2,2,2,1.1452473883102716,-4.099924189764209
1,2,0,1.259287641534908,-0.8228416115905826
0,2,2,3.1632578317891573,-9.724758805647783
0,1,1,3.2114138669939902,-8.036318112061961
2,0,0,2.747440415303261,-4.837068617568925
1,1,1,2.2819822151042555,-5.215342777193983
0,1,1,3.8261239468194264,-7.45668164074866
1,2,1,2.322504331523122,-6.346419047661684
1,0,0,2.786737408462754,-4.4868048630828055
2,2,2,0.27633293365004297,-4.075141409596963
0,2,1,3.084350468124318,-6.8666244739248965
2,2,0,0.6140150743216534,-1.9311650213216205
0,0,2,4.288662725354301,-12.48588798770685
1,2,2,2.3837203611929993,-6.798909166499526
1,0,2,3.645962113433505,-9.991367377523188
1,1,2,2.509238041249239,-7.039001140635752
2,2,2,-0.7875572065963088,-0.6561876905887025
1,2,0,1.4663287721704166,-3.7914172976460914
2,0,0,2.78649197844354,-7.454005223355786
2,1,2,-0.49147315973045935,-4.448396359381846
2,0,0,1.9440817895484148,-3.9782023816297527
2,0,0,3.3842398605768325,-5.391708049343608
1,1,0,2.361651714447315,-4.56423451214887
0,0,1,6.014513697115551,-11.43655701280027
0,0,0,5.481874292369828,-8.09359271757738
1,1,0,1.290239814618536,-2.4951036270747915
1,1,1,3.362644417615561,-7.945649771916258
2,0,0,2.225659395082078,-5.859444251641957
1,2,2,0.5537947356527376,-6.355476935707162
0,0,1,2.370251884292603,-4.114841738799017
0,0,0,3.4312900322231283,-7.716896043023046
1,0,2,3.28755746566023,-7.992385456559788
0,0,2,3.558406466592044,-9.820485992679446
0,0,2,4.990854348725522,-11.611909921965342
1,2,1,3.857438423139865,-9.19782000500309
1,1,0,2.7950817670641293,-4.187126816997665
1,0,1,3.5822449655514697,-8.024696754476963
0,2,2,4.324386246197681,-11.892386816637211
1,0,2,3.8350981358190364,-10.814393314366344
1,0,1,5.006992729908838,-10.426675469654409
0,0,0,4.338582263917932,-7.800264707888445
2,0,1,2.132222086059792,-7.387905523789923
1,1,2,1.768016599773807,-5.141831271685793
0,2,0,2.1880019140993827,-3.294305925489739
2,0,2,1.5625099226247654,-7.33131299812759
1,2,1,1.704190345123167,-5.84451250781805
1,1,0,1.7085391884409937,-3.7539801429442656
2,1,2,2.6435594722650326,-7.050979637371881
1,1,1,3.198983180404648,-7.533260881962488
1,0,2,4.3110625658668775,-13.482654373290982
0,1,0,3.3743609396523255,-6.7284911099381235
2,1,1,1.1041964900282337,-2.535568097312048
2,1,1,2.089761187164956,-3.5886683815754292
2,1,1,2.2720748860237423,-7.631724761290743
2,1,1,1.6277283696180387,-4.571082110918518
0,1,0,4.6283943683343844,-9.695327947376905
2,2,0,0.7291041689121376,-1.810033594738133
2,2,0,1.0582564245159876,-1.471031684309191
1,1,0,3.4987841143538736,-7.390940015970809
1,0,0,4.578806656010961,-8.782419642642946
1,0,2,3.149178342224464,-8.224820088732656
2,1,2,0.12781767291304158,-2.865191122200496
1,0,0,5.12123586382721,-8.233778738928264
1,1,0,2.5546819254873494,-3.1442743132547815
0,0,2,4.426836671113494,-9.305215358675106
0,0,0,3.211960224608953,-6.142298348187049
1,1,0,2.6823255600603044,-5.044085507287581
2,2,0,0.3117489193197457,0.007472088256002873
2,1,1,1.7743300046323904,-7.108818788854803
2,0,0,3.5318339695494076,-6.007886085585568
1,2,2,2.340254400951829,-8.954525703030717
0,2,1,3.4966155336506444,-8.401403696597583
0,1,1,4.504940488957725,-8.965589035838441
1,0,2,4.101028664763655,-10.152823431765283
0,1,0,4.490659936088132,-7.925563439760096
0,1,0,5.822447901083496,-10.32302138615707
2,2,1,-0.8563153496157063,-1.0357897627442738
0,1,1,3.8879913708045875,-7.816091869564392
2,1,0,1.0062031381500436,-2.428489555178811
0,0,2,5.692916206461762,-13.595793385122185
2,0,0,2.4873169037725233,-4.343472868548798
2,0,0,2.979815326556534,-6.610418044031773
0,1,1,3.5261651964309744,-8.733489911163216
1,1,2,0.662503700952561,-3.4128383947019545
0,2,1,2.493376242526725,-7.334706061423955
0,2,1,3.3816864656586727,-7.288807535997499
2,1,0,-0.22700457641501592,0.06311705271414544
1,1,1,2.401526439238861,-7.008070364193101
2,0,0,2.429222084054013,-4.572622830075621
1,0,0,3.9379986944140475,-7.924176222001937
1,0,0,1.383074501273979,-2.4070387174839816
2,1,0,0.8063947572555816,0.025956050450314017
0,0,1,5.688592863664964,-11.821519799550165
0,1,2,3.410982892582401,-8.573663257930304
1,1,1,3.2859840502940516,-7.654482893598841
1,1,2,2.487591116923592,-6.369762525199819
1,0,1,3.5197023325565917,-8.019597655646754
1,0,2,3.388553202311209,-8.621162916128398
2,1,0,2.0457136414253094,-5.5662806684853265
2,1,1,0.7933950169409002,-2.1353716225044197
0,1,1,2.188090280018723,-5.779154082678281
2,1,1,1.5287992768481655,-5.5974118874385566
0,1,0,3.106596908936026,-6.63919058704567
0,1,1,2.367967754838422,-5.816148207506786
1,2,2,0.008893684412649594,-3.9183045317634364
2,0,0,3.0386595430180985,-4.967194890969927
0,2,2,3.8683209067198225,-10.297905192502164
1,0,2,3.443140806427204,-11.426938350287791
0,1,1,3.134639891685745,-7.185588027077865
0,2,0,1.3769529183086862,-4.248014917071058
2,2,0,0.20610058962326983,-0.9187266574583169
1,2,0,1.6155852878612882,-2.9655064653565972
0,0,1,4.9463242820282005,-12.374235212155014
2,0,0,2.7413864750482673,-5.227937085205899
2,2,2,-1.6458394116649357,-1.1472907183920216
1,0,0,2.032507176268699,-3.2798917455273666
0,0,1,4.722578502351833,-9.323513026337036
1,2,2,2.8309542887565655,-8.442274692118698
2,2,0,0.048223425474302056,-0.8297367190450561
1,0,0,4.208640151737403,-6.247249980161775
2,2,0,-1.040536207185743,1.2798131433087845
2,0,0,1.2064116985986106,-2.4160021809891
2,0,2,2.6716566973910254,-6.525804496519086
1,0,1,4.724495025205568,-11.32708518222186
2,2,0,0.3070316022939794,-0.7732326708742099
2,1,1,1.8146902113701837,-5.931666051234425
0,1,0,4.7687846319035625,-8.681171696203634
1,2,2,-0.27808836271180337,-2.308284932912532
1,2,1,1.9121523959767788,-4.356988235684552
1,0,1,4.909929698618241,-11.362453734110574
1,1,2,3.479270109070171,-8.655350695817107
1,1,1,3.6784693937651296,-6.313054766378558
2,1,0,1.6132297769848272,-2.2494991393198456
0,1,1,4.0823925098127924,-10.22821430084215
1,0,2,3.226362528702956,-8.816756630891591
0,1,1,2.018836068509226,-5.652285118375738
1,0,1,3.1515743021005425,-7.816787522752113
1,1,2,2.633990256272144,-8.416734288662283
1,2,2,3.4718090760554694,-10.463178727821111
2,1,1,0.7556196078045513,-2.7938909537982446
0,2,1,3.655779531203254,-7.929325423895064
1,2,2,1.4128913952224007,-4.592869367941658
0,1,1,3.121746231542827,-8.19514370921944
0,2,1,1.8431762044884141,-4.41611022879464
1,2,2,0.9120935126307853,-5.723222465887793
2,0,2,3.320393476966172,-9.19369512988758
2,2,0,0.3273708030318285,-1.4172752052402626
1,2,2,0.7378957772553709,-3.9146073610736227
0,1,2,2.8691781718703524,-9.105898383493134
2,1,0,1.1260145672153783,-1.533320366792052
0,1,2,2.61024391987522,-5.812413964232032
1,1,0,3.2710934861202157,-6.040260456823111
2,0,0,4.075232151696559,-7.3428285915196545
0,1,0,3.111714541872681,-5.277987656831499
0,1,1,5.087553039486639,-10.638475152845109
0,0,1,4.058625709932448,-9.589520823048481
1,2,1,-1.1375005960805877,-0.996501663178496
0,1,1,3.9649172812729123,-5.8437694555785376
1,2,1,0.8659727791906344,-2.1865129869103623
1,2,0,1.9698044873917455,-3.3956893268795554
1,2,1,2.9822603001455894,-7.165432659431741
1,1,0,2.0957250574455344,-3.81104264903706
2,2,1,0.32946489285324754,-3.3392424105602863
0,1,1,2.261673273039057,-5.945309935189179
1,0,0,2.546297587282199,-3.319758878217206
1,1,0,2.2696576134659874,-3.9456184748185628
0,1,1,2.909861651760621,-6.858342198993611
1,2,2,1.0189911866401082,-4.904849157639838
0,0,1,5.011113167100693,-9.511169115192464
0,0,2,4.496046856139189,-12.282151898587479
1,1,2,3.2212380445689464,-9.701100625853622
0,2,1,2.1746612807327637,-6.633655570961407
0,2,2,3.177454620148464,-9.009877355194572
0,0,1,5.571758494203367,-11.978477967221078
0,2,1,1.8515636490196972,-5.816055171377489
1,0,2,4.166111830892447,-10.756948254307638
1,2,2,-0.01831553236125827,-2.9898529462776353
2,0,0,2.659929854166074,-6.475079901563101
2,2,0,0.31030990830967253,-0.6784432817720999
0,2,1,0.8339452071319617,-3.038625592993276
2,0,0,2.781854415295005,-3.088139383740035
2,1,0,0.5642565375676858,-2.321880662713285
2,0,0,1.5363021228935168,-3.8902635762903586
1,2,2,0.33000490312177755,-2.784435135919808
1,0,0,4.284292302055635,-8.367999484236556
2,1,0,1.759304552942874,-3.0742032669978565
0,0,2,3.0308895723762825,-7.73786557119678
1,1,1,3.50972978034417,-9.18320398566619
1,2,1,0.19547336977518648,-1.5765478560526565
2,0,0,2.7644311164820974,-5.217962161380247
1,2,2,1.1770493475099124,-5.430184674346298
1,2,1,1.1540799921488687,-5.46971620488742
0,1,1,3.971174066291047,-11.008957316105617
0,1,2,5.4132464547946,-13.753714264792718
2,1,0,-0.36195251743789947,-0.04655926849083629
2,2,0,0.5851446598948973,-1.0882111310878217
1,1,0,1.0164951406616238,-2.568283229986376
1,2,0,0.6265570336504849,-1.6943711912053572
2,1,1,3.1130488854225433,-6.3440599844384895
1,0,1,3.765630314343885,-8.593119664046409
2,1,0,1.3894738711932604,-2.377590795165656
1,0,1,3.404850834228871,-9.92315377717889
0,0,2,5.033083257937901,-12.399069163151843
0,1,1,2.6335381658023307,-5.485871720802303
0,2,1,2.7776524845090127,-7.137855371936011
1,0,1,3.7145925329577003,-7.859998335052069
1,1,0,1.6099159703541108,-3.6815636628441597
2,0,0,2.216846061091719,-5.8873926211545236
1,1,2,1.6337533026363844,-7.758884920990732
0,1,1,3.444217002900183,-7.216971508493822
0,1,1,2.59087401505896,-7.49037934656122
1,1,1,2.1978360998894155,-5.8557528157942
0,2,1,1.6119169422461754,-4.619983366230771
0,1,2,3.277916112028608,-9.633765046326687
0,0,1,2.581830458014188,-5.351827972943367
0,0,2,5.646400417014647,-12.28076935649986
0,2,0,2.2760528436521885,-4.936541592072313
2,2,0,0.8972473529834089,-1.7527221906391701
1,0,2,2.896764314059161,-8.505038981510362
0,2,1,1.3399982637514882,-5.010894727188314
1,0,0,5.34235994199565,-8.641926572361035
1,1,2,1.8874390172012532,-4.256812027256174
2,2,0,0.5940379131173805,-0.8635306842527183
0,2,1,2.758197843557631,-9.90842313122773
0,0,1,6.560463233843754,-12.798659614350306
2,0,1,2.7494026697539056,-6.5851859441827205
1,0,0,3.7446972776513467,-5.191536118918877
2,1,0,2.8129120891228077,-3.608570389913255
0,0,2,5.7437861679389,-14.16240879689844
0,1,1,3.4426225230787058,-8.858963024654381
2,1,0,0.28367872495470625,-0.7376801708731262
0,0,2,4.6365213384096,-9.950919423923162
0,2,1,2.933174310022669,-8.453829411672789
1,0,1,3.579905087895564,-4.973476786384919
0,2,1,1.783797921028452,-6.046027644143005
2,1,1,1.251047200488554,-4.556820821389962
0,0,2,4.95145215960243,-12.561553924815067
1,0,2,4.073995631446959,-11.611926218990336
2,1,0,0.7758785456344843,0.5144917266047164
0,2,0,3.569590373650935,-8.399634364087731
1,2,0,1.3034669008166697,-3.147701081597807
2,2,2,1.148160301489849,-5.208684616425815
1,1,0,2.7324674242372264,-4.888040340450201
1,0,0,4.997736236274744,-8.688492745150068
2,0,0,2.3025793692443433,-5.37979582970162
0,0,1,3.826574843912364,-7.940844832664891
2,0,2,1.4827128536161893,-4.808968096902754
0,2,2,0.8030925594636253,-5.884284618607119
1,2,2,1.1133705380252235,-2.9646094509997747
1,0,0,3.9395540067233616,-7.953684990905675
0,0,1,4.82513136750781,-9.698629718339904
1,0,0,6.708512194860283,-10.529412295089164
0,1,2,3.5273624756564854,-11.31509087802067
1,0,2,1.6874109790593896,-6.739407450711699
1,1,1,4.126526996140105,-8.900662449513627
1,1,0,2.3275369016730583,-4.372857956592819
1,1,2,2.3088802780021096,-7.141276426167903
1,0,0,2.769180377617307,-4.243779675311838
2,2,1,-1.8512894046425457,0.9169561800743781
2,2,1,-0.9969369850959015,-0.3478527813556828
2,2,0,-2.839435386038556,2.7783177244914423
1,0,0,3.7582051293532803,-7.463319959237629
0,0,2,4.17648047431712,-10.39065686823025
2,2,0,-0.004000934994785252,0.8759166823273031
2,0,2,1.4294346669698481,-6.180504343182559
2,1,0,0.44876983376536095,1.3938922934207847
2,0,2,2.1903949743934312,-7.824613903780407
2,1,0,0.6117520528008827,-0.7187345512694853
2,2,1,-0.24513028953240112,-1.9621697349368399
2,1,0,-1.6415183701006733,1.8884094469171644
1,0,0,2.6768400756306105,-3.8728058639470047
0,1,0,2.7794813793513384,-5.349868995125997
2,2,0,0.955640120209265,-1.8378076366237823
0,2,0,2.2049339115810125,-3.4718550510696184
0,0,1,3.807888861818949,-6.7345947838813895
0,0,2,5.008918152584151,-12.787565907239312
1,2,2,0.030601422261379296,-2.721404968867761
1,0,1,3.559076945292065,-8.188107628085818
0,1,2,4.330377857622892,-11.957684148683732
1,2,0,0.9302012142378622,-3.703128684148304
1,1,1,1.6903570169859878,-6.0499723858265435
2,1,0,1.4413752539762281,-2.5828294009057013
0,2,1,3.017545777313543,-7.324987985512039
1,1,0,2.712440753343521,-4.964031944986849
0,1,0,3.784723314585234,-6.586674143303608
0,2,1,3.5116269780822083,-9.73594121735903
1,1,2,2.7048112711460903,-6.859990644915533
2,0,0,1.8689309041928597,-2.5385806995275972
2,0,0,2.7866343810815293,-6.5215927698419724
0,0,1,5.608555280142616,-10.528069658894525
2,2,1,0.4474338542273364,-3.4064303726939498
0,1,1,2.593718179315316,-5.298630217642181
2,2,0,-0.48748333492943197,1.9511666235357485
1,1,0,0.9561924804531421,-1.5565233036088375
1,2,1,1.1983811606264396,-5.233203547100646
0,1,1,3.301136884037714,-8.267312454627682
0,2,0,2.481496037348107,-3.9469608235076636
0,1,0,3.21670244357274,-6.534972997740566
1,1,1,0.9895768531555895,-3.9057267410660956
0,2,1,1.0493991451584952,-3.1378414717478718
1,1,0,2.324885875207595,-4.166677934584813
1,1,0,2.1443495243159783,-4.633868486159048
2,1,0,0.5985380324222256,-3.5295011645261356
1,2,0,0.6516306367659278,-3.1389159859058395
0,1,0,1.9952084523896725,-2.5520190011159216
0,1,1,4.383239969445404,-8.77479923825514
0,2,1,0.6044379967689284,-3.4800347367012847
0,1,2,3.86549677416628,-10.231444886871943
1,2,0,0.6909776348037504,-1.5701403575640511
0,1,1,4.025675571596154,-7.7776169208969375
1,1,2,2.3511800203491773,-6.32992128860402
1,2,1,1.5250959739725976,-4.568998636730031
0,0,1,3.578013559923039,-10.024282062095219
2,0,0,4.807430448556098,-9.47077522105934
2,0,0,3.6900928466435508,-6.62760945316808
0,0,1,5.941979403265022,-13.550083502504986
2,1,0,1.9694570154065634,-3.4186684983884015
2,0,0,4.320898571232915,-6.284762061537238
1,2,0,2.9445977922602284,-5.502951890956131
1,0,1,2.297804033912551,-5.052275902401261
0,0,1,4.336486002819153,-8.103003630677176
1,0,1,5.1953766494355405,-9.732345163338618
2,0,0,2.290382844565353,-4.21108205323897
0,0,1,2.853688432885543,-7.782939878246028
2,2,0,1.5923835853400976,-3.5204435585389042
1,1,2,1.4924416016700341,-5.5427050715484
2,0,0,3.5818548605275193,-6.690015114492988
1,1,1,2.8110854326224652,-7.717163464923473
0,2,1,3.322863743309009,-6.127983078033918
1,0,0,5.210218805621779,-9.308518805425738
0,0,2,5.636855913576541,-13.361956725055814
0,2,0,2.858965871573745,-4.058465723509774
2,2,0,-0.11808307510403272,1.1406416817504743
0,2,1,1.552806205986582,-4.136900414220216
2,2,2,2.1241526157919104,-8.435606235349331
1,2,1,0.4734933034838851,-3.4092010187278383
1,1,1,2.7986685244673066,-6.07049398998838
0,1,2,3.70558019190248,-10.42785648358889
2,0,0,3.466569355856788,-4.5034051038340355
2,1,0,0.3151924967855777,-1.4305149541572653
2,0,2,1.9533015110724976,-4.908945585247007
1,2,1,0.9495259272185782,-3.962285108349973
1,2,1,0.005664891504880587,-2.219022201544843
2,1,2,1.4750820438677583,-5.061608911008133
0,0,1,6.410792758428316,-13.07301265276706
1,0,2,5.53543469157286,-13.347855478876665
2,0,0,4.593894535656668,-7.939404345896519
2,1,1,2.411593614182566,-6.291036249204425
0,0,1,2.3266112970426382,-6.971730868632247
1,0,0,2.9890384028678696,-6.61519612155032
0,0,0,3.0072213881066903,-4.96593035402948
2,0,0,0.7956142375510988,-2.5772592626919506
0,1,1,3.9228437607490303,-9.81735966679465
2,1,0,2.047172799621222,-5.210850214500968
1,1,2,3.3703272047796937,-8.888575066967523
1,0,0,5.023470384767505,-8.844792340165855
1,2,1,1.839568090774252,-4.743275776373651
1,0,2,2.860132074655085,-9.352512123988431
0,0,2,5.199383938938409,-13.249577005457235
2,2,0,-1.4965006270122334,2.059605647608257
1,0,0,5.5079239715294666,-9.48808546633027
1,2,0,1.8572103535566122,-2.952982586064127
0,1,0,3.855298438416576,-6.126186087133365
0,0,1,6.786711325859024,-14.342266714831096
2,0,1,1.9622778567472983,-4.5131277179025595
1,1,2,2.9208449164108536,-7.422516787227654
1,0,1,4.428547749602019,-10.07849620787266
0,1,2,3.5515407957652663,-9.22580645249574
2,1,0,1.4689339103966577,-1.6990047477375503
1,1,0,1.6625897942983823,-1.6632746288039377
2,1,0,-0.39695940016494635,2.9662736497467646
0,2,1,0.7072618297013731,-3.851771328250921
0,0,1,4.987344179720215,-11.485779268093
1,0,2,4.48636623498504,-10.65197838030172
1,0,1,3.7271550728393237,-7.414623931348501
1,2,1,1.3305195285875953,-3.8380521534986944
1,2,1,0.3667457977264059,-3.218592216418949
2,0,0,2.7594603644584295,-5.188966846899824
0,1,1,4.324699196769792,-9.942351436873972
0,2,1,2.5485591362121687,-6.828376854374421
0,0,1,5.791450469628532,-11.090881800921737
1,0,0,5.067058696031102,-9.276975095885785
1,0,2,3.5052220509980776,-10.680232570099243
2,1,0,1.3027182018631887,-2.291763060650693
1,0,1,3.315522192253473,-8.132838261674065
0,1,1,3.869360659620774,-8.23067837961307
1,1,0,1.610747901835953,-3.0756566518204598
2,2,1,-0.08044771374315429,-1.6048395186675293
0,0,1,5.8236597067412985,-11.16959156249255
0,1,2,4.379585341155973,-10.738476126612177
0,0,1,4.650957782694944,-10.577012484960813
2,0,0,3.627327507202867,-7.655310970666979
1,1,2,2.8931081356577426,-8.121484614362384
0,2,1,1.807970952210055,-4.763493404971015
2,0,0,2.0428864391848216,-4.042137167493679
1,0,1,4.012010937365757,-9.599326876737623
0,1,2,4.6092645684253775,-11.879708823783856
2,2,0,0.9134762908776632,-2.732741085170141
0,2,1,3.33721142114245,-7.462481083967413
2,0,0,2.3587672559076736,-4.211461609544599
1,1,0,2.943421541027349,-6.9487219330896615
2,2,0,1.752150658568263,-4.0187965658056735
0,0,1,3.4953316726914387,-6.837846691625154
1,0,2,4.473232662869076,-10.422099394230592
2,1,0,2.6559781248017753,-5.557848201763919
2,1,0,0.7313174310370372,-0.6885014398626548
0,2,2,2.29541052696126,-7.644081157428493
2,2,0,-0.1224743239174558,-0.02097628284596642
0,2,1,2.480725026088896,-6.018598358867375
1,1,2,1.6269081984148248,-6.373931001464122
1,1,2,2.6194128397599243,-9.735833262323748
1,1,0,1.9328071252109285,-3.2847890895553884
2,1,0,1.282698303236714,-1.636470955322482
1,2,0,0.46046481807885997,-2.1664941061097585
2,1,0,2.7220292518431304,-4.817540217443477
1,0,2,3.265412452748642,-8.88907901040152
0,2,1,1.7609463279517836,-6.961590468506309
1,1,1,1.4881647035924457,-4.0933626469687105
0,0,0,4.494755543423845,-9.312276971919971
0,1,0,4.421222289219132,-8.104519920869723
1,1,1,2.0038809515400455,-5.674828284184558
2,0,0,2.4599871411871996,-5.012758313662761
1,2,1,1.150081130345024,-3.1826996619984356
0,0,1,6.3259824241620475,-12.866854739788026
2,0,0,1.9119455932147922,-3.71838902473372
0,0,2,4.302269228395566,-10.480111458338916
2,1,0,2.5673232416135585,-4.789783972352397
2,1,2,1.8432910662519704,-7.2501868481345735
1,1,2,3.859890566129126,-11.572140215118267
2,2,0,1.2463794578768235,-1.5504691238173094
1,1,2,3.5776235608039046,-8.428886404301219
1,0,2,4.906590131287233,-11.513428644479744
2,2,0,-1.4691492513485886,0.9796147447201357
2,2,0,0.9308828210024733,-2.555711496758532
1,0,2,1.6499849680284242,-7.260058920085568
2,2,0,-0.12909892121655372,-0.14489315751073895
2,0,0,2.740864602088087,-4.531554406424004
0,2,1,3.0706732943274258,-9.258156498989715
1,2,2,1.6294040061022004,-6.274670504245287
0,2,0,2.026491325561731,-4.431218131121158
1,1,1,1.8680899829203095,-5.188450568875483
0,0,0,5.203431988183695,-10.553103990936261
1,1,2,3.358029577617252,-9.977762190578552
2,2,0,-0.6020614193191278,1.2352773274856181
1,2,2,2.079009639236113,-5.3201583602136155
0,2,2,2.6366670326164847,-9.538913286899
1,2,0,2.058552816141815,-3.153158773688162
1,1,1,2.1401255164202606,-7.043606727808756
1,2,1,1.3479344771827106,-4.537489941966419
0,2,1,0.2464525825412902,-3.668960492132779
0,0,0,5.006383020116755,-7.972692295603693
1,2,1,-0.33087725261349066,-1.9263116584839435
1,2,2,3.671763379756685,-10.475993303471247
2,0,0,2.044603797085877,-3.6375247055633033
0,1,1,3.8019282830788126,-8.96192628383478
2,1,0,1.7803291782322566,-3.264150396918632
1,2,1,0.20184664224516613,-0.9363940135846522
0,0,1,5.019002356085701,-11.19452029706597
0,0,0,4.045413327741403,-7.530866617333814
1,2,0,1.542195285724256,-2.917020611499722
1,0,0,2.6916758692109726,-5.496688210279315
0,2,1,1.6717316096361905,-5.138292204395301
1,1,0,2.238833011146913,-3.0879749482297036
1,0,1,2.57215978113018,-7.323770886139117
1,2,1,2.940866939181869,-5.331115999320174
0,0,0,5.850812789361381,-10.85325631010906
0,2,2,1.2658692786605232,-6.422434329678212
2,0,0,2.543898209332511,-3.5402336082042054
2,2,1,-0.4091057405529754,-1.8304379026697597
0,0,1,4.044122288879564,-8.080230711757874
0,0,1,5.033718895579065,-10.718635176745451
1,2,1,1.4979229342693787,-5.187637492460638
0,0,1,4.937162798387466,-8.613168839225214
0,2,1,2.681320728852484,-7.6671456923144445
2,2,1,0.15700670748417336,-3.663938320157809
2,1,0,1.5519954934569342,-4.961334222873468
2,2,1,1.1063394853702462,-2.75142012007292
0,1,2,2.938973719419162,-8.277711883238352
1,1,2,2.275525134965367,-10.053343779110111
1,0,0,2.6995442437507005,-5.346597292758961
2,2,2,0.7579587434636991,-5.896529394671473
1,2,1,-1.7395331222894792,0.24633163380971124
0,1,1,3.957575842824816,-9.67322748595633
2,2,0,-0.4063654231614446,0.1831492608575576
1,2,2,1.01127769661866,-4.069764158775023
2,1,0,0.7284591738428341,-1.238332445486566
0,2,0,0.7317366051412104,-1.9913887859216284
2,0,0,1.8030056275926527,-5.926317253304561
2,0,1,3.8974015277384217,-10.317532063712845
1,2,0,1.0053228604517004,-3.4668918590732787
2,0,1,1.7400136461323967,-4.673610390281415
1,0,0,6.679531228996824,-11.483623076566621
2,0,1,-0.2326755056737433,-2.384485244165284
2,1,2,1.0729265004913955,-5.001858606975142
0,0,2,5.59835752483465,-14.080344195275403
2,1,0,1.0299283270992547,-1.2093932883551373
0,1,1,2.9032752972062945,-6.786024648172293
2,1,0,1.4516604442365173,-3.3572615305836067
1,1,0,1.8171310521755981,-2.302545415989618
0,2,1,2.350754384141167,-4.551229182587531
1,0,0,2.6773200854686596,-5.053897189770311
1,0,0,4.359326025674903,-6.719715804082565
1,2,1,1.3420034574210211,-5.610486118485518
1,0,1,3.1857995667411148,-7.851252977953005
0,2,1,2.6206939380247327,-6.635385408251079
1,0,1,4.175145681944831,-9.845095718583334
2,1,1,-1.1521955280635146,-0.14522166326772498
0,2,1,2.6166980421045762,-6.148406751006635
0,2,0,3.057725386779474,-5.598705103174645
1,1,1,2.586958675219365,-6.9474442724226515
1,1,2,1.6655442351172833,-7.713135251088135
0,0,1,3.678797931560415,-8.936558069804192
1,1,1,2.1139957021549836,-7.890212766288493
0,1,1,3.6284606817323213,-9.975135815335545
2,2,0,-1.3544303611772144,1.419452584045233
1,2,1,0.17810822845695995,-2.599241886583662
0,2,2,3.23025328094428,-10.569393361290087
2,0,1,3.134993375678873,-7.646405693479478
1,2,2,1.0426310244377468,-5.805339263860972
2,0,2,3.269631204986562,-8.839028205426697
0,2,1,2.0180014075602113,-6.634922925092322
2,2,0,2.513626298750409,-5.946037328910464
2,1,0,0.9167983832895023,-2.616002373433244
0,2,2,1.120199604884926,-5.107081747986455
0,0,1,3.8061207104191253,-8.131017979955171
2,0,0,3.6291839937853103,-6.795999177748677
0,0,1,6.136984767226469,-11.62859933056317
2,1,0,0.38823882573719004,-2.1954537831324243
2,1,2,0.6842851272305996,-6.417749877082448
0,1,0,2.851927066755177,-5.206373930023262
1,2,2,0.5065317908461242,-4.877811565267818
2,1,0,0.21103402241174662,0.42012276045438224
1,0,0,5.397182840257725,-9.542723745982178
2,0,0,2.0542508806873823,-3.508414722696188
1,2,0,2.8262093469067997,-4.893569998797542
0,0,2,4.945119943151665,-12.19415004087257
0,0,1,5.179824923204967,-10.677429106038414
0,0,2,3.6195527474495224,-10.822142020425499
2,0,0,3.991799167547305,-8.121370834134131
1,2,1,2.2370505418424687,-4.660727068950816
2,0,0,2.3550319632858217,-4.604830938324437
0,0,1,3.7789265120578968,-7.700027134510327
2,2,0,0.10857862068151611,-0.20854713592605223
1,0,0,3.0117602706627133,-5.058631668187759
2,0,0,3.1707291102029203,-7.552314252390089
2,2,0,0.22474630558958703,-0.6681212400038772
1,1,1,1.526598946103379,-4.004196915323634
1,0,0,2.2064826763473473,-2.63714509784519
2,1,2,0.4142818333872077,-5.085387778639066
0,2,2,2.446756290308358,-8.141259928745775
0,2,2,1.6276602944787129,-8.574003364556544
0,0,1,5.286708361543401,-13.750494845537393
2,2,2,-1.140172119680711,-2.593990595188649
0,0,1,5.917425028311201,-13.37819862423619
2,1,0,-0.9360080060593794,0.6349301362355376
1,1,2,2.3400065385309397,-8.101426759260463
1,0,2,3.268475264856707,-9.74819584672829
1,0,1,3.135269238451006,-8.047390861323613
0,1,1,2.7681843109172193,-6.468913518439596
2,2,0,0.5784176852860087,-2.4956920594493237
2,0,0,2.976661515278903,-6.1019469734197935
1,0,2,5.826525307140402,-12.50329457834516
2,0,0,3.266836530920051,-5.994628081493734
0,1,2,3.828965391127199,-11.74870857788304
2,0,0,3.5575810705538213,-8.30883613463422
1,2,0,0.9362457350093517,-2.0247431499004835
0,1,0,1.6132734061550897,-6.7374096009968945
1,2,1,-1.099206342561244,0.17935434468383388
0,0,0,3.8787141640489238,-6.6796058922763315
2,1,2,1.1841752533340442,-5.345552021708756
0,1,0,3.2200599121166937,-6.69731420452692
0,2,2,2.575688959190515,-7.662717111121674
1,0,1,3.720169637993474,-8.497689019688645
1,2,0,0.3261483118194394,-0.6011563627176671
2,2,0,-0.24513313118059418,0.23772933559803155
0,1,1,1.791193290730028,-5.406283700855847
2,2,2,0.5866145517765247,-4.376323245774705
2,1,2,0.7760983635812435,-4.16405891987234
2,2,1,-1.1463464635034586,1.087143797189995
1,0,0,2.4503239989755814,-3.6300836441406883
0,0,1,5.288154916864522,-10.176368160005085
2,2,1,-1.19880297493804,-0.6486231032329733
2,1,0,1.5986393238380354,-4.494245579876351
1,0,1,4.525259401493955,-10.71527612876497
0,2,2,1.9519529247184662,-7.658518760940744
2,2,0,-0.27924569656839243,-0.2745687882165659
0,0,1,2.857272138309722,-6.1749537673164765
2,0,0,2.5440720828735044,-6.559753167178261
0,2,1,1.7954312453383885,-5.207626297160847
0,1,1,3.4516983214286148,-8.47328121797208
0,2,2,2.2630071396522258,-6.142212017065033
0,1,1,2.970527354105499,-7.403945472786074
0,0,1,5.482211477352505,-10.535350554461672
2,0,0,4.913861037981873,-8.277325227088353
2,1,0,2.0449378896141024,-3.335349481435247
1,1,0,3.4593768409578174,-6.582593523912009
0,2,2,1.7152049252099166,-6.440619193412832
2,2,0,-0.17451988151147418,-0.7049979873968881
1,1,1,1.4824157592653382,-4.188793693638289
1,2,0,-0.2155028588456951,0.6272212947551135
0,1,0,4.904506718589227,-9.3050908398499
2,2,2,-0.14594543204526897,-3.802061867574493
2,0,0,2.2228729269142145,-3.7655874997989964
2,2,2,-1.9997629057462816,-0.7233313014942581
0,0,2,5.738053565399183,-13.540175063652237
1,2,1,-0.7144858954961215,-0.6672907475733321
0,2,1,1.994116397434029,-6.241101801712135
0,0,0,5.341804699211929,-9.05080332684108
1,1,0,1.6806555156654952,-3.885235425683679
1,2,2,1.6476139772195617,-7.401055566564362
0,2,2,2.506368148138955,-9.107138693230016
2,1,0,0.877155347090163,-2.3048863472987473
0,2,1,1.0147116197786252,-4.336732731615727
1,0,1,4.542639722787853,-9.735736818440396
2,1,0,2.094342428446387,-3.3438383186203726
0,0,1,4.648334680793459,-11.063494638475388
0,2,1,2.157555484080824,-4.112994665436545
0,2,1,1.368005460263288,-4.736765740176839
1,1,1,3.5927928561027134,-7.544765199454768
1,1,2,2.193733354689634,-7.95170448919247
1,1,1,5.124447453266161,-10.107267093381136
0,0,2,4.176204060340791,-10.731071174610927
0,0,1,5.314791582550568,-9.028212835110683
2,0,0,2.8997059256391298,-5.4471092964178345
0,0,1,2.853189598059834,-7.489771130016111
2,2,0,0.8859899498158406,-0.8934920015349423
0,2,1,2.2696466807800535,-6.297707300693197
1,0,2,2.9910546450672255,-10.113061281035337
2,2,0,-1.04801160070123,2.0699731266964454
2,0,1,3.2804235544035767,-7.520040177290607
1,0,1,4.810600678867919,-8.76673948521863
0,0,2,6.67612747137559,-15.662837888557705
0,2,2,1.1249872752204895,-5.72451077480481
0,2,1,2.0394125985665696,-7.370712687071624
1,0,2,4.590497980863731,-12.48725366703843
2,0,0,2.071918198331872,-4.093652695480111
2,2,1,-0.32725971909740276,-2.222508150572032
1,1,1,0.9339566684268514,-3.7228692240820997
2,1,2,0.41054627090267215,-2.9138379903049163
1,0,0,5.195677592170661,-9.589762289644247
1,0,0,3.216837323069951,-6.317677678276899
0,0,2,3.4933962847105953,-10.269902400412168
1,1,1,1.8767673433769785,-6.019491227416766
1,2,1,1.8392013551522632,-5.980643796571974
1,2,2,2.3525939097565454,-5.948437739726937
2,1,1,1.8018504393070782,-5.462144091598826
1,1,2,1.3922910254997403,-4.914494451063858
0,1,1,2.658981420221105,-6.008024055922021
0,1,1,3.2917666616770265,-8.366461004374614
2,1,0,1.816945897308883,-3.246258227928205
2,0,1,2.5765131702147412,-7.7957285435077885
2,1,0,1.6245451930861565,-4.5519891940133865
2,0,0,2.4301654195045495,-3.563716506489232
2,1,1,0.15795374115344507,-2.9419057808321867
1,0,2,4.066461021245187,-10.428667128339434
1,1,1,1.9626171664014678,-4.8491046949627865
2,2,0,-0.8664744081483646,0.036042505436963856
0,0,1,4.795371381602588,-12.237363787907789
1,2,1,0.7199313731191246,-2.901777256929293
1,2,0,-0.03472099068474499,1.0156760940573535
2,0,0,1.8857917496135514,-4.808773084724452
1,1,0,3.274550682239333,-6.993588165893264
1,1,2,2.4468733206893845,-7.211273711461243
0,2,0,2.4530092477145162,-3.0723306574740104
1,2,1,1.5504335109347853,-5.097714176415392
2,1,0,1.7163430343407313,-2.946431407115088
0,0,1,3.7315591199585656,-8.481090152932476
0,0,2,4.219777849961225,-11.209190002960822
2,1,0,1.4419827776762708,-3.5303674319880307
2,0,0,1.59576093585204,-3.15052810412351
0,0,0,3.905850038425041,-6.027647436393478
2,2,0,-0.48691384123779236,0.8575751266934267
2,0,0,2.2251321370065926,-3.9084831375317663
1,0,1,3.906891118292605,-8.410476500102808
2,0,0,1.504820805555824,-3.580270885110461
0,0,2,4.1234843490800355,-9.646530443274553
1,2,2,2.575082827608731,-7.209058046461255
0,2,0,2.1464966919932325,-5.456307641817302
2,0,0,1.6539405358894212,-5.28763590424483
0,2,2,1.8943776691923115,-8.500925189502077
0,1,1,3.7513096759879176,-8.718862317691958
2,1,0,1.8825261297812799,-4.117010744557201
2,2,0,-2.332827621610434,2.974825780758159
1,0,2,4.412507411672607,-8.807937673307011
1,0,0,2.2148356393230397,-2.6478343276161294
0,2,1,2.1924723671031567,-5.431165121712325
2,2,2,-0.011549869222089407,-2.0281345756356135
1,1,0,0.37124737299647426,-1.4738588390506235
0,0,2,3.7948753405204987,-10.54921400862431
0,0,0,4.7208020848560155,-9.9616017487723
2,1,1,-0.27666047672288063,-0.22023140608559166
0,2,1,2.657170707019694,-6.575506537493632
1,0,0,4.351492407940935,-6.55653397661996
1,0,2,2.7673068853651803,-8.980858192789274
1,2,1,0.6355715819357586,-3.5335110475984295
2,2,2,-1.518815434226279,-1.6474849608519224
1,1,2,4.187136475331642,-9.70361289519736
0,2,1,0.35538850306280456,-2.718560957346677
2,1,0,2.191006335959188,-4.447015073409742
2,1,0,1.3906250785397924,-2.620557789105505
1,1,1,0.6432420670097623,-4.978701703710612
2,1,0,-0.6955651644689944,0.014782694699534082
1,2,1,1.5411308382180404,-6.039570130369581
0,2,2,0.803869963291209,-5.74924020843258
1,1,0,2.5051039731428877,-2.5771891045312483
0,0,1,3.1574925266999454,-8.651193531598782
0,0,2,7.3364849090368995,-15.49464403156834
0,0,0,5.29870327821515,-10.897378875478749
0,1,1,4.1129974253451,-9.385929761761608
1,2,1,1.2551933517560165,-3.1273919913604096
2,0,1,1.8398844588480538,-5.82759691817729
0,2,1,2.5897881042957986,-7.307612322345861
0,0,2,5.20145258993959,-13.419720240549335
2,1,0,2.5295256365144,-5.3047391450498065
0,1,2,3.9803959648586034,-11.892562058952935
2,1,0,1.0653892413800907,-1.305489685886923
1,0,1,3.2667563081723916,-8.917106124380348
1,2,2,2.2868422626455027,-7.655504646778229
2,1,2,2.089675756694491,-8.03465703268125
1,0,1,4.685685174720048,-9.611171536785577
2,0,0,2.811173165643479,-6.062713105608611
1,0,1,4.245211930579465,-9.332423832287555
1,1,2,2.794643511311702,-8.194220968020414
1,2,0,1.129409536895869,-3.0363197624003107
1,2,1,0.9292844082755374,-3.6125166737502945
2,2,2,-0.6738869390922197,-3.0216947740315145
0,0,0,3.6239654469658524,-6.61218866978777
0,2,0,0.4219654001109032,-1.1939675733378308
1,2,2,-0.36024343759217436,-3.842046154046532
0,0,1,4.56796039176706,-9.704477100288313
1,2,0,-0.8979355185014963,0.882878274892398
2,0,1,3.563809441398976,-7.593585869519405
1,2,1,2.410161995301936,-4.679775139335118
1,1,0,1.2863522383001087,-3.333975565254428
2,0,2,4.010099203713915,-9.438529106427238
2,2,0,-1.1095845081674438,0.8980981384187903
0,2,1,2.962348679961768,-6.800738618327798
2,2,0,-0.11070636410623452,-0.2351990703430289
2,0,0,2.1304510584115715,-2.908741177223309
1,2,0,1.660442566548437,-3.5746247588202635
1,0,2,4.71606423305718,-12.617248394806893
1,1,0,1.4435838613405607,-3.158613647961103
0,1,1,3.3242285235401754,-8.475143250454922
2,0,0,2.773398916400539,-7.074512384048535
0,0,2,3.899111056191411,-10.254187101706307
1,1,0,1.922212044450709,-4.036148589224125
1,1,1,3.709136381696087,-8.523651628480284
1,2,0,1.116980234023887,-3.521159336129638
2,2,1,0.20459284255837834,-2.583616150136987
2,0,2,2.4649543272811907,-8.11250307013703
2,0,0,2.9503228297761286,-5.31888245428844
0,1,1,2.321042812951366,-5.714015922995047
0,2,1,0.5086892184890071,-3.1295283627890584
1,2,2,1.6658330978067157,-7.602941545783527
2,2,0,1.310881860312966,-5.230222263830886
1,1,2,1.5288089738529935,-6.1439553387282135
0,0,0,4.344283214353791,-8.741844704099433
2,0,0,3.9881708074791096,-7.011305141496292
2,2,2,-1.2009310952157213,-1.0267111076957633
0,0,2,4.992087890834879,-10.939092611527835
1,0,0,4.262317146500495,-7.807164466198754
0,2,0,4.389664069614838,-8.788730432393532
1,2,0,-0.1903434881683701,-1.4574032697739434
2,1,0,1.9859554527262326,-4.70124708592219
0,0,1,3.8046347873181676,-9.299874277928
0,2,1,2.448796083906254,-7.255489174353723
0,2,1,2.765606633164478,-7.669905263422699
0,2,1,0.20442709555652927,-2.1058278309503367
0,0,1,4.811820613103299,-9.730096236456987
2,0,1,1.7311942551070179,-6.073125239344663
1,1,0,0.11481625347779101,0.010880743009103688
0,0,0,3.9240233920686447,-8.085997779055074
2,2,0,-0.4241207333803092,-0.7374857551576798
0,0,0,3.1278329838730823,-5.703250609134222
2,1,0,2.6012790155589256,-5.79138223344864
0,1,2,3.083875128031513,-7.116064455262333
2,2,2,0.20603307704261659,-3.9136074087037045
2,0,2,2.887364972155674,-7.290577393290079
1,1,0,2.8728579201823905,-3.464777671905996
0,2,1,0.96704295089287,-3.652628590612602
2,1,2,0.7454870663809607,-5.2145883949321945
1,1,2,3.6823423428665176,-9.08585988042063
0,1,0,2.6423882754577526,-3.9561680084854114
1,0,0,3.3544595253707636,-5.833442696145393
0,2,0,1.8103231688671069,-4.017331998373269
1,0,2,3.8442973071815945,-10.808991202459552
0,0,1,4.799592767368434,-7.798107595507204
1,0,1,4.057655673534306,-8.11088494495975
2,0,1,3.2618133943208876,-8.776856979822998
0,2,1,2.2217984270108198,-6.239177134297056
0,0,0,4.817105030009472,-7.113483360553705
1,1,2,2.5406723023806252,-8.91253836083855
1,1,2,0.6456436066697988,-3.370205440576056
1,1,1,1.420209673702802,-4.711848264085777
2,2,0,0.2504404435015447,-1.6968855730500951
2,1,0,0.5709402469587204,0.1239725984883373
2,2,0,-1.2517333589343473,0.5946257065427256
2,2,0,0.14528970916986866,-1.2096429060011364
0,1,1,3.3500946089132873,-7.3782930785701835
1,1,0,2.1802637968114964,-5.2607236962287445
2,2,0,0.07551546201676165,-1.3540270813586344
2,2,2,0.1714204127299676,-6.221182868519045
0,0,1,6.660943482686692,-14.354302521543325
0,2,0,3.452458244000213,-5.666923766692262
0,1,1,3.2271289175565636,-7.163110758756271
2,1,0,1.3386641697239958,-1.1846840478327376
2,1,0,0.93798551806479,-2.381383472587601
0,1,2,2.21161114540173,-5.100068913144568
0,1,1,3.286083606946916,-8.439815920889707
2,1,0,0.36282359622257,-1.1513832639760344
0,1,1,3.9509243808935404,-9.185536029151702
1,0,0,4.25080016414602,-5.920703886060926
2,0,0,1.6235689407228366,-3.2295428007634843
1,2,1,0.44282947294690045,-3.812045635883951
1,0,0,3.575267065812132,-5.257379705638711
0,0,1,4.355302697040322,-8.63191208008565
0,1,0,2.287955745640799,-4.9722565336349165
0,1,1,3.790454932053882,-7.98290689907438
0,0,1,5.82939716199838,-11.57995944126085
2,2,1,-1.2149293551021554,-0.30575340129167666
0,1,1,3.2236340495106695,-8.466170562957718
2,1,0,2.4797058528804055,-4.804765869796223
1,0,1,2.6039834705917784,-7.390567800240518
0,2,2,2.146143340244167,-5.666340443323296
1,2,1,-0.8857616105711281,-1.1445453809562933
0,0,1,4.1054013838204595,-9.348030940008169
1,1,1,2.356058138577115,-6.822932885110395
2,1,0,0.6729952791550048,-2.7133547348522478
0,0,1,6.48671984711762,-13.150141858143446
0,2,1,2.5322220620365994,-7.130429091921298
0,0,1,3.6324386711326744,-7.566822295416225
1,1,1,1.7388640856402624,-5.749676701556114
2,1,0,-0.652155502433396,0.2703318051306232
1,0,1,4.6884620672442985,-11.054516366119607
2,0,1,2.3024705846367794,-6.481926731680435
1,2,1,1.3210460091648357,-3.864456803803059
0,2,2,1.5479960964740287,-4.991400179778633
2,1,1,0.17558351169156738,-2.4452376059293295
0,2,1,2.1581009634377186,-5.504997698906083
1,1,1,2.758142144626706,-6.383282164164243
0,0,1,3.701691113725738,-10.012659134737536
2,1,0,2.573073577542059,-5.5097441206098825
2,2,0,0.19390600117547274,0.7262747066840055
2,0,0,2.2724788010902084,-3.609765286836394
0,1,0,2.7310906599965805,-4.860806108927041
1,0,1,4.252868323557288,-8.737118772944923
2,2,0,-0.7596814280722038,0.7409847752000353
1,0,2,3.5925666458162766,-9.06671257455483
2,1,0,-0.38505597900392385,-1.4190354756820647
2,0,0,1.8282330537332174,-4.599761059107642
2,2,0,-1.3003987277827893,1.5633920784017559
2,1,0,1.5448847188245842,-3.878903382958409
2,1,0,1.34374001441139,-2.7765016524680224
1,1,1,0.3322509376328715,-2.7884420461752293
2,2,0,-0.8452194194170213,0.48948643259148483
1,1,1,3.745994017767714,-8.625262437903464
1,2,2,0.23164434045208748,-3.403596378637519
1,0,0,3.671832098992847,-6.835778963602328
0,1,1,3.752002953937631,-8.104936826293796
0,1,1,3.3582027721244874,-7.450107361322834
2,2,0,-0.09225024450415814,-0.7324928241993225
0,0,1,3.3420577226181374,-7.545948770012625
2,1,0,1.0396929771504657,-2.0645881927766503
0,0,1,5.28185918263671,-10.271379907311118
2,2,0,0.3699002663077696,-1.0319023717672045
1,0,2,3.8591492846334607,-11.453161533951139
2,1,0,0.42595645830114637,-2.490867470477438
1,0,0,2.7911248371997286,-4.101186208712796
1,2,2,2.0955224114958098,-6.659671432841034
2,2,0,0.11470668602052919,-0.20875187590148192
1,2,2,1.0244487219197866,-5.566226027207539
1,2,1,2.1789545785916484,-5.9016851718711685
1,0,1,3.6593130660242963,-9.27392115647791
0,1,1,2.0909049476120143,-5.366261671588887
2,0,0,3.6123519297917355,-7.451281737518384
1,2,1,0.5539306215411662,-3.05570526330605
2,0,2,4.673446824776979,-11.332952163881629
1,1,1,1.8171402311044402,-4.301492792008773
1,2,2,0.9098075866226116,-4.879662963080294
0,2,2,1.4816325040959815,-4.958795616832891
1,0,0,3.8131815798131985,-7.17878595177367
2,0,0,3.498245592371294,-4.862177342513897
0,1,1,2.7082302569976866,-8.946249297940088
1,2,2,1.6451126876611215,-5.441812498022832
0,0,0,4.183146804012823,-7.150785926832576
0,1,1,1.5021855001002233,-3.636842865470787
2,1,1,2.119999664429733,-7.186258859796358
2,0,0,3.11416907335229,-5.008402786633212
1,2,2,0.5724356354078752,-4.765888809587233
1,1,0,0.9595785819446141,-0.7151726539452616
0,1,0,3.5138751941420123,-8.00822482034631
1,0,2,2.3904926026404025,-6.385698786816426
0,1,2,2.9605364866531096,-7.408735239151372
2,0,0,2.4049555841401156,-4.120812241076862
0,2,1,3.690047281319608,-6.9849212240078895
2,2,0,1.2321358940784761,-4.902315565972176
2,1,0,1.946029033039141,-3.9230039120618834
0,0,1,3.7237598894834023,-9.99275780551702
2,1,0,2.9726475545509388,-4.593473707463871
2,0,0,2.331168397021128,-5.404129506627966
1,1,1,2.3959934807476246,-2.8861227298638488
0,1,0,2.5346571678981658,-5.818818803899786
2,0,2,4.273621867291565,-12.383750375801247
0,1,0,3.668162780955316,-7.710149292696864
1,0,1,2.0251247359844,-5.470351222621943
2,1,0,1.7161207080887855,-3.533244698506622
1,1,2,2.5113448532149216,-10.917429969818816
1,1,1,2.7440098234501065,-6.478935541562808
1,0,2,2.8643532835748076,-7.665525934240523
2,0,0,2.5712060667816194,-4.5870101856978724
0,2,0,2.6622424201872743,-5.0267391609239835
2,2,2,-0.6008345590530163,-2.7900854259346
0,1,2,1.3775529439565206,-4.6184452916575625
1,1,1,2.02012438452513,-6.136420221439661
0,1,0,1.623632361153779,-3.4247843656987245
2,2,2,-0.7618477397612066,-2.1743721271798457
2,1,0,1.2996727392675642,-1.942770131699041
2,2,0,-0.10019611562504688,1.324165241087889
1,2,0,1.5460892308314287,-2.10342161236428
1,0,2,3.4414280321061463,-8.422028229706136
2,1,0,1.4058345775189154,-3.8499015416390803
2,2,1,0.8779988045538637,-2.7601995835053774
2,2,0,0.35494206254462096,-1.6395337410078787
1,1,1,2.6851081637541903,-6.929852519731327
1,2,1,1.8631507387041388,-4.173454398473883
0,0,1,6.374233251497638,-11.635201894433711
0,2,1,3.73273430193763,-7.960340156857572
1,1,2,4.245381183529109,-10.549990475931562
1,1,1,-0.7537798663123962,-1.157932979257055
1,0,0,2.6329448454631135,-5.741380809915746
1,0,2,1.9042417156216835,-7.413782374668495
0,2,0,1.8728563869236858,-3.2922766044153153
2,1,2,1.6416168299098293,-7.824406772632575
1,2,2,1.7593852088307433,-5.992140029703097
0,0,2,3.512411710965843,-10.16507493389695
1,2,1,1.3693580596999044,-4.391355598069939
2,2,0,-0.7136025096293603,-0.7168535925680269
0,1,1,3.7519307708186576,-8.309352774151677
1,1,0,0.5365854611903189,-2.427123880488204
2,2,0,0.8751704927286651,-2.756871121743793
2,1,1,-0.052952428739732715,-1.7823093600848412
1,1,1,4.702676723018241,-10.33782682898488
1,1,2,2.2727507474478728,-7.347468237246577
0,2,1,3.4416813728601072,-8.463075150288754
2,2,0,1.0437892725640112,-1.62734596245866
1,0,0,6.465294394907639,-10.254908907817086
2,0,0,3.3564073098932576,-5.98315755648591
2,1,0,0.8465910631761174,-2.8033477462986633
0,1,0,2.875585107028957,-5.54482029542492
0,0,1,2.867615537969328,-7.539381094365767
0,0,1,4.482234454418657,-9.10042780283855
0,2,1,3.2235687028756246,-7.071094154803104
2,2,0,-1.9850458499478818,1.625418010895866
0,0,1,5.845274731653189,-13.98695589750032
1,2,0,1.0908000236100477,-1.894658537426106
0,0,2,5.320841031136689,-12.265743068082047
1,2,1,1.6964118908227692,-4.163591772137655
1,2,0,1.0125137594215305,-3.560869732986876
2,0,2,2.8427125792748016,-8.806035781858085
1,1,1,3.432678254563738,-8.237407580021008
2,1,0,0.17290827923354524,-1.6942273109229649
2,0,0,1.6065202200666961,-2.0878246449986366
1,2,2,1.790340581784704,-6.298942480869265
0,1,1,0.8839048042272339,-5.39343544479665
2,1,0,2.455782892994141,-4.829243144715833
1,0,1,1.95849508026149,-4.055191040454041
1,0,0,5.741143402633668,-9.182847666897416
1,2,0,2.049498605863319,-4.045603044520983
1,1,2,3.4881848528171844,-7.783367347285042
0,2,0,0.8209103851401875,-2.6371062002541805
0,1,1,3.3980815999909457,-7.4293608434545675
1,1,1,2.196646002160193,-5.264536394650149
2,0,2,3.6934958143064733,-10.344210603963464
1,2,1,0.5972170588937603,-3.084930196356722
1,0,0,3.1267781544940894,-5.916520540096713
0,2,2,3.0856348061178323,-9.449664701907627
1,2,2,1.0649430875507426,-5.935856030814197
0,1,1,1.368380431336973,-4.142234816309669
0,0,0,3.764743448126624,-8.1915791589365
0,0,0,3.169265503735918,-6.46044427263767
0,1,1,4.63788368791873,-10.350442785008335
1,2,2,0.10250702914533771,-3.5356465208161394
1,1,1,1.4471999804267295,-4.226536877804625
1,0,2,2.7821767412223504,-7.644306787233724
2,2,0,-1.900213321086817,3.392825241502945
0,1,1,2.958308205827006,-7.391469079635223
2,0,0,1.6640601161677138,-3.4978684768395243
1,2,2,3.2106408773932396,-10.413246559911082
1,1,1,2.6435490116362046,-6.409227985297339
1,0,2,3.978956440651471,-9.709867176362033
0,1,1,2.322416752396287,-5.424279211827099
2,0,0,4.44644487673541,-8.204775439894053
2,0,0,2.2519037070120906,-3.428278725407622
2,1,0,2.7899984849989465,-4.988434912159485
1,2,1,1.4203621258426238,-4.543167300324958
0,2,1,2.1987021528134094,-7.148175886774039
0,0,0,3.9612503760190823,-8.737853986746046
1,2,2,0.2327829314693597,-3.5081348461249404
0,1,1,4.506006291502786,-8.603535968455065
1,1,0,2.2159848259148442,-5.4614710815779075
2,1,0,3.1061891585560817,-6.121082096717646
1,2,2,0.8035015796018927,-3.6269305046280778
2,2,0,-1.856961898130055,2.862188627316251
0,0,0,3.7954237216726487,-7.011249739380073
2,0,0,2.7057004561648497,-7.942361645019272
1,1,1,2.728499074550384,-6.679106574687139
1,1,1,2.7951225588695805,-5.784703480947689
0,1,1,1.8776857693919402,-5.432977172304136
1,2,0,1.8353769939022309,-5.521083026141456
2,2,2,-1.1462654082906687,-1.0609506048650574
2,0,2,5.10251743696973,-12.536726024391278
0,0,1,5.488829717121031,-12.286383978605883
0,2,1,1.8196034441966416,-5.986808318370792
0,0,2,5.19033429588138,-13.021843313593937
1,2,2,1.5077284516382525,-5.791591945674069
2,2,0,-0.466104190559583,0.6512863033120757
0,2,1,2.5832677938390987,-8.091869181555248
0,1,2,3.1605289348836765,-7.0468685082090605
2,1,0,1.2603364055546904,-2.0848728858327843
2,1,1,-0.05185518450088522,-2.159574672857053
0,0,1,3.965376643561437,-8.339980926943948
2,2,0,-1.2737590970601957,0.5711341513142167
1,1,0,1.5352280044216395,-4.006536222347752
2,2,0,1.9645450946207763,-3.439003512399645
1,0,2,4.849375717650105,-11.811297624236701
1,2,0,2.142589222790115,-3.448766652721111
2,1,2,-0.48839989295334796,-2.131311091216433
0,0,1,6.131075938069784,-12.172372213546469
0,0,2,3.8570621822077276,-10.416250086918907
2,2,0,0.6273484576086765,-0.3016502508295509
1,0,0,2.4043436315280386,-2.9123442841428266
2,0,1,0.34355802124943224,-3.39818215284069
1,2,1,0.858597329174622,-4.111724811679644
1,1,0,0.569497010972184,-1.5727816210771992
2,2,0,-1.8981440468707467,3.112105773381841
2,2,1,0.7287639503474411,-4.491151563378338
0,2,1,1.819603057904558,-2.147739776394403
2,1,2,0.4342037306172266,-3.559434786351078
0,2,1,3.321875134289303,-8.240621338390971
2,2,0,0.24695667606018978,-0.8517549211448843
1,0,0,1.29290020305469,-1.4226752001185408
0,2,1,0.7461010883086663,-2.7506934035467427
0,2,1,3.136052251047899,-6.669437284464043
2,0,0,2.1519607082685233,-3.900080993424116
1,1,2,1.9334052769765142,-6.394976632270004
1,0,1,4.5312280051906475,-6.628535400052494
2,2,2,-0.1395903078819401,-3.2455288983342205
0,0,1,4.477632760623229,-10.385002595120293
2,0,0,2.49925616773947,-3.854663425458954
2,1,1,0.18341802513034278,-2.64135565002036
0,0,1,5.236202018123896,-11.688553669174185
2,1,1,1.9998696125227762,-5.627065350948506
0,2,2,3.556202819625682,-8.844022379461713
2,1,1,0.617021687432996,-3.5377900703627505
2,1,0,0.5079458338170365,-1.4989016289408859
1,2,1,0.4775875685689768,-3.09749352780328
0,0,0,6.386594798245697,-10.981959535949171
0,1,1,2.5870259753598193,-5.875024646336034
1,1,2,0.650403161673595,-2.3895304155685166
2,0,2,2.2703859686542254,-7.407097175300335
0,0,2,3.8493169568354744,-10.373701450890026
1,0,0,5.100453033930686,-8.68071348794753
2,1,0,1.925969746698816,-2.582464058074551
1,1,0,1.6779141771910888,-3.127823895546086
1,2,2,0.18660958765332358,-3.5508111922340686
0,2,1,2.7786117009788875,-6.903468547294927
0,0,1,6.119906217275028,-12.934505184052664
2,1,1,0.23890063253178517,-1.8520123391615493
0,2,1,0.7880654298364953,-3.6993656041734853
2,2,0,-0.6282990953166502,1.8003441412757368
1,0,0,3.8055133065847437,-8.50005640300966
0,1,0,4.1668672933290605,-6.805929615068169
0,2,1,3.3810290551841353,-7.505311438012501
1,2,1,1.7738911809098656,-4.839956002134669
2,1,0,0.7645187511451825,-2.061439996575426
1,1,2,3.6601700512620114,-10.70497959543382
1,1,0,2.6450423675374126,-6.163929444333496
2,0,0,4.454496037012573,-8.432738388492186
2,0,1,3.016818547149283,-8.69000375053218
0,2,2,1.234473547091424,-6.122884954793365
0,1,1,3.070608462587306,-6.774747666099069
0,2,1,1.9120424442543134,-4.212486768218845
0,2,2,2.4708292528376727,-8.459701711180276
1,2,0,0.5724455186704798,-1.7371043582184507
1,1,2,0.5350569554212727,-4.176109042111001
2,2,0,0.7253160721716324,-0.05074321396419146
2,1,0,2.8603540938983105,-5.519988152146878
2,1,2,1.7752400742794237,-6.874566407870473
0,0,1,3.9742480097496804,-11.013521270973909
0,2,0,1.479901133942886,-1.9738661307812995
0,0,0,3.4281487522713343,-4.437387947974869
2,2,0,-0.7392629196101369,2.4132486625562626
0,0,1,6.253492856014553,-12.973134455723443
2,2,2,0.5184517364296783,-5.235888933619724
0,2,1,3.2489495823768997,-7.216600580566245
0,2,0,4.362991825979389,-8.133301968633335
2,1,0,2.5279156237798386,-4.049390824738546
1,2,2,0.515010275738276,-5.206074695522806
2,0,2,4.550639698775832,-10.088763501038434
2,2,1,0.21383742563756208,-1.4140015841335845
0,2,1,4.248659010704834,-7.779310428526619
2,1,2,0.9462960041822315,-3.223403929501127
2,1,1,1.990698782094763,-5.741433126175714
0,2,1,0.9363250836002392,-3.583259168689105
0,0,1,5.149516144291429,-10.686780895033163
1,1,2,2.800606902455888,-8.46337062404847
1,2,1,0.9102692300883815,-3.029978046117651
0,2,0,1.8458912814778983,-3.4125089388279912
0,1,1,4.1523837327126785,-9.788896168327092
1,2,1,0.34870387363985544,-2.518529931647023
0,1,0,1.537515247375205,-4.616159986114586
2,1,1,0.6679752709884231,-1.36273571056764
0,0,1,4.367847109267953,-9.74861254610696
1,2,0,2.1697461809855167,-4.147746583657176
2,0,2,5.233985107279386,-12.214990692105477
2,1,0,0.7842699118332601,-2.6067806687515587
1,0,2,4.659369044918553,-11.230140357167176
1,2,2,0.5480490201464915,-4.23395931415515
1,0,1,4.44567095330366,-8.670661236831744
1,0,0,4.066141004247674,-5.871109279820184
0,0,0,4.235919526633639,-6.678889941846304
2,1,0,0.7638438038846419,-1.867327597945792
2,1,0,0.929934226062748,-2.4554679992873507
2,0,1,2.1377739870797168,-6.381609331866713
1,0,0,5.202829446773334,-8.059079548728203
1,2,1,0.7003469359446344,-3.18393666547313
1,1,0,1.647755180675407,-4.24249627588773
2,2,0,-0.4162436816238289,1.2501242734567861
0,1,2,3.631009977255514,-7.230670585897979
1,2,1,1.668555343256736,-4.302227677143758
0,2,2,2.5753032830631404,-7.049968484636537
0,0,1,4.377831470160995,-6.092045411731121
2,0,0,3.941316985876712,-7.265513149183584
0,2,1,4.829504133108306,-8.872347957672066
1,1,1,4.647845119172165,-10.774335600763271
2,1,2,0.060160714233034485,-3.4025771486736502
1,1,0,3.496142502118831,-6.280044690604678
2,2,2,-0.7844652419253537,-2.029392661706771
0,2,0,2.2037481534861434,-5.062983170649213
0,2,2,2.799661865637876,-9.922676412848533
1,1,0,4.0374182866281005,-5.232147470123066
0,2,1,1.9824662557339359,-6.184165043919699
1,0,0,2.5914957590587306,-3.230660026262867
1,2,2,2.973521436813671,-9.142842649367065
2,0,0,2.4672533160313246,-5.064312382775619
0,2,1,1.8236029248074912,-5.243522619561501
2,0,2,3.298603765496369,-8.80774130362732
0,2,2,2.1555325808300507,-8.879207683074855
1,2,0,1.6900914151753954,-4.537284194424685
0,2,1,3.165722967494192,-8.09333993830792
0,0,1,3.82019601065159,-8.216461646518418
2,1,0,3.751904677742177,-9.172163438956273
1,1,2,3.096199268652914,-9.582057613464427
1,1,0,2.5445955808934366,-5.121138030426085
2,1,1,1.3518738131211516,-5.137059735557473
0,0,1,5.467776760936188,-10.261402962620531
1,2,2,2.217725187451136,-8.043350894529247
2,0,1,3.1152475313588557,-5.364483873958743
1,0,1,3.9682030159448187,-8.814053034984257
1,2,1,1.5903205729863903,-2.852078424576499
0,0,0,5.688841341237199,-9.683274645433787
0,2,1,1.387245040178796,-3.446014970815029
2,0,2,2.6491239293662776,-8.526367074244769
2,0,0,0.7203830310827706,-1.1597020308522747
0,0,1,5.584277678919064,-11.623448835463511
2,1,0,1.69969053059753,-4.946136249392081
2,2,1,-0.32285071611558563,-3.4577264510953802
0,2,1,1.1823824938993994,-4.760223943409117
2,2,0,-1.7090718201181654,2.8577803283348335
1,1,1,2.320335563182354,-6.049120232112386
2,2,2,0.5371096001491649,-6.209253847601346
2,0,0,0.8822228588955288,-2.29477331203332
1,2,1,1.3796875806139837,-5.047673541546778
0,1,1,1.290049353120028,-4.736858273551009
1,0,2,2.87798657511026,-7.398347757476888
1,1,2,3.156304062307729,-8.745622403911737
2,0,0,2.7975402861265537,-3.461625058876801
0,0,1,4.730037290866312,-11.110440897452994
1,2,0,0.7260082351029968,-0.6818932277986656
1,2,1,0.09646555342372776,-1.1298020150419772
2,0,0,2.925173142815486,-5.8661985090600455
0,0,0,5.331601313120971,-10.83494112062687
2,2,2,-0.607014224954361,-3.2040206245602567
0,0,1,4.028385447469566,-10.057776248775966
0,2,1,4.449771934329611,-8.888178429594447
2,0,1,2.1777349650502305,-6.153627535444669
0,2,2,2.5604503555701705,-7.06118829391298
1,0,0,4.170253743033699,-8.467522580698786
0,2,1,1.0791310821436824,-3.873748483175782
2,1,2,-0.6937797348289263,-1.1831093910305668
2,1,0,1.6164085022070673,-4.432983104364627
1,1,2,2.6496417667133505,-7.6756473297733985
2,2,0,-0.7427962938457953,-2.071773968149618
2,2,0,-0.3343288551795298,-0.33880375267484286
2,0,0,1.535226880971355,-3.9933836712474515
1,1,0,1.3289128418837213,-2.474294404422756
2,2,0,0.6798959812747637,-0.131747004302754
1,2,0,1.3398085744904304,-1.5730065921164513
0,1,1,3.775257478166736,-9.14232184717765
1,1,1,2.6340892223200467,-6.635608637293215
2,1,1,0.9641768657574175,-3.2010806715564666
2,2,1,1.9414001647785022,-5.712357463249599
2,0,0,3.6956720898838187,-5.4239391053559824
1,2,1,-0.8524229149889546,-2.1397997644955287
1,1,0,0.30718626147417005,-0.9655061846589874
1,1,0,5.109697221837309,-8.78686135064006
0,0,1,4.7233555915436725,-12.676145979035343
0,1,2,2.862903010433887,-8.262635394302988
1,0,1,2.6760464752779978,-7.963971986718818
1,1,2,2.4001568276675727,-9.414177047267994
0,0,1,3.7383812269870402,-8.489792683081722
2,1,0,2.215938684822258,-4.981091141650466
2,1,0,1.1566801402890399,-2.2826053598162748
0,0,1,4.329961937807804,-7.840647735678457
1,0,1,4.50934625377235,-10.303717766985992
0,2,1,1.3761805027812888,-5.191392501616596
1,0,2,2.864459281259472,-8.276194234173229
2,2,0,0.9065548844984033,-2.1378067817479076
2,1,0,1.8768185267201374,-4.76687746054013
1,1,1,1.2733771008353991,-3.811760247843625
0,2,0,0.8305869332938665,-1.6086131214528976
1,0,2,2.298635928354731,-8.91944256472679
2,1,2,-0.5364767207463144,-3.915772610127462
0,1,2,2.352791239922964,-9.219074192357283
1,1,2,2.6990375904337625,-6.38431582039944
2,2,0,-0.7264960498482548,1.1060773674549673
2,1,0,2.1137987459354566,-3.9125947486664425
1,1,0,3.5182628254805,-5.389730953385365
1,1,2,2.0548358249785452,-6.313568135766994
2,1,0,2.4851599454883266,-5.341243844143198
2,2,1,-0.7243309935255463,-0.7542128914173346
2,0,1,1.5855771215969083,-5.552479370213493
0,1,2,5.2783791319931295,-13.244616173155741
1,0,1,4.3377256087500635,-7.852725751062813
2,2,0,1.4473575518978015,-2.9775268476773786
1,1,0,3.2544158685402724,-5.17653988142376
0,1,1,2.583206820729744,-7.175536360310724
0,1,1,2.9918268240110457,-6.039155235608325
2,0,1,1.1965256812657987,-4.99344893696697
1,2,2,2.178450850318331,-8.323578596578871
2,2,0,0.6974827043855245,-2.729488945665281
0,2,1,1.249050861329542,-3.3711342263255495
0,0,1,4.221980098438065,-8.827331845626897
0,2,1,2.3142893994169245,-5.189496605555734
2,1,2,1.5112052011314931,-5.964136579680282
0,2,2,3.1542094888580086,-8.217301712748236
1,1,2,1.6109781468960733,-6.437118304549772
1,1,2,1.0305032040861017,-4.205001193543939
2,0,0,3.3068076988651463,-4.16487526571966
0,2,0,4.582738866638518,-8.086191777944642
0,0,1,3.45261752501863,-7.877465176994563
0,0,2,4.817448702697316,-11.264637834342661
1,2,0,1.267774197492511,-4.471816280941856
2,2,2,-0.19853663268515742,-6.320990423227718
2,2,0,0.7456149278862437,-0.2597403125001898
1,2,0,-0.9608455984695325,1.2554351881067762
0,1,1,2.639135254951823,-6.235428147148779
2,0,2,5.342649248238724,-13.823524209850907
1,1,0,2.050790740684916,-4.685609090216532
2,2,0,-1.6981858112115422,3.0910161058461822
2,0,2,4.920222710651804,-12.640878777281618
2,0,2,3.393092453610908,-8.787445837184247
0,0,1,5.790856204950871,-10.572803851885928
1,1,2,3.013025459045411,-11.480943176633703
1,0,0,4.562593620899793,-9.124071345390938
1,0,2,3.5343927022588524,-9.945530682384293
0,2,1,3.0094236766469855,-5.60454310917092
0,2,1,3.089674019871989,-9.114547412372964
1,1,1,3.173087518045355,-5.370349825795053
0,1,2,4.69934693055354,-11.715703422919109
1,1,0,2.0465227498209644,-3.5746225976705506
1,1,0,3.0283478868941627,-3.9372072050298983
1,1,2,1.5638835170572736,-5.540612084688218
0,1,1,4.374751815086581,-9.524320427597743
0,2,2,0.7881772477789022,-3.616552529939351
1,2,1,-0.7349760820454327,-0.6665343934484775
0,2,2,2.0021643213963003,-7.027776165625581
2,2,1,0.4589828740769101,-0.7231857296055755
1,0,1,3.803342213998421,-8.83274567019796
2,2,2,-0.6504494688030763,-2.693371113394535
0,0,0,3.2973589773987784,-6.369607368808281
2,1,0,2.4469408764359386,-4.080245696389259
1,2,1,0.6069470624139703,-3.9438472185252293
1,0,0,2.9635138931812763,-3.3257776316971532
0,1,1,3.94387700411218,-8.89887428396033
2,1,2,1.3856121502326515,-6.053226634652868
2,1,2,0.007631706940274041,-3.8175512722744833
1,2,0,1.161919367285068,-2.914891423948489
1,0,0,2.638090154049197,-4.1071378256646405
0,1,1,2.219405660246509,-5.284982775109439
2,1,0,1.231716417719365,-2.559766659248692
0,2,1,1.213435175816803,-5.622445344027492
2,2,0,0.12146015236391641,0.06842838536330886
1,0,1,2.9259566761423583,-6.695375879708915
2,1,0,1.2876712580627092,-2.41520521225128
1,1,2,3.129447572617897,-8.851614683732006
1,2,2,2.0643121862471823,-7.258325272993583
2,1,2,2.688081822665297,-8.0452198833524
0,0,1,4.269492139152007,-9.372861477848877
1,0,1,4.100241152511767,-8.013577602666215
2,2,0,-0.2588425852029669,0.8746528140073213
1,2,0,1.937376966919648,-5.223122998463646
1,1,1,3.447956769400048,-7.069316000267986
1,0,0,4.948156620895797,-8.712869754935232
0,1,1,3.3047142129860654,-8.52933134312463
0,0,1,3.177135121647293,-7.01808473515378
2,1,0,0.871830209163325,-1.8727556233702485
1,1,1,3.1690460581777353,-7.957233684000083
2,2,0,0.679147501966807,-1.7392532184879665
1,2,0,1.3044355228138156,-2.5460306184989
2,1,0,1.0878987871868746,-2.591536357270357
2,1,0,1.2839777113688544,-2.037815736130552
2,0,0,3.9530951495116193,-8.844687112875803
2,0,0,2.2010801296666225,-5.041585801209861
2,0,0,2.5100983290934145,-3.0094031678111657
0,0,1,6.534879017807115,-13.29058011451059
2,2,0,0.04677411731669831,-1.0297196884611872
1,0,1,5.168725558462862,-10.870370794747291
1,2,0,0.8221742747113104,-1.7735998291979855
1,1,1,2.0778743095046424,-5.3862920512402015
2,0,0,0.7295213082658192,-1.7425543585683243
2,2,0,-1.3917797374135108,1.8812379644745405
2,1,1,0.9889403201005096,-3.615661962126341
0,2,1,2.4090948340235743,-7.188702507547154
2,0,2,3.154184272469532,-9.402063380476058
2,1,2,1.1561294148755072,-6.011881292215953
1,1,2,1.1847764896201647,-6.11467969379955
2,0,2,2.624469991819638,-9.594559638147665
0,0,1,4.24744428367542,-7.124281871602635
0,1,1,3.4701131587332164,-7.66075096935869
0,0,0,4.149551190205627,-9.747973778881496
0,0,2,2.375822957789695,-6.879946315051023
0,0,0,4.4050267812868995,-7.461810661747956
1,0,0,4.124444647662468,-9.136561974142797
1,0,1,2.838209770266672,-8.421712094487857
2,2,0,-0.8283765808771089,0.7524028887320375
2,0,0,1.6984772273336235,-3.579182712388307
0,1,1,4.031238328067148,-8.262860222720569
1,2,1,-1.0850282966798779,0.15375103833662745
0,0,0,4.986414364253754,-8.278698469599433
1,2,1,0.42055991441830065,-3.462233060864305
2,2,1,2.2410246715580695,-5.111471098438521
2,2,0,-0.1849653105926725,-0.3998233504810751
1,0,1,3.376471958275139,-8.326791304032906
2,1,2,0.5410206856480176,-2.8162482048467976
0,2,1,0.8995162453116445,-4.34064233990649
1,1,2,1.4287615525639492,-6.035101966126682
1,0,1,4.361281766985021,-9.181946148658563
1,0,0,4.307692185117782,-8.235639527343022
0,2,1,3.174586391463845,-5.977406163044041
2,2,2,-0.4566787936505229,-1.9006069413564104
0,2,0,2.29085029727593,-6.614451551957702
2,1,1,1.2737525629905018,-4.719033548887898
0,0,1,4.6545466251920855,-8.970371013906885
1,0,2,4.240372393931358,-9.339195934229021
0,0,1,5.494954288687918,-11.799972928056718
1,1,0,1.689178614319411,-2.8278830680028597
0,1,2,2.404309773158193,-8.472969763292618
0,1,2,3.7325323130976407,-9.571432371342969
1,0,0,3.66630996479414,-6.437074648441364
0,0,1,5.521735709996502,-12.062495296923785
1,1,2,3.819870683120315,-11.668435512687939
1,1,1,-0.3938176800733406,-0.5185052682234149
0,1,1,3.54116901883264,-8.824358043249656
1,0,2,3.892862518025773,-10.858869475226866
0,0,2,4.582746691014712,-10.448497896581744
2,0,1,0.6340148008539355,-1.667356678262022
0,1,1,3.51518088315279,-9.910614299993735
2,2,0,-1.71192512683021,2.6581065086973874
1,1,0,2.8269904721611416,-3.8092168840548544
1,2,2,2.5293134789672953,-8.207722709805587
1,1,0,3.1445255473690574,-6.418060096645949
1,2,0,0.33493827963837697,-0.6629421381300469
1,2,0,0.25948417949888036,-0.7152867107680196
0,1,0,3.953076787025245,-8.817818049745021
2,0,0,2.3632242659980136,-5.661777394089752
2,0,2,1.7850170612743583,-5.36638069201576
0,2,1,2.644796521725313,-4.9663202985865595
2,1,0,1.2110661321080292,-2.2255042556112397
0,1,1,3.8878833420195664,-9.263506459023663
2,0,0,4.135483382793964,-5.927361904593363
2,2,0,-0.2517210030412478,0.6194800601855694
0,2,1,2.6930068534266765,-8.76494370508474
0,0,0,5.676129681004106,-8.797852654076792
0,1,1,2.356055928531358,-5.489271117998245
1,1,1,1.8177529112346134,-6.976595033215206
2,0,0,3.5959776297431345,-6.405956139528411
1,1,2,3.218393297267304,-7.20933612493282
1,0,2,3.0346214980269566,-8.492100196795676
0,0,2,5.690190871671822,-13.745813170147416
1,2,1,1.870822770366639,-4.708761835922065
1,1,0,0.6819577860487884,-0.6047234436406987
1,0,2,4.410075549472231,-11.19451760463607
2,0,0,2.5668054990969544,-5.9625547938174766
0,0,1,3.983075041069843,-9.607066220419204
0,0,1,5.369484214251896,-10.654560344625903
1,2,1,-1.6251466840968023,0.3417651557092585
1,0,1,2.297713604099816,-4.55183118257461
1,0,2,3.3196917417636866,-8.88498199245774
1,2,0,0.8225225129064125,-2.595830821693163
1,2,0,1.6323761925657985,-3.904813616590939
2,0,0,2.6309367917351545,-6.072790049878467
2,2,0,-1.4488772459230164,0.9626904729260981
2,1,0,2.091975499719007,-4.693602463032169
0,2,2,0.38590037435259417,-4.842733094995053
2,0,0,2.7275562825275035,-6.69865361143562
2,2,0,-0.6122384795425075,2.0831269600341784
1,1,1,2.417534180053634,-5.219325757191513
2,2,1,-0.09756729663115138,-4.705506916266753
0,0,1,2.2707503614273845,-8.145675759176193
1,1,2,3.9526602934362334,-9.938440992951673
1,0,0,3.112599423599575,-4.214975564479863
0,0,1,3.6103416541556586,-8.923029480823518
2,2,0,-0.07676332719833054,-3.0629014879922716
1,0,2,3.003824915825476,-8.18289031853751
0,2,0,2.537715030095068,-6.134823383045165
0,1,1,2.0063275156338283,-6.539411696561439
0,1,1,1.9228570348875724,-6.341412656382436
2,0,2,3.269692508412923,-10.16143748150452
2,2,0,-1.1163984541151941,3.7868441101298895
2,0,2,1.1942794906954304,-6.746803543515511
1,1,2,3.035707983318722,-7.876482200189141
2,0,0,3.015198231477707,-5.574472004078901
1,0,1,3.185300526276866,-8.101591243707437
2,1,0,-0.6965974675182112,0.8332953705873651
0,1,1,4.114113748553301,-7.889593945545857
0,2,1,1.7777318053933469,-5.905988860174188
0,2,1,1.8059009946392168,-4.824893103974353
2,1,0,0.8791034205549825,-3.1598018753833115
0,1,1,2.20088287385477,-6.3365044634884
2,2,0,-0.5804621606937113,-0.5620622902061301
2,1,0,0.8187450606801758,-1.2703807784102379
1,2,1,1.092679446029004,-2.305508404080216
2,1,0,1.6047685442049926,-3.246184239426912
2,0,0,2.9112713900809752,-5.18568107734187
2,0,0,2.6666022830127005,-5.388616290339156
0,2,1,2.8401482632323334,-7.9036332859233625
2,1,1,-0.37994933408434517,-1.284450583494937
1,1,2,1.5480084761730093,-7.166912557517671
2,2,1,1.3834130814417556,-4.114263240143741
0,1,1,3.7632630792475306,-10.058994556835202
0,1,1,3.489508999763814,-9.012935364588667
1,1,2,2.354658280963466,-8.393009286644247
0,0,0,3.050112118580312,-6.861111479391153
1,1,0,2.0487356089587454,-3.514540039177139
0,1,2,4.158353032644065,-9.770756528078168
2,1,0,1.1571932768560442,-2.2762478804523685
0,2,0,1.426826249363235,-3.843468769481028
1,2,0,-0.18888015359760502,-0.8639944411028728
1,2,1,0.7544985102644991,-2.466792883619866
2,1,1,0.9392665991492879,-2.9008033484089966
0,2,1,4.100926112400514,-9.800157334026272
1,1,0,2.6671286762713207,-5.183511412428095
1,2,0,2.5759202885453893,-6.7038948401548675
2,2,0,-0.71757724121103,0.8468136436335136
0,2,2,1.091976406706122,-5.078285144992642
2,1,0,0.5725405715204805,-1.0618825594743517
1,1,1,1.1608407094613638,-3.265416592443033
2,0,1,0.4852717369951791,-2.006402496171166
2,2,0,0.9663855860308823,-1.6862179199045357
1,0,1,4.355733360280164,-9.629072622753085
2,0,1,2.496396560043858,-5.307294251693511
1,0,2,5.642108950853476,-11.969191303242841
2,1,0,1.445859836316552,-1.8172588650014478
