a,c,b,d,e,f,g,h,j,i,l,k,m
8.395799517244962,1,-2.7440784064911927,-20.00383247593227,-21.535430867792037,7.991481521389633,-32.330029829569824,-1.8974037071701608,26.579600050351615,-28.456950847870935,3.7356707060136047,-21.726175788256334,28.834973308792517
7.299454022566559,2,-2.821167776706955,-17.9890501662139,-18.5508353521662,11.559153546103007,-40.20393360318442,-3.643112966392065,28.998678771582597,-25.823613952833476,10.750428107284563,-27.432375046887707,26.05024473998106
6.73625388883313,0,-7.792107087219275,-20.34062557512027,-15.212731995081503,5.563207201896023,-33.352250631872685,-10.976558524503535,31.880681879011266,-10.03679532630834,20.90688713863977,-28.763623661455927,30.754433757726655
7.253599745366216,0,-7.018770134190017,-20.73857512692659,-16.895244722554757,6.5148510014126835,-31.870221354705972,-9.631330274577564,28.202395255276574,-12.110788484449825,18.659625702849254,-29.020884518935404,30.97502513623909
7.630477947730296,2,3.1465432206871773,-13.282439213188153,-20.232696805361396,13.245803374479667,-33.222138202628535,7.296614292749684,26.21266602238971,-48.617140079049605,-8.98808466723119,-17.86928661916689,21.928694058454496
7.806624717643061,1,-6.239991976861814,-21.96494700338687,-19.324137955696102,8.268844952921466,-35.75198454437984,-10.005516905778318,29.45338229429603,-11.394381311829996,19.514324409923564,-29.919324120179954,31.51533068323607
8.01105321200175,0,-6.210685347306941,-22.73706506243758,-20.447609603570935,5.638317399010067,-31.430002043685057,-7.85135031147554,29.031393465467943,-13.37206002486939,14.755917158223765,-25.095015004736602,31.482141447790337
8.682776274132713,0,4.512719192280895,-12.669717829245712,-22.420445509337632,14.386158034395637,-27.69467576053077,9.139808363349085,20.96515394240998,-48.501720243674725,-16.697898059208118,-10.668353630366997,20.60648779893825
8.279365838254044,0,-0.5684509965082369,-17.796057712632866,-20.38706911630343,11.227885730862415,-33.832519568491215,0.9724291889517268,22.744979172220642,-31.781142895605512,-1.613669862539823,-19.163291950044957,24.595626911398966
7.438917041043984,1,4.6205543020800945,-11.653231455794854,-20.120438073062097,14.423428388006442,-30.486209940066825,7.095726867134383,21.398869996616877,-47.133558887237434,-7.515805870804913,-14.785411550045069,18.94645591942816
6.490978864798551,0,0.6789807060143564,-12.912503980592104,-19.552630790499304,10.504339950327847,-32.29728108873947,0.6929843220951055,25.889432974584647,-33.499221609881516,0.3190097574884696,-19.508776695064665,18.04807203637416
7.693766508293269,1,9.343631541513826,-9.172269759347676,-21.35942908612672,18.135064464140704,-29.21602844509586,16.24750716340795,19.354323082704656,-54.4428176479962,-14.038144181016053,-6.807039016075024,9.678479206561077
7.854405048539929,1,-6.225783158457222,-20.32912540370541,-17.723619639668776,9.391654997628386,-36.76816448567736,-7.872350351309504,30.763895953684337,-15.59601687364384,14.25979769395218,-30.259433589028234,32.148353723769446
7.316998461195302,2,3.8991262027099483,-13.22340379897602,-22.192064101346237,14.749185774225012,-33.471812812817525,7.456779531506785,24.34493790343521,-48.97367905789073,-8.005005152585483,-14.751632115578055,19.26330565319866
7.348946930257522,0,-3.5465048698767303,-18.69278378700788,-19.40810267935834,8.241896537880912,-32.74526615507246,-6.547952864508241,25.934092347013515,-18.01803156730178,12.844710555308778,-23.469143344349995,23.12010400359428
7.734949328291938,1,7.323740303719733,-9.577080497743424,-21.833743973150067,14.110929855096341,-27.43183602316347,13.258161541879748,20.247951416232677,-51.65413723271378,-15.409252935996294,-10.079576059164848,13.73850033034602
7.083633143866985,0,5.427934323993552,-10.975330215672066,-18.002943902716666,14.855230319837322,-29.58998243377048,9.063259868729594,20.26098832693083,-50.73650302726633,-14.822503678776538,-13.326210950943512,13.45688279619221
7.894695498020766,1,-1.2099180185131955,-18.45478202440815,-20.330563799791545,10.41883289724311,-36.78827976336428,0.11793336977436797,27.74443040897108,-31.983739453454348,0.9456193237425058,-24.23913831665153,26.12273731456845
8.031792333303244,2,3.283383457110018,-15.17697488016358,-20.42082837617352,13.693831845177016,-36.250446511612076,8.856409599340559,22.649347990312442,-51.16029783140623,-13.425223817510751,-17.20240672069861,23.611006885555607
8.352979234462543,2,-0.9891349247202443,-18.89969982211351,-20.237959692328946,14.970668292452952,-36.09971923455454,2.561205942843286,25.368023725570904,-35.38507864711014,-2.5305154633710294,-21.76035829664542,28.35475402626689
7.666956112280528,2,-4.517448534379301,-19.47615178032079,-18.73755041756295,10.643365631050031,-39.51663505628696,-6.3396883879578905,29.281860123624448,-20.33780300622347,15.710222734930477,-30.81620680698093,29.878489277114152
7.995237759597964,1,7.1899648775545915,-9.2874924251708,-22.876970155488173,15.480823848174111,-28.538607872781718,13.288255533141996,18.330052291409004,-51.59817391185747,-13.79252374234519,-9.565068334112999,14.627752091551653
8.330745987249196,1,3.385908495626207,-14.212162517804888,-21.548754017789943,14.454455734193205,-32.15744546815778,7.617026130739255,21.96613284925314,-47.527042885198476,-13.063465124361006,-13.688414206888789,20.850168517627445
7.714565766485719,1,2.3859871070497385,-14.113540573851948,-20.78411776460649,14.571459604054555,-32.88127882163145,5.323403806790783,23.263014812785727,-42.837982523359244,-6.832723846832577,-17.48812460400672,22.081291991221146
8.334920930452519,2,-1.092106514038114,-18.729001931308893,-20.66903128468407,12.986112491554902,-38.035101684665555,2.0897929449125465,27.24078805727756,-34.93309167850946,-1.4291043732191848,-22.95180291903273,28.58257471176841
7.567578616437962,2,4.226551439110915,-12.132433382272719,-18.63226365912101,15.86791846084827,-32.923399214867146,8.899755776500085,24.529875227794328,-52.165658219058216,-10.559544646429933,-13.66919571158083,19.627919976361124
8.238906882799874,1,-1.5600490485582514,-17.834316908293623,-19.872626756083292,11.745889081272328,-35.389005033297764,0.2128157944074256,26.31855219453443,-30.992719994147777,3.025534915309157,-20.505220585029228,27.83543773770972
7.316509091373662,0,5.977978682102348,-8.941050682720745,-22.598075626253703,15.034267909862871,-28.05210712759509,10.541393539425954,20.541978623288944,-50.42823262988444,-12.956085945861403,-10.815552385483867,14.460241724198676
7.331299403903968,0,3.951737530661673,-11.103760849696704,-20.040175447680767,13.095449782462024,-27.55463744193645,6.213204855832384,22.53742784627573,-45.11688772705373,-10.010855507024177,-16.32243080213001,16.488496581282266
7.874909580070933,1,2.218831930532148,-12.649900585018361,-21.72879631664633,10.65014795540323,-32.289742188499666,5.422089689531562,24.347009462128018,-43.241766618753985,-7.935358148897985,-18.506360520352708,23.063495536428047
7.813220600330483,0,-6.056812682104928,-20.662046768901902,-19.072234035491146,6.967543822801866,-32.84027800802937,-7.064277380377038,28.622758667069938,-13.5489290976288,14.097532878674038,-25.68207794227761,29.762359205978896
6.961880296425577,1,-3.6050167701100087,-18.29457766488331,-19.44008814482695,9.513093796988567,-37.36784366250288,-6.318210659291729,28.549010770815574,-20.393786388831924,13.058913807538497,-27.398214529353965,26.352301206308184
7.226884948048154,1,-3.381224785018971,-17.732366668003024,-17.60662960442119,9.358428711063683,-36.3881685758267,-3.945360024362684,28.592431366097017,-23.856618515597955,9.25770586887528,-27.809446781820654,25.243238724326037
7.889309797970398,0,5.188846125061454,-12.987056182535168,-21.05215610034505,16.15835345865524,-29.473318541166453,10.583078514060169,20.580700410819695,-49.045410723187906,-16.18868297681823,-11.173120972095658,15.510308005454378
8.57285960624034,0,-1.8521164223830273,-17.234913627174194,-23.4721748341604,8.86334274771334,-32.377581619815224,-2.701582355566716,23.43458339276293,-24.150826101022773,6.3239846602891525,-20.50014153998465,22.648423126901278
8.578046805854404,1,5.7156590862398,-10.7631563706314,-22.71326824963049,15.9517212612056,-28.406388725868098,12.32006851906377,19.349234001876287,-51.43125653998415,-15.178399402797691,-10.147677693503859,17.982264246315534
8.584427829161674,1,2.5961936873713762,-14.434381156285982,-21.18798630834968,14.634471492630682,-31.720984719910682,6.075735707024195,21.59521429111653,-42.87862942091045,-11.253302076928883,-16.270301300580396,24.44542427420119
8.909551671944381,2,10.078296896182184,-7.372247823634038,-23.573170086854844,18.891500647792352,-28.319951781574318,20.75108244528404,14.133997483352791,-48.81995036071589,-13.841098418040916,-5.698852715476699,12.568830378244428
7.775208730738765,1,4.803479641598532,-12.430055313174705,-21.18082757537384,14.837123795324645,-29.98048750589176,8.505225748999914,21.23197754911631,-50.48123795686294,-12.143959193280025,-14.245418459740701,20.364908601203652
7.1104599391414,1,-0.03853502194698544,-14.395571619395284,-19.67296274332364,10.555873440254409,-35.62144770578021,-0.7408524069140829,26.475818055432917,-31.90547368849123,4.211529400983288,-24.21950473131937,20.827684934074917
8.12431958762688,1,4.71503348138587,-14.474980429230834,-21.222747017611525,14.882253936072946,-28.70604413629805,9.522788282648932,20.07337029464431,-50.69256386763382,-12.944186315520597,-14.76780089500683,19.04934710372132
8.97910343282603,0,-2.9848592991216187,-21.736715137712444,-21.20215829090089,8.74146304897753,-33.82139566407573,-1.9397015208633013,24.029316740294668,-24.270727583259756,2.428636958682182,-19.312861557004883,28.396505305644737
7.725448362489015,2,2.7840724289011582,-13.986129677670744,-21.75541229715045,15.628379163829294,-33.92972797718763,7.4747020575780745,24.07702654922555,-46.32128308736918,-9.154242951793954,-18.44131483121122,21.888710450512146
8.26722628171231,1,1.5790061333791945,-14.685425544743781,-21.390813421362196,11.882301914571217,-31.13433991674606,3.310111250131503,23.1869357092914,-36.64263411604065,-3.1807312641379757,-16.97906171490694,24.06760479612858
7.4668280685570965,2,5.8487020128295635,-10.469911799213717,-19.137079559677986,16.38925449015001,-32.09490579792573,10.727121182705071,22.535613216776838,-54.40892907427967,-12.656426716379656,-13.25397845689905,17.25853413711198
7.934035850435422,0,1.9585077217404496,-14.629248683415836,-20.505423581077007,12.484733754698096,-30.946251254143018,4.111447200476611,22.362638206988358,-39.016785093335514,-7.756233188198828,-15.48258111604252,23.239475178713505
8.416509894139228,1,-0.8930633021841183,-16.844055479499744,-21.08174274453258,10.760630196477825,-36.57183145436316,1.1638300757548516,24.38552276477241,-35.28737196569413,-0.5848429907416004,-21.607145489380017,25.889682628272226
7.749324189150121,2,2.004796349527127,-14.128223121823515,-20.014638573183884,13.726441425797072,-35.558375495784446,5.817458729168165,24.03128818433431,-41.95768521208467,-6.989836529125266,-19.234774919830564,23.377058824167168
7.9312321435517825,2,0.17451229478071417,-15.284521494756206,-20.46809741263201,13.652335605768567,-36.15179688852466,2.466501887907511,26.503954766023025,-36.90834595568622,-1.954812068566551,-20.055871483673524,26.25719828541961
7.968678501541572,0,3.2124826531913575,-13.970353960612092,-21.025011913979444,13.582757607763455,-29.66615357755806,4.95493903578281,22.051931362822735,-39.096159716719846,-9.655211176916474,-14.524731466391204,18.492964266624565
7.388412877563481,2,0.16524156185706385,-15.11732878167459,-18.539241366213172,12.756632441313203,-35.732981787871196,0.9548464303410504,27.692957085159698,-35.317160687794264,2.902750226221272,-22.42133520011802,22.995347751901022
7.315969839341333,1,-5.898570867463033,-21.058348665500166,-17.842316276142242,9.143605411810395,-38.39013514343885,-7.140842831443472,31.18254752163824,-17.500612470186365,16.71454882597325,-29.63682452647891,29.496220664538022
8.780298050796867,0,-2.899181668998011,-18.920772730927702,-21.334141928736383,9.4566938251082,-34.13274388627631,-2.3548280440441385,24.45419520802422,-24.492690346571887,3.405303719593052,-21.71074179649042,29.170770932445386
7.406380598188771,0,5.559334389902913,-10.556041115994402,-20.721525892308424,13.707981686391525,-28.49515687632875,8.829384428546984,19.602271358636045,-49.63772577284729,-14.392716773710495,-12.522936046271145,15.039635909989904
8.096551372563109,0,2.1620659688087898,-15.779115275303328,-20.492956812968696,10.392699146771145,-30.777446113318966,5.290799371759325,21.557104251378764,-40.68542040815389,-7.997002538251968,-15.00328817589765,23.41207404483884
6.704064245700978,0,-1.829615553527454,-14.419888740404186,-17.42427583373224,7.970876268189998,-31.648164838696403,-2.8827318001570723,26.42298561566686,-27.466392551099872,7.527285627170101,-20.164533408152572,22.777723426646293
8.573526002305506,0,-2.495684431668539,-19.099710748232358,-21.340236944351446,9.523887765017907,-33.09611344400557,-2.890042491408835,26.215977144285752,-21.837782000644506,3.9422467844997713,-21.77248432032945,26.75913288766222
9.241204641967482,0,0.5635276741518899,-19.530453621965925,-23.440391671476767,12.617301446218153,-30.61213323117095,5.572665427241793,21.279030820899784,-39.73086909286366,-12.896918388201515,-15.4159911681246,27.436534403403954
7.533631564140079,2,-4.62400042629993,-19.010396111942303,-17.647498534928676,9.223894532158397,-40.01011051394419,-2.8092602066668233,27.857514789400966,-25.65479885492686,8.760845727968004,-28.974594605215195,30.654342132731045
7.7236157033516815,1,9.873000357306646,-8.95428104462687,-21.63669842511428,18.977007019615577,-24.906413011934326,17.435481914209394,17.482531357598152,-52.88674120880557,-14.22063074359421,-8.07556816404158,9.645718565926684
8.441672382002615,1,1.1126364577352978,-16.082469665722435,-22.651284880673135,12.848219049251561,-33.11029758959622,5.711018025882864,24.722743496859806,-40.3360436017083,-8.906296524544024,-17.852792499982527,28.90074541884226
7.287379735801412,1,-0.9832453881991925,-15.2869409618947,-19.52950724455422,11.464438127411638,-35.85007625192826,-2.278732529527563,24.856990188785282,-28.630240344558093,7.34354680650838,-22.13104554734368,20.87954183545662
7.347434617493786,1,0.576632758690494,-16.741973543074742,-18.694577451800395,11.680715049630747,-34.903429739163926,2.518235703553221,24.371554255194084,-38.17549578540835,-1.5497978563409256,-23.724676341646123,22.273346123846835
6.9729845448018075,1,-0.14203860530807555,-13.335407853867,-17.510920769868402,11.217410896039835,-35.02384678216082,0.7534859086666027,25.44966266201611,-35.56067581508595,2.155550037145863,-20.88663627639227,21.28772503261852
8.138003260566288,0,5.477433688558301,-10.505224069822944,-21.775697381011753,15.360082405491486,-26.417677338815977,10.69185623945459,20.23516731621619,-51.746737144458,-17.726947553166323,-11.493996996902748,17.569282671810008
8.836909784930771,0,5.515951513641768,-13.339585535154365,-23.965940646793506,14.724374944081651,-28.349585111992706,10.839209160957079,18.585307646461168,-48.98828123816907,-19.359807749402382,-9.76336101568643,17.30948917059511
7.998988527480181,2,10.1680625405078,-9.683348583601994,-21.6296626774739,19.333183812363167,-28.398276550384235,19.118915720139285,18.866574699629528,-56.00770126006149,-14.378727329706752,-6.517832888361096,10.805764113450307
8.168848111410606,2,-5.851044123987225,-21.5561663017665,-20.628128250120753,8.399171458079492,-37.897763713501796,-4.836978897469329,29.935769699599525,-22.213578260196474,12.215159359234788,-29.58346124572688,33.95540503883005
6.803435794272237,0,5.7407642690405085,-6.07109716568767,-18.23962743779803,10.13747357992688,-29.89683280018978,9.763137273147088,17.99631776761816,-47.90253723529044,-10.595184860229566,-14.732590840032028,13.776203421103329
8.122253196740907,1,-2.7892273127731375,-19.95199382942522,-19.792087336824785,12.508330233939699,-37.34337138586313,-2.537631130100768,25.91973406866438,-27.27240379181075,7.226905055203105,-24.31793643133647,25.1454420202978
8.597600244285324,2,3.6103809673983815,-13.674707799561238,-21.968486882596867,15.94603065885667,-32.23907817709232,11.289390657692884,22.320047330431148,-51.144948386377166,-13.205168181364986,-13.861718206899834,22.151795773526427
8.82464374365984,2,9.63726523009629,-9.640762674717223,-23.22894121410805,20.86827696854104,-27.36996935186307,22.09493479572591,17.703070332815027,-54.46953583099969,-13.829804251690208,-4.903808203232382,14.070825665862696
8.162150418349647,2,3.943246553326541,-15.783663538035444,-20.993459669842657,14.489395039508935,-34.48299321067119,10.13930870510669,22.089805831999964,-52.78234210655691,-13.38386246825909,-15.811759313525993,20.77935837241915
8.058452699689187,1,-0.5862195311184326,-17.699031695619983,-19.820815227181985,12.109152916477713,-36.613542477952876,-0.45374340819778936,26.451263797699713,-32.27473902422449,1.1878843316101113,-19.653410371448285,23.381808578921795
7.898825299190375,0,-3.1744578627219795,-20.068792177421848,-19.891457089877672,8.935314431734865,-35.43360165356034,-1.9545704408948947,25.765190406114876,-24.19208866984395,3.8757028415104795,-23.86813812900506,27.375001820389024
7.535229708130729,2,5.447175897880279,-12.567976655045035,-20.638752735093796,17.916420272511587,-32.86551412378173,8.809346479068129,21.626301362445922,-52.382819343775324,-12.306661075291553,-12.841194443091023,17.997487973277465
7.80095258862821,1,2.0556421832825293,-14.14681097081816,-20.584120133566692,12.573727031821122,-32.23468636469414,2.992523201834257,21.17902724841477,-37.28690691523411,-2.613365481115643,-19.28276454360833,23.371926048423433
8.767683659661415,0,3.510671989075693,-14.651215677763888,-22.68975322000253,14.631197231065851,-28.7304371718598,6.1950942717120885,19.878919674942637,-41.26891399809231,-12.944296783626916,-12.178402811597554,21.237336168918
7.672102744412558,0,6.650411594842467,-8.677822129967254,-20.359441374559474,11.731802543730971,-28.73421136650224,11.534964091249417,19.65162730842337,-48.46386983797142,-15.363379682379888,-11.595879502512078,13.236140201317662
7.650070985478996,2,1.7536980902420696,-14.493439921479307,-21.06797138051867,12.967016038909977,-33.501151747060035,5.62440627286952,25.758493930863864,-44.63619432906056,-7.3899031132465165,-19.821275666641178,25.19283922191493
8.633558032136584,1,6.9396606189962,-12.1140340356967,-22.964120523224384,16.938221339451438,-29.09539699494238,14.52213264879117,18.464067799436915,-51.95140332813207,-15.646363829558354,-9.034179235900556,17.788365255671117
7.265081593133894,2,0.23977095336726495,-16.532696857510857,-19.144709593143862,13.500165630777866,-37.35648695324164,2.7859588169619576,24.43756043246031,-38.74297545460531,0.8623647269209571,-22.77781450982933,22.104768567453874
7.928547382346805,2,10.596778612179786,-6.658786045307183,-21.533192694116888,18.30536367229797,-27.86355617272362,17.67174471640544,14.548888435658643,-49.68010859249157,-9.715330503554924,-12.533895358534968,11.568016431609395
9.275716136188544,2,0.483002071746499,-20.045481500783147,-24.265338774332296,13.429889443485516,-33.7287786461819,5.482761758987001,23.203251572156997,-41.032105856980934,-7.229979581063982,-18.160904965428735,29.04381610771947
8.133653325418482,0,8.205796468515475,-9.639646045934008,-22.54021775543542,15.12501718282891,-23.417387209526005,14.454970329079877,16.638416148609185,-52.89366081010906,-16.08412270348962,-7.598912178991161,11.508545396905658
7.836596133752625,2,4.562395431081606,-12.524930773590665,-22.640129875892224,15.946333985548053,-33.26443964679496,8.61122378227749,21.822986385591047,-50.004255020735954,-12.359492927336188,-15.29073980668414,17.683728148759485
7.8454192904043945,1,3.0782951024708347,-13.708958711505227,-21.69398359523397,14.756041347894163,-33.45377048896694,7.341521451588159,24.417336345767374,-47.482332100474316,-10.786922467119116,-15.83292716360418,23.316380821229885
6.927204783508682,1,6.437716446660318,-8.83970304091964,-19.361094291202487,14.366272809597351,-30.51308222007219,10.93243486822408,19.670650722974653,-52.74672478645537,-13.9436637683621,-15.20098603571814,12.390213400522757
8.118073439761167,0,0.3354298164052507,-16.731894746285395,-22.317123105846637,10.88772451258281,-33.395971491776486,0.5642023796085962,23.439315938198245,-32.248513234375714,-0.564290151900236,-18.62214603882515,22.22824043728935
7.680385964414765,2,2.0033033037972716,-14.53202675048844,-21.38672674743356,16.17862017061007,-35.86517385833386,8.21356464313436,23.876968589698297,-46.53872069631225,-10.823018570136918,-18.033741988704193,24.899297143611292
8.234833258251884,0,-0.3082827583306327,-16.73271815533406,-21.353113096753436,10.086884014278631,-32.621390723980674,0.7854908856032543,22.92079887307095,-30.491369978347944,-2.4238521365418775,-18.276135041093333,25.224414642049233
7.830926891099049,0,5.599841476886435,-9.702949614494692,-20.75786004099069,14.857732610937287,-28.204808270466877,11.220585765709444,20.266742597576776,-50.1272405231325,-17.012569115756097,-11.331008151254725,15.107043614612168
8.049416746454172,2,6.4838680638567,-13.291495104047405,-22.22773762224966,17.71583144698002,-30.442746523086562,10.484546846141953,21.21524102513305,-55.33832461909619,-12.19075733862776,-12.065050503965107,19.1355603992059
7.240945616466282,1,-4.147882299579003,-20.147430880641995,-16.692031909915894,7.559948183401661,-33.30488333235657,-6.386346109868121,27.3833497519606,-19.61940359327134,13.966596697798753,-23.497437528289865,23.760984102595362
8.323245357186362,2,-8.458687697219785,-23.65483816017829,-17.710494994781236,7.082348124716201,-37.03287385926974,-11.4162574665252,28.712406914037576,-12.191392897740808,21.300661975219334,-31.903162395808085,37.72425676146387
7.674916353489281,0,-4.047064829003825,-19.94805412099854,-19.240957216369658,7.945009482118013,-32.255945066222836,-4.658923685681926,28.21777253060828,-22.519907184569444,8.14594193371528,-26.217502511003993,26.463104779106636
7.3268858238188725,1,3.4144426800798033,-12.922732560517268,-20.484438080491795,11.705926043211084,-32.746042276093036,6.143152839908945,24.32913596762558,-44.8706744911516,-8.024164554140532,-16.31322625465847,19.031413239617308
7.537795962495042,0,2.722107483274671,-13.3317926196119,-21.83617329971256,14.057364084797808,-31.205085935076898,3.8411855181908297,21.83992962854516,-38.22612110004872,-5.990062315361319,-16.044430915921545,17.886049132120434
8.070211519911798,2,4.549124405675952,-11.776306015354365,-20.227060501681848,17.03924932263808,-32.30520915676891,9.960738501621508,21.024339320535237,-51.26699621437813,-14.553932569527783,-14.518812175953766,20.91347309503582
8.80443214922077,0,-1.3014419095286232,-19.988307034862085,-21.80064126469661,9.944480116444108,-31.71223408317207,1.4724651116049188,22.684839503668197,-31.19531665449529,-3.5978552937866177,-18.80599432497354,27.54098020154482
7.915392805286941,2,2.130958349985737,-14.345994440769704,-20.820502542839808,14.653457432314156,-34.24409494579967,7.219894347904313,23.043719200099588,-46.659401990020285,-7.019265613489295,-17.325436731816332,24.642384228582838
7.67132216292192,0,-8.495715167050896,-22.820375548902312,-17.981617333073565,5.9285831557248585,-32.073410547464874,-12.4482916913662,29.004090390745144,-8.931463184823766,18.301867985450027,-26.435692253640273,34.77882984865857
7.818065561420853,0,4.7279831348304615,-9.813679883847948,-20.562797101897203,14.656557513872405,-29.266376564409985,8.351791687804429,20.71723801975555,-46.48145389584547,-13.415742142062806,-9.089619498986451,19.08498003488171
7.6361021753645195,0,2.0693836343472736,-12.527056893811206,-19.852954340977224,11.815728882922327,-32.83154345625069,3.5219422246576766,22.32200706757542,-39.5233428443175,-6.082757419814922,-16.172647440024928,21.936801437478895
8.160555903291,2,1.5972989391744319,-16.221113407575416,-21.583155586534147,14.753124805310472,-34.04360248933452,6.723382127855443,25.321881633456783,-44.324857311096814,-8.702377680272877,-21.3172817125026,26.077502690982485
7.4170748008185,1,0.21967868857338413,-14.709544965588112,-20.2286097310163,11.768158845206324,-35.674673717880665,-0.3942861086752989,25.443712927137906,-30.392142486523017,4.41171587055599,-22.012422804692648,20.61206991611345
8.640402414749195,0,-2.3940080577934046,-18.738382395265614,-22.34795894047589,10.85315048745599,-33.78684938345454,-1.045344857086957,25.045755678959377,-26.101757505920443,1.42661536120266,-20.915931353826274,26.85243390965698
7.470150313576136,1,2.7642351622869192,-12.852290441233517,-18.64427276988947,12.21966958746538,-33.98668672179685,4.420179289312401,24.674401818395946,-41.680773657438934,-2.994300666461811,-18.940663360446617,18.63067574776672
7.978599047511563,0,-3.1646874960958424,-18.20950700014227,-18.88591726671623,8.289223473288766,-33.56802864400971,-4.032013744549694,25.70658533211302,-22.473365428835926,7.106320936384455,-21.4369660364855,27.05023805770505
8.357535623133321,2,-3.3037702887275806,-21.784174921892728,-19.597932644309413,11.136631511339665,-37.962222102756314,-0.6023108409767919,27.359482231887608,-32.62089661460144,4.89516419128426,-24.63522179285807,31.12215485199687
8.555803282791516,1,3.9570300188211456,-15.6273057645855,-22.198613317371862,15.180613463046742,-31.029906107585873,8.7627948489367,21.065454998668095,-48.83062013789512,-13.430668946007607,-12.65669140252144,21.072219004053718
6.793465745570379,0,7.239110224727938,-9.53991333091462,-17.278070382553178,14.426794701051088,-28.383184853797697,10.91903607654419,19.038780310294094,-50.59395123601437,-15.490559776209142,-12.361821875407099,12.686970804512782
7.137251330464159,2,-0.22101359098622853,-14.783397202532775,-18.221164715111627,10.978892444076198,-36.74105224266076,1.6555502087370386,27.713628496649868,-37.09118554102475,1.582747723446924,-23.023065883046442,23.143474606714424
9.098184143494473,2,-4.827653600441968,-23.787834673691755,-20.742075655461644,11.755374444021092,-39.560620821171206,-3.2810729623496373,26.243099547942073,-23.991815943247012,8.754379428227924,-26.81318498213655,33.66481655570648
7.2053316905428195,1,-2.810225784261284,-16.326460763700766,-16.633820942182787,9.367232722038706,-35.49394825928806,-4.4255327488754155,26.439265821039847,-22.887474900420546,12.999485138085205,-25.736288742234553,23.523338182452928
8.178011255256692,2,2.7692808679988055,-15.395886958797636,-20.59320328873565,13.50410545385896,-33.16452962247898,6.626160670829301,21.492958007786065,-46.879537534678136,-10.037385586968846,-16.99769284778786,21.839023330471267
8.582754081992736,0,1.7267835936784524,-16.107761104783084,-21.33045982926761,12.88263366317068,-30.375092842288396,4.482227178979594,22.360440725996146,-39.2301399135208,-6.652081920901543,-14.986161654278403,21.493403177086286
7.725330912078294,2,-1.4633556727362045,-14.874246998411493,-19.442245340559083,12.373167529037026,-37.69948531933028,-0.3144299045173503,25.52584899533067,-32.45871012166195,3.1698475598722995,-25.12096375225297,26.796217454782308
6.869144674744383,1,5.116412964671146,-9.80192951848572,-18.84397856664905,15.698181129308155,-31.274896294646982,8.135961153087091,20.546230367734502,-50.375793058150414,-11.721702512009527,-16.39076339749046,16.49890820646594
8.071943095406239,1,8.896568297585649,-8.825033208393252,-24.086543711329345,18.28794447331054,-28.955973742107023,16.609616664791346,17.0022677207816,-51.664376761157534,-12.65654843147027,-8.702673312857462,12.410135595048065
8.84128565134196,1,-1.5432992790479414,-18.218325466536285,-23.758369774392346,10.764545600174568,-36.098293178605516,-0.6771762166938764,24.88581437933453,-28.25783603082323,3.514054680047738,-20.481502736042152,27.037174032424172
7.85827420927799,2,-4.593964642954943,-20.004575884914995,-16.862959172004455,12.121639574629665,-39.2456101547435,-4.716863065055054,28.465546058979072,-22.602746634397555,12.142049780244248,-28.19840696893226,28.99988956802339
7.746580573795169,0,8.239757834210058,-9.377277378626927,-19.716628520732844,16.135081759588967,-26.12996340483819,14.73369588307752,18.024194185591185,-50.35501715567386,-16.712606610476183,-7.286091000194645,11.828539558877795
8.862673758580272,1,0.4166693421113452,-17.81919394601563,-20.238401115573776,14.157042015680858,-33.81662401072043,6.3509460246059515,22.592674259766184,-41.91652317610831,-10.087433941742145,-17.609783359018415,30.75478168104101
8.144071349534974,1,-0.06933769748668794,-17.279624023114348,-20.880813102165018,11.686380116029692,-34.45569334906972,1.2825726477986628,24.256953283153944,-33.659102851780254,0.9306265637492592,-20.059664596266487,24.769279270840507
7.9732117275733705,0,-0.14180546769624436,-16.523156515198462,-21.15455837334486,9.608236340245064,-31.33862433948068,1.180275322673493,23.481693541230758,-31.525922635413686,-0.334838295257079,-18.003979548969692,22.10491372961094
6.979846081669401,1,-7.551010254803723,-18.792181235815697,-16.70440298657276,7.087301129955363,-37.14097996708288,-11.20834952151357,29.791796789148517,-11.872281109654864,21.307945633001466,-32.43004683778452,31.355676357716415
7.122100875153846,2,6.891224971413573,-11.207200940383805,-20.086903004911125,18.06476337488274,-31.250808411487736,13.515199422940048,23.992059392872154,-56.231162950729164,-11.015688309465574,-13.499103984434605,14.574019629257455
8.337654549112218,2,6.491953369629832,-12.561860208910272,-22.13989563059995,17.269102166990574,-30.39409021560618,13.83793921326722,20.3275404361903,-53.33326280779405,-13.907091820442151,-11.7030765570398,17.236544829325013
8.244276253221257,0,6.155135686920271,-9.68572525464819,-21.802114653501697,13.153540566034819,-27.087850015511663,11.613829803637621,17.609169536670784,-50.8568666637825,-16.757605178869603,-9.010849287133606,15.22751949470084
8.13430343876752,2,1.4196222907879665,-16.384626057071543,-20.70324867029192,16.764071481616984,-34.653249389017695,5.129297520053496,22.853762622882993,-42.91086554932056,-6.938414568292917,-19.37662153244272,26.971159753516748
9.254833393585812,1,-0.23188020687781763,-20.14409796138395,-22.57397757224323,14.129094883378265,-33.5616973445072,3.710811959489472,24.021107349256607,-38.070288051457126,-6.296594402132319,-17.68560311368157,30.558960178332082
8.391502663863006,2,1.9320627943917783,-17.338171678597746,-20.298663564443185,14.477038264587167,-35.833640464322954,6.008365685550234,22.234115270846644,-44.2876042821357,-8.448804543497635,-17.21752737490564,25.27107360953476
7.538227007914234,2,-5.388611917686984,-20.664607726449404,-20.66152561228641,9.666507272868868,-39.23208125249261,-5.888180768897099,28.30658512943245,-22.338723434069465,15.75116885790322,-29.750613996645733,30.029673664928083
7.438783968375234,1,-4.309257581103161,-20.962183005246803,-20.735977774573154,10.124884548579967,-39.57648061373939,-5.362867787974689,28.235895262374843,-21.633289733372113,12.844560036077105,-29.233810203547613,29.164818068645992
7.808284798170329,1,-2.233991537393684,-18.312510315919948,-19.832242421760874,8.69489674674021,-35.2400893886412,-2.9112200344827066,27.067048807481502,-27.31173957362256,7.8992044968161625,-21.650229762948673,24.906530337888007
6.947632474948434,2,-7.624428511373269,-23.18297520600553,-13.996433958235283,6.740160323334721,-37.88865961117443,-10.390377761690207,32.82138875026408,-12.577300277931178,21.871384692796145,-32.078560786924804,35.77974909419674
8.548461733702718,2,-0.2547153024807738,-17.98429431942876,-22.021057163150804,14.343902502016814,-36.38018740810005,3.378753835286995,23.70252186524298,-39.149966603094455,-4.987080816128215,-22.420903170311714,27.521568554932383
6.872187194530806,0,-0.8737960688031958,-14.012592175762867,-18.755424010584324,8.708696789316273,-31.547632891278226,-0.7691736215061196,25.558212803704514,-28.592280185722853,4.023046351386086,-21.968945986091082,22.171103259074624
7.906049435712952,1,-6.293426266807812,-20.689235771028212,-19.691016342720847,8.916634599064023,-35.51604901224156,-7.698958499821766,31.046862006693665,-15.14038331776024,16.32578763274665,-28.49725621441752,32.715629594665415
7.702671343516636,1,-1.7858630406357254,-17.827041348168542,-19.02288275162003,10.292914048115563,-37.25404816768501,-1.7331417867677874,26.886129060987052,-26.785163409895155,5.321606400505975,-23.767536436587537,25.34312376783758
7.288934161171054,1,0.8272988450869125,-12.928789982315791,-20.03722909649182,13.5344348134471,-33.32098665481483,2.075034743309406,26.270649020794846,-37.0681798916046,-1.1738557341818647,-19.244672131786427,20.102527490620894
7.5997933706737175,1,3.911075949257438,-12.379445528039042,-20.35227875549839,13.764280187309264,-32.7124297666626,8.512782390739186,23.292595794789026,-48.387770713056874,-13.083652818526987,-13.55730595849016,19.62264219148924
7.5573263134639435,2,5.426881270981676,-10.580129063719118,-20.128859400006196,16.980076737229282,-32.92299182878907,12.529134492341056,22.242561300182953,-53.94675687036279,-12.965778567073187,-14.36206937380504,18.44457571446691
8.09273065175235,2,-8.62778422743348,-25.05015903634861,-19.247097553712923,7.926942047665086,-40.42676778685157,-9.615162157586212,31.311844404730532,-14.102336482686521,21.31732685380518,-32.42671784662944,38.14952661684559
8.054552024211743,2,-2.2686926218840617,-21.30747145727264,-20.696118708790024,13.70364792445982,-36.36793520833391,-0.9342493210558562,27.608655938840073,-30.085533235953207,6.051697831497627,-24.69139063477627,25.490242730627756
8.926172780365638,1,-3.588066984233029,-24.00393518508846,-22.969061560132516,8.073994997391186,-33.79157093637404,-3.4327625648323448,25.24004869293271,-23.94432537931989,7.586027383090326,-22.656669687774883,29.186747200233903
7.117882936144485,2,4.089160476093362,-11.677772962821969,-19.844720912824478,15.726962248447538,-31.809715857214474,9.28952249293535,24.092528559087764,-52.42226066365369,-11.383002966099733,-18.851655724369866,17.86665359524424
7.272101295704242,2,-4.5724473935103624,-20.287395446579485,-18.95048137461781,9.844176189672105,-39.967026770207355,-7.699215648909614,30.53945202742625,-18.46862556587204,18.041840116328245,-30.587971592753963,27.204583211435537
9.225719868235032,1,4.8491011818959,-15.213933016271804,-23.39484481757034,16.61507515373699,-28.701481579648352,10.832827593583502,20.493727191405988,-50.49840976943942,-15.05562225759152,-11.57326682331657,20.475367052785092
8.009241749165376,1,5.6672814501566835,-13.133014192367323,-20.164674146190475,15.257492791529707,-29.11578548537061,10.582743761268665,22.334026485847943,-54.38554683669522,-13.33831847884289,-11.65845346320366,19.127635549138922
6.600008161251775,1,-3.9539651742107553,-17.01600132306321,-18.482474204179404,9.753653210640318,-38.563440881895566,-6.3198339746083185,31.024011670473282,-21.58298855727101,15.06048699000177,-29.177973967605062,21.881345432045137
6.913974430568348,1,5.714107635560391,-9.295326349148608,-18.768949938864424,14.54189023542265,-31.314433313746946,9.05309148622055,22.215395920722955,-49.21191484632043,-11.875156728679187,-12.169954936883,13.933272539352904
9.105728977145557,0,7.150801221278485,-11.000778758595699,-25.75958798485071,16.03224379199254,-26.09649084596907,13.867585328384001,16.45106695514229,-49.61771649193459,-20.581756727800904,-5.951625627969506,16.052175092134835
7.828879420793925,0,1.1780940202504284,-15.051282125215348,-23.488368561018913,12.227099209805832,-31.085070559776774,2.4713728710972194,22.65116840121657,-35.66604321614904,-2.600114804608472,-17.018244842573193,21.082030758649054
8.919567276235476,2,8.431925032925292,-10.609310428276949,-23.581109575610565,19.554770703726327,-28.52178640497374,18.22328906546399,17.493823087073025,-52.35587922469111,-14.898783339044389,-5.025859055995685,14.735427115883057
7.22447954544354,1,0.3950779368726681,-13.819866785049472,-18.770750262735085,10.818120446080325,-34.51535623721418,0.699671022647639,25.313520831052795,-34.452117749009275,2.87193789877891,-19.72169979450857,20.58587653591685
7.849624365745107,0,2.3646698274805846,-13.777207509644182,-20.736584940160874,10.873357108076936,-32.52346513411385,4.879087972743418,23.429837251059325,-40.69564468002892,-8.082395036478268,-17.1628119189723,21.24485746129598
7.976786725126196,0,-2.30204545654572,-15.504995323292174,-20.79446814214903,8.18004080555431,-31.741988750351155,-2.193213310400218,24.23019372077734,-27.16649489623869,4.3201761358847515,-20.74908291696914,25.691890610090294
9.22335783149481,0,-3.727172669458821,-21.40171207997713,-22.286159262135335,9.302194348941603,-33.85621284157406,-2.0481869579187766,24.392583756019523,-22.840065621732965,0.6303976647719396,-21.9449538916052,31.817522538864157
7.2030505882824105,1,-5.2112897736749595,-17.847760696821034,-17.87969299543648,8.328135187741585,-35.945257481586445,-6.206335809039325,29.950109735745002,-18.662380414524215,13.801537308437835,-30.357807522561238,28.151097663884546
7.465060358522444,2,-6.433754181846224,-22.49417381719414,-16.333006290212705,8.948739632836158,-38.92446636896531,-7.88271133064273,31.140558821389078,-16.946108581475364,18.206197093073236,-32.39909694090373,31.614534207587905
7.537615434628131,2,-4.562069522393997,-19.913400754963174,-18.62954161097094,8.977436742939268,-37.25904480601957,-6.021579234801746,27.584494173290075,-21.681300104100764,14.033144061364498,-27.811697615682146,28.17339318783143
6.7061379951314635,2,-0.17901691844952716,-15.324808304948029,-19.469833759392436,12.295674905709417,-38.07925319109185,-1.878188021373145,26.67126320412205,-32.98426055974262,6.805490777734696,-22.729885559030947,20.725929148377027
8.812655177294328,2,-4.721370348416179,-21.825498996251845,-18.899859083410526,10.506921312206194,-40.09768897453466,-3.9933426739950257,27.816167384426826,-24.65117480293087,9.562360262921832,-27.0620542053669,30.523197288500203
8.31511383238382,2,2.4953557474463794,-15.401241361541995,-22.39077382034044,14.70284280439829,-34.27324302911498,6.4190757806562555,23.435105378557797,-45.224874657379225,-6.756554465187039,-15.716190363399773,23.808081832080504
7.949506416450876,0,-1.1975790518170784,-18.032678016622537,-21.39753398676806,9.188163821530587,-31.936017378417663,-0.3386715763704822,23.51110779207108,-29.70915412967635,-0.322864196413545,-20.172209567649904,24.536443139719445
8.439744675530386,1,1.302343917025397,-16.898808453478487,-22.54124624182741,12.681765307654839,-35.28893375840314,5.898202502175886,24.746488670752633,-42.839372120329465,-8.072217499028547,-16.037548632688765,27.49284360243383
7.938358785964248,0,6.951790712659441,-9.478875496767973,-22.413730217399998,13.848837121986701,-27.237670156325688,13.081759033060333,20.789892470983403,-51.604545903387326,-15.635019804497261,-9.656696198432085,13.367859048686348
7.7499422066858035,1,0.5327622416920255,-15.423815848500508,-21.16487334698291,10.444295415382394,-34.89803777584906,3.5198943450290283,24.419563019782444,-38.27650102929149,-4.369190989808237,-21.34307081706707,25.28236867654488
8.867764985718948,1,-2.131966047527039,-21.496870314714545,-23.245884578362368,10.470830476739204,-37.07377481783231,-1.4278268152311062,25.01831850528861,-26.485951418943824,1.6658353559713241,-21.647434465317954,28.164633269360426
7.729306713802414,1,-0.297422923188176,-15.553585895978603,-18.03325662454991,13.384149905706789,-34.434168294103046,0.12229652014167969,25.704631497027577,-30.40314697515945,2.218799540976541,-22.51881092510463,21.416823961279324
8.651873391483178,2,-7.5977624980970315,-22.89147213793827,-19.54698260367348,8.946160806435465,-38.880394704980745,-9.631338458324812,31.756073596068983,-13.397272726136663,19.573897731631067,-29.698088356153086,35.65547887814492
7.658476487498863,1,6.781060833693014,-9.636708123322656,-22.404144292492184,16.37415248488458,-29.343452450234114,10.316540298428517,19.469818120883275,-52.4999803891209,-15.566166155659797,-11.143559952691728,13.442951548638717
7.024103636425655,0,-4.412851693719226,-18.60920821495258,-19.05693151316045,8.36573965194062,-34.754163177370145,-6.66766305683532,28.918985925597937,-16.309917610802078,12.34504020544422,-26.718139919539663,25.118867176966003
6.411743197332958,0,-1.5046827927910233,-15.931960628160642,-17.39055964444621,9.60408455254848,-34.771311061324106,-4.24819350315935,28.239978613566546,-25.666897337790445,9.814817744244868,-24.422765329604026,17.519509947451066
6.981868445193178,2,-6.72778282995161,-20.274900457685494,-16.821204469552182,8.784799257563916,-39.32111818686869,-7.558563678449369,31.102924076468128,-17.797113270421995,16.66327583496341,-32.31193760948335,31.81585714713059
8.812761298721226,2,-7.684406234597388,-24.420335228933617,-21.28471318488093,9.478266766211108,-41.0244180098901,-9.812676319098776,28.809157209426814,-13.922721376986797,20.360521888082168,-31.20574793793059,35.37417062956288
7.197958163900374,0,-3.512555991596357,-15.082629292093493,-18.307841440286722,8.219032688770307,-31.681253856341733,-6.553128982561469,28.6361780751181,-17.697926007221707,11.72777263469796,-24.77593785669194,23.9197807060618
7.302716473454091,2,-0.6584277859875045,-15.960044098338859,-17.571722285701576,11.886626362660811,-35.21881598495757,-0.8032455062455199,27.52373173790618,-33.20280279803017,6.222314859496539,-23.715968256376335,24.06815900986601
8.69834109546405,0,-7.0385882263766835,-23.581175229400802,-20.42339125688504,5.2549455232479385,-30.907330460955297,-8.05124460401603,27.820848485858313,-12.35118420764392,14.263184059466619,-23.84712755515317,32.78232759967133
9.060078165130802,1,1.561129307885225,-18.75431244146831,-22.947488805943927,14.140794141318791,-32.677342389305245,6.145712981949015,20.92192601169395,-42.91525094528272,-9.168837459272059,-14.878061625595414,26.79212289335315
7.22206533733316,1,2.5409733531356062,-14.19597640044812,-20.330568784323365,14.615254498209131,-33.47497734846988,4.524528766037741,25.636982218363784,-42.17513526508857,-6.4903119261593725,-16.99903200033467,21.368197516517675
8.477504796240856,1,2.5314830792185354,-14.413335063873365,-23.779533784655516,14.830185257785265,-32.567412512006115,6.988270835789557,23.129130231196864,-44.12192498420361,-11.193749943659464,-15.176479233364354,23.190468756136394
6.802278552709737,2,1.0269353022774854,-14.306155338388159,-20.090277103693055,14.062725432694101,-36.567963340486294,3.4681699443552163,27.93410257809206,-42.91737699353367,-0.14997149892049833,-22.762476885914825,21.03403696320316
7.719244222039467,0,-8.031429435904748,-22.436297996473282,-18.497711318813472,6.384931989296094,-33.97946166442033,-9.875201193395888,30.487870279643882,-9.236374627084267,17.832630958477704,-26.930970111924392,32.63226769221713
8.152920675544966,1,4.463485349133377,-11.77157373924657,-21.357558899607074,14.041086807209021,-31.289455746511535,9.869904667449099,22.65766667579698,-51.356707897309796,-16.312637424104995,-12.908213276713889,19.09750457412968
7.660234895084506,1,1.4373163657229606,-14.370615892773598,-20.72009226451505,13.880823457837078,-34.27184384396551,4.883998141778952,23.655498509497253,-41.7598962586514,-5.632930944766583,-19.04697812385156,21.828757330110424
7.202261000677646,2,2.3672094562289256,-13.223152875316059,-20.370259908180795,15.862302749292617,-35.19590782519881,4.444097278668694,25.17695222556845,-44.59563937815122,-3.1332257551870644,-21.12198352905812,21.62463856129636
7.057573444124601,1,-2.2697178003717533,-16.623926188982022,-18.328846589428306,11.301151296645726,-36.18192308813159,-4.535723153047203,27.862135063606367,-22.247689632980116,12.05385992838245,-25.30877424568844,24.538040569699863
8.74772447655548,1,2.619401603075022,-16.71680923115452,-21.530625859841386,13.464117672698391,-29.41974768644009,7.347934742027552,21.27556006846057,-45.85170775127036,-12.482617155735175,-15.545287012283584,24.261379977710543
6.7964453049219795,2,4.408827389429892,-9.025990586431902,-20.39093148888415,12.650743591473406,-31.574588116667417,6.202185838441834,23.689275736749824,-45.17068351909695,-5.778109763968713,-17.60113847105342,18.278528705793878
7.71809974078429,2,0.6643787565778291,-16.18854634493606,-20.505722135730334,12.950048558260905,-37.00623084168219,3.4034057481012265,26.21116531875597,-40.6680689664788,0.16232932162826685,-20.896032983475934,25.468447161638732
8.432430755378403,1,6.7995896476159885,-12.412800184505917,-22.50802112808498,18.063294190395936,-26.284894805578954,12.12966051998482,18.88350828599727,-51.95846302114968,-16.994424569832074,-8.653330850421225,16.076577429474114
8.864453906159708,2,4.332705895436989,-15.90498345733733,-23.211955422859806,16.892313215435042,-31.65711508046728,11.163756348280597,22.1205717654553,-53.120766719695894,-15.140227099614036,-13.271555764035444,23.09556860780219
8.275953210945802,2,0.8733627425778209,-17.844606778835658,-21.412656545981406,14.77176249133033,-33.18064023193783,5.821803045272573,24.141952677074137,-40.88423636139783,-7.335900830714834,-19.62215865546251,27.289799167747802
8.495324700541564,2,-3.1343627014986373,-19.374112301253298,-21.362120254644466,13.186936098281121,-37.517187536247064,-2.6214347837260052,26.209457914443806,-26.408959492480676,6.915253663021806,-25.15121800384574,30.27053977054878
8.105354677118571,2,0.2149955993191488,-17.645781235394885,-20.4336231014715,12.551163614937018,-36.71302541779153,1.0939863646575567,27.929138338111862,-33.17401211306544,1.9132640030316548,-21.227275828676703,23.573109131908293
8.371044249316725,0,1.369327551901316,-16.75184564031154,-23.64631565912027,11.112957573548183,-31.437112247488926,4.098293893021936,23.617201567071028,-38.10713860203497,-6.203089461544636,-16.595388639958035,23.43665900621682
7.797314886354601,2,6.2396127406970185,-10.141589035755887,-20.804288342968345,18.061845718969877,-32.020822271507434,12.539279014007702,21.20445297537393,-54.34099643537167,-12.299502272426015,-12.834524282654748,16.50817524977508
6.76338412734278,1,3.1721842455936278,-10.621297459586792,-18.131863835572524,14.251737333976145,-33.85794993184099,4.347966993697326,24.961022725123613,-42.80392038879018,-3.904025628361532,-18.084233041627662,17.26620151988441
8.596092563007137,0,-8.680065859976903,-25.469909377810787,-20.637375369779406,6.308588636156335,-33.76300807239936,-11.136286674006241,28.261772885458875,-7.00547052372699,14.506118638640716,-23.836615860422388,37.97170089104922
7.5014022411817365,0,-4.160896525636996,-19.5980033833569,-19.680617686040208,7.045521351835308,-31.507609171287612,-2.8348248332729096,25.27382381691378,-23.335232326952447,7.692128395335477,-22.4403773391661,26.457515108788257
7.607265947095561,0,1.0371504637435685,-14.189024418720502,-19.19860537297493,11.325807928604476,-31.88194564430988,2.6705627648082673,25.17946347477939,-35.46558648680062,-5.261272245665671,-19.370665804598108,22.234543593915458
8.652833606372763,1,6.619010927616612,-12.430867368893201,-22.660976440439548,17.586948210200614,-27.509760401650695,12.644664349533551,19.90131724837532,-49.88486942554544,-16.560560042375666,-9.64041482005661,16.465334874182364
7.326538551113142,1,7.847184150895418,-10.1096093543067,-21.363711164860433,17.665026483053897,-29.70663835499411,12.122793764780111,20.471210724197483,-53.761107396495035,-14.041651832245993,-9.069042275348865,13.01029967916888
7.094494225900549,2,-3.781713923724883,-17.359030662836286,-16.006306380453083,12.011019779092162,-40.17614725310882,-6.177267826193903,29.92976983293191,-22.161727365616642,14.06144476231898,-29.570958964081477,27.379043550021596
8.518552287226292,0,-6.279635030388567,-20.956308921416383,-21.169974440822543,6.872646061213086,-31.492487241651784,-8.873820416937656,26.748109035501656,-11.299728692076293,16.25500072998274,-24.390857267371196,31.144267068529278
6.85255335416716,1,-2.043404077543754,-16.81973207373142,-18.951709042843948,10.577340886904173,-39.24998594904511,-2.396615519833105,28.251266493979305,-27.670519106738332,7.826513503530852,-24.802639688778665,24.408823287838846
8.53725143008977,0,3.6519278183109134,-15.260636588429337,-22.197249949800074,15.11072261110144,-29.340040207743805,7.517998848929203,20.018119967339338,-44.88102978677026,-13.516466341492912,-13.788599380888245,21.470089571344648
8.61330865229046,1,4.397065693734831,-14.742378104920485,-23.518910568433668,17.751120017175904,-29.602644664426137,9.103336121960973,20.854124419785325,-48.261956297110025,-15.405779915759956,-14.274091971862564,19.857690457593343
8.925168831944983,1,-4.019890682054283,-19.51594676414955,-22.22918390252402,10.207329166528458,-38.758950712753865,-2.4178045632354213,25.098999525834202,-24.645521681735662,5.233364898816066,-21.82858237624955,32.07991780693401
7.772729460452415,0,5.267674353673686,-9.576931386534268,-20.833739088472385,13.317390080921111,-26.538416917225536,9.214353053432909,20.88742906520154,-48.351572602507275,-15.514646337729202,-12.651572133012,15.176643312521515
7.502808660089611,2,-0.6640858767531574,-16.964569798206888,-19.495697862325173,12.485875727764846,-37.48448159303206,1.9012129162927087,26.312167260528952,-37.48724167005867,1.264357464424529,-23.119568919336203,25.654191023807847
7.856547178812328,0,7.1379896000005125,-8.620736501800495,-21.41648665073031,15.073855450649793,-27.187160871898527,13.426209715487765,17.902827761758576,-48.87351882591063,-14.4892514652372,-9.090857214196456,14.998065362988289
8.161236976355665,0,0.5832793467368577,-15.8214346099271,-22.490156170311305,10.58408716821469,-29.872060170427293,2.720356573648454,23.66695652664299,-35.52834120142309,-3.6873330496568175,-17.590082027250027,21.902116907388443
7.925534962041519,0,5.702847603898289,-11.079646509538723,-22.212191272708054,14.377741308347604,-26.702456544344297,9.067259419125799,20.357041091769048,-50.26143124849483,-15.109606132386117,-11.33563152310338,15.625964447929725
7.589672960659479,1,7.799230130044569,-7.9259813223525075,-19.529066939513907,15.340172087613633,-29.738601740495913,11.553067344388792,17.343514791833414,-49.17281267627744,-11.727495044560378,-9.731276110536992,11.552756471850673
8.50424618364601,2,3.0437792476672803,-16.685518373972187,-22.944759714868336,17.107237116991875,-32.62844820828361,8.748254673462696,23.54073124942987,-49.66681129169989,-12.488900988449595,-15.77219249086421,22.676314367663423
7.582643914680964,0,-2.8625361995640612,-17.801542780108168,-18.414563937819768,11.057823459700787,-35.672379296098896,-5.290725993684196,24.74493790216675,-22.439103200464558,10.714461028482244,-25.046459855947507,23.607996190610752
6.83736985432322,1,-4.8623482393924755,-17.344629854222134,-17.135605913327726,8.345536664648755,-37.33867585419497,-7.572606036428918,28.41467532664178,-19.68438752243126,15.901718899556872,-30.318532068887944,26.48222006339244
7.257192033751444,0,8.466351987908673,-7.354374200486832,-17.670668717351486,12.272194990237395,-26.232711263697983,11.892853024419214,13.727334426322585,-49.66550975321542,-13.328710308884014,-9.432620791079259,9.700840233463401
6.6501098906685945,1,-1.7148269324700678,-13.875484928951172,-17.03709956295937,9.601874038936982,-36.887041453127765,-2.9325627933366705,27.751505319772967,-25.317721958480504,7.997702381139977,-24.514161873716063,23.09403147060692
7.793908525642719,2,-4.729725895209038,-20.94201745695507,-21.282694293171772,10.158831043220449,-39.10919422701761,-5.63862317166568,28.387057040079384,-20.63232726645232,13.468285465051839,-31.574744848718698,30.08486110046802
7.2240889204096765,2,-0.3080559755531225,-17.051775668297754,-18.971744581275164,13.040892080345683,-35.95157723981254,-0.06756922330124304,25.0490117270942,-33.064324097734534,3.9965735094188584,-24.520917032115605,21.98411024229493
7.190886970955191,0,1.140566441723055,-13.781611308973405,-19.78878340025304,11.750527897973079,-31.784260623074314,1.4189720814037297,27.341913369658005,-36.09155944526847,-0.6283208339872393,-18.692978132172144,20.354615434154514
7.951745534872425,1,-0.0985865571645066,-17.926693198881722,-19.65150546956471,12.92842125898319,-33.84667838193583,3.6246087825430493,24.96775329439136,-37.589039934377254,-2.9218703811310007,-20.65092297664326,23.99519009309083
8.094814747374565,2,5.682960681156244,-13.047021981049824,-22.645371345213476,17.73094229891125,-32.39040856423215,12.74824423901809,21.009036947640368,-54.568033042758756,-15.686527594129508,-12.283054026577963,17.860997510025726
7.924257234342219,2,-0.2834477550394643,-16.399371512478073,-18.875378765468938,12.339972464507442,-36.89850894187653,1.6605478067775776,25.19895035264267,-35.387138564408374,0.9854599327576439,-22.933918211746228,25.35573661623818
9.090387747999559,1,2.9876190059462018,-14.93933723965351,-24.689141308812058,15.374000777357534,-31.235137991581173,9.75752752627659,20.253646085766412,-49.86552984421194,-19.04751801977214,-15.161203977179241,25.000652397054854
8.31187738856808,1,2.3846971195368,-16.100377863476194,-22.173653678639095,14.251388978320133,-33.10602148821284,6.034180039253516,22.377170330617368,-43.19151315860855,-9.37294368306342,-14.915044537211962,24.929230693351375
6.726317781341646,0,-4.2463648641994425,-15.903364537083666,-17.386873831144566,6.671668209363724,-33.6724722484856,-5.628891429432189,29.09781915048004,-20.50775314735538,11.496683901668057,-22.653084728375674,24.32375904008567
7.665213124574495,1,3.481827655623879,-12.734952050472884,-20.090860100987523,14.944204138093696,-32.32126753774945,5.160270699851065,22.5601766804085,-43.72980997275618,-6.313961678732583,-19.196591078286684,18.365652444495346
7.538937687078613,0,5.741233676910344,-9.519271574491539,-22.004936477889473,13.29686952365484,-28.102870862598763,9.17786184800081,20.650767049953625,-49.18019836314147,-14.611736847421609,-13.275627655225291,15.012414412051937
7.255005836027299,0,-4.840193827352734,-19.427430359630975,-18.213496396793985,5.397821470668538,-30.404599198517367,-6.340175804429503,28.92093486156889,-16.738935341532233,13.231464330196415,-24.257468774152265,27.591216766183404
7.762741160667126,1,0.7382121623116976,-14.265786364110529,-19.589493721887752,12.597928997030257,-35.30375427220632,3.9762409944798414,25.269543998389107,-37.60958176838228,-3.332567349878535,-19.919239574788442,25.013570511628924
7.609675435014168,0,-2.116619644623106,-17.405321896635677,-18.392323974805677,8.21364520031206,-30.775067895358415,-4.031098783588499,25.993669781314516,-23.342829229312105,8.879122667574375,-20.828133453038486,23.585670551717836
8.428356526561874,0,8.232394487580486,-11.971694188952396,-25.773362750900837,14.090944102847718,-26.586254646026646,15.308453877307809,15.440121764184997,-52.1806394745581,-16.627876643325248,-4.423039501754783,12.071522947022444
6.987656076782723,0,3.9698698779117123,-10.053117120230903,-20.63257723689403,11.697042710165888,-30.46456330915128,5.016348615861914,24.49546020350281,-44.03088034793679,-6.441898086977942,-16.130741549635008,17.420124406188368
8.131908738680957,1,6.415462050488537,-11.272623860473024,-22.091018456422606,15.604018298761808,-29.112063769971353,11.709946156389286,20.96602216792782,-52.48123029791391,-17.002402919191365,-10.102262424873743,17.105217716518542
7.224645408658895,1,0.5322855941402518,-15.059146348760816,-19.035665292548437,12.204060180396464,-35.18443693921969,1.5065574217414854,25.228620498034555,-34.57604709704191,0.18800297515189188,-22.311925352401758,20.39031119303983
7.579309582715855,0,1.2349078924523815,-13.885817942046032,-19.964595247283242,11.10295056671512,-33.386821044306124,3.4300907010096706,24.70536816880367,-38.09538513065494,-5.218377704793489,-18.72300043759339,22.069754934499716
7.56376270790652,0,-0.967243240019984,-14.467383344666894,-19.48215996790168,10.414613609272463,-34.00074821280942,-1.9552509261119646,25.06181714686624,-26.60998848426997,3.29781281746044,-22.800496943602102,23.24772052466169
8.93240601050175,2,-1.7505875438114469,-22.122736383951686,-19.968713232572036,13.421675136806007,-37.350392744536656,1.6653281604158576,27.326033508535694,-33.015637363507985,-3.4880214998525947,-23.18054960037432,31.787321133172803
9.078140749815553,2,3.6331008429251233,-15.15613295212287,-23.56139661282468,16.926356236618695,-32.34191348864571,11.422132794934987,22.277970480431946,-52.52752697851818,-14.267486375657784,-14.28335528990401,22.8337224739997
6.969190221481798,0,9.906170870883562,-6.462539537775628,-20.085464108101814,13.863413587897856,-24.55944204015786,15.271349077116646,14.491236321915922,-49.98093407392219,-12.75454594098101,-8.094197796219348,7.447011919967802
6.964954926859816,2,6.446922263931718,-12.31211751484258,-18.33120578045815,18.811967515543323,-31.77908443844463,11.255321671817503,21.935236183285625,-55.316571743734535,-14.09689063391436,-13.567874909853472,14.078096502430826
6.83973429184626,1,2.3958836835234156,-12.01324036727836,-19.396923195587593,11.651873025884333,-35.075172580968946,3.2911983954055044,24.098980073148763,-39.35937070793185,-2.35191826024366,-21.381322528887466,19.046074300851398
8.196325097645518,2,-5.211091215010918,-20.30708943744535,-20.022738341745573,11.512527269990882,-40.987030445400485,-5.305905033140584,27.356696120263436,-19.61962195197529,11.586699912850156,-28.85940531778291,32.19403437815928
7.726679485345271,1,9.277215620799483,-8.293607976351485,-20.320600438706578,16.82132835223543,-27.827744523921172,16.67447116961661,17.769630241770354,-52.02891527376769,-12.929493241241858,-8.048271245642784,9.35083474877783
7.669560285625748,1,-2.1309570563504976,-17.149682380913486,-20.085357130487164,10.730254602701839,-35.98837950205312,-2.027226312035316,26.415760796598754,-28.099601358702536,7.045700407994905,-22.98169457672983,26.653386473471947
8.918485391605573,2,-7.341086227903103,-24.361696856905365,-22.017631901658877,10.175167604650087,-41.228533910693635,-5.762267892151046,28.31084922239924,-20.05385446985732,12.538441061074701,-31.33403638757886,37.101366868059074
7.366007180360645,1,-1.971920118965735,-17.242581048502817,-19.380059652554042,9.769367851915925,-35.75375891941863,-1.5568132971359159,27.07509064189637,-31.11636228676774,5.221014432917185,-24.614662845279113,25.557483903856824
7.771145103040187,2,-1.6973218396537106,-18.03756245747641,-19.55682388182654,11.048309827568332,-37.37119423581447,0.9695813100734325,26.864785156572594,-35.25055086281242,3.715140710310549,-24.605250411690097,25.908169504717964
7.793002180584441,2,3.0528556656324235,-13.358023003608153,-19.661121018914915,16.44562130976554,-32.54329349069694,6.791536258574434,24.50195155207692,-47.25700630815093,-6.965470143734766,-17.733553387154,22.89953677241658
7.164198754389599,2,-2.3563303435930933,-16.797063721778805,-18.01528566541638,10.884530441641342,-37.8622545346993,-2.8523322480331497,29.136544036197552,-28.98851709435898,10.300371237004324,-25.77154711011456,23.351901253667886
7.183396446808288,1,-2.1251360008435203,-15.438387304421086,-20.138846077667974,9.660219824575476,-37.26863680268712,-3.170340342881995,27.90610034299033,-25.90784554518677,10.332399842384536,-23.786381311219614,21.56484987069956
7.06043107444669,2,8.552496947620794,-6.765267412016464,-18.851363308676266,14.044052190209838,-30.549688498985436,15.429312764654973,14.854981312967865,-50.982275411880046,-9.189795052505334,-13.06980185162644,10.551007495983589
7.822225506595328,1,-3.1402365858426213,-19.346397089152195,-19.676070472560767,9.1207904352901,-33.73310436039237,-1.7721588123729435,26.31028591105305,-28.313183611961378,5.804700319211654,-24.362674539373344,28.751485391689627
9.012393668847846,0,0.8893021443446595,-17.524220025295055,-21.77065638574794,12.456364930877049,-31.287653769046972,4.33687020187915,22.316844343017667,-37.928128141878354,-9.000341697680183,-16.12574425924791,28.478265397429965
8.055318138043488,0,-1.0621071002457523,-17.48334285251578,-21.137111804585505,10.446450264258637,-33.13567274954225,-0.7694594618873293,24.60204108708389,-28.151910763843407,0.22942169474264795,-19.755096639242332,26.287164182755475
8.607365686047714,1,-2.2523421217702833,-18.811572169834335,-22.911634256091247,10.965719251642918,-35.640121847324956,-1.4134870043145433,26.275927695745747,-27.106916453716153,2.9871443125348485,-22.30278902516841,27.259812093150156
8.342783633527475,2,10.283356630687388,-9.154604160749857,-23.562456392891793,20.02489746706238,-26.88499144065528,19.678063937963856,18.388073455856514,-56.8488202707146,-13.071769783047436,-6.61109406413865,12.419595172135336
9.088715241170037,1,6.20491432233456,-13.93854582431622,-24.128253012070225,16.10423482299792,-30.244304958875606,12.340376399716602,18.41097783875049,-50.86755827761572,-16.625014709549067,-6.287761878460205,20.409895955513086
7.64280076666764,2,3.7953430574946525,-12.004899995152506,-19.147708532539596,15.890139645956317,-33.717020317820065,9.431686822166139,23.755723098787364,-52.62989511240833,-13.89140770298467,-18.012246042894894,21.218023287045927
7.170317960950769,0,6.296171906260097,-9.944599116114345,-22.72833751861494,15.770991456073876,-31.20529068497675,8.118235950804964,19.971542497227908,-47.76459873821187,-11.547762887460403,-11.335553997973397,13.155701088341944
8.865534364959911,1,6.6302168965117225,-13.038295225696062,-24.20375840477854,16.048093644032893,-30.406599165549938,13.095867295428292,18.01471166297936,-51.293751856399986,-18.391050899372352,-8.077989820256233,16.0255660106613
8.732912896993799,2,-3.5590916635912873,-21.336843681240552,-19.40843774515104,12.316512199334486,-37.813376672669136,-1.2157059006958013,27.56750847941519,-28.988837071083456,5.019101044900821,-25.43863670660193,32.025675445015025
9.018790027417005,2,3.082580096497265,-16.370065259730477,-23.269272054867493,15.519780883956937,-32.3259640961124,9.742025403533374,23.44729595040092,-50.32096692950182,-12.400550637531525,-13.959225859748129,24.84636739103019
7.7520098683866365,0,1.1480699925106383,-13.594694012605196,-21.20695907380302,13.113526297023661,-31.164521041350877,1.8824706733748742,23.81634684214158,-34.802738552042136,-1.5128097105752718,-17.779797678684602,20.63586092370862
8.597104471241785,1,4.137721748570073,-12.105849796714093,-21.342693858780393,16.01886748908408,-30.999883842151984,9.881470246812718,20.297122374472792,-51.15497022897613,-16.784620552464716,-12.757744365353101,21.176337931395913
7.9196302639128495,1,5.730104576128729,-12.141057395976253,-21.10284291820478,13.844713546725988,-29.719418715330786,9.07781178327235,20.20332979256412,-51.312214438472175,-12.034343185951993,-11.008383652137724,17.47022698231115
7.764626434628318,2,0.5726202002295946,-15.001147450858136,-18.387749454150505,12.108217146688634,-35.90952059050751,1.9706659965795799,26.056292493165515,-38.966960802324785,-0.1844155537020855,-20.271227942746844,24.87013811579929
8.226104254448893,1,0.8634165851678092,-17.991954517139835,-20.669790513925175,11.028976428564885,-35.654006799707616,4.190248312702227,23.933838878486824,-40.96475664581347,-4.7288829795026786,-19.755162525722596,24.615091596161754
7.799069379371413,2,7.097690484084055,-12.139280795715605,-21.143831524479246,17.51167520668076,-29.405784782703616,13.476360741718207,22.5348058987279,-57.85848591654575,-13.244129689174208,-10.777298340227405,14.329089143394906
7.383080027544713,0,0.9279589837141086,-14.334641110618364,-18.91242211557617,11.376247310105448,-31.31457332822512,1.8288677506785662,24.280250169099713,-33.95676371921088,-1.8436451236559925,-18.855146621247258,22.789059482603776
8.146406363593748,0,-4.397546234088311,-19.16679891795356,-20.937735862329056,7.837925480371064,-33.975583102340806,-4.372585788196923,25.957563959328244,-20.342928797948503,6.500479647277513,-22.93029356122765,26.37062209831742
8.485381170309509,1,-1.5389242017680798,-18.163056599067218,-20.70705349868522,10.533257661984768,-36.028443397538624,1.263367985131928,24.999053212980368,-33.228630324146096,-0.6400075287098954,-21.330497646932276,29.467733212924518
8.638088061482684,0,-2.74108488789991,-19.38454614600688,-20.927857021039678,9.34664000382,-32.32893607894774,-1.1355311928072753,24.88382347644107,-25.994505558214957,1.554143884100329,-20.84733073087217,30.405299582810084
8.525360832272456,0,4.111352949475503,-13.238523353658817,-23.83624706459439,12.897225794915858,-29.502152979662004,8.502070678044033,19.319416269701904,-46.82758384883621,-14.982722202043059,-12.61278871233613,21.61827628248902
9.209347372308164,2,8.461638563221017,-10.864332554311963,-23.393947802358973,19.14459807110214,-28.593837503985025,17.55955189160048,20.174437669934814,-54.45035711901546,-16.461735378584706,-7.163397259725468,14.700914568595987
8.711046612994968,1,-0.9444119307581018,-19.366395682847543,-20.90947525539759,12.611452042623055,-35.19265769634952,1.2608400732543454,25.878103026391663,-32.61622438098391,0.058562330489222436,-19.583617069210973,26.707113970422686
7.411269161939913,1,2.0468101854729817,-14.538970771072055,-20.057996049516145,13.860991584964788,-31.70620683807632,4.863799873171967,25.153248899356345,-40.5418635569443,-5.110918312900179,-16.599406106410296,20.492784549695052
7.818990968759383,2,-5.745972293850785,-20.69716192856175,-19.201474537458434,9.265881035484593,-40.328937020602936,-6.284165145233847,29.617778421583342,-21.15975343166862,14.580468335283653,-29.151824162892947,31.879024232130465
8.42590957641175,0,-3.28785072134018,-21.53789498707834,-20.08385404227939,8.209666358035093,-32.66885893478299,-2.8934585976318106,25.921606151123363,-23.112953451419877,3.9787195485165716,-19.917019469493273,28.853365400906526
8.989885924020097,0,0.4535828743912586,-18.268627385174184,-24.069405658979882,11.620720224023858,-33.09230067185624,4.526059700070494,22.14821724165258,-36.48197944299886,-8.88993110291719,-17.965026123033137,28.489441627982885
9.136465233322225,0,-4.978923261270913,-22.27919954563247,-21.521622694078985,7.358240481257999,-28.460961631669715,-3.6547298904732894,25.749193798309825,-20.401258974816045,6.859406713288914,-22.549518907205517,32.65295814321871
8.532709296975849,2,8.300790196519408,-10.601507331153144,-22.403058106462698,20.53802078256603,-28.72121257036261,15.984033086181974,18.117450501566374,-54.68149551136347,-14.43930132297255,-6.828320692425639,13.613466310717163
8.132709859833147,0,1.5913170456108787,-15.991553374194819,-22.013015600399104,12.131357426896873,-31.303938752550344,2.99213812069727,22.20957454647308,-38.0790343507416,-6.3589831170365825,-16.66350620587972,24.478405241494805
8.696508790407481,2,5.801797770380238,-12.754669804044394,-22.63718897920612,19.4073913485562,-31.076068586889313,12.437964430632936,21.0811979754484,-52.52400632270812,-14.306514078156551,-10.806458850597666,18.807661344997577
7.979456754316244,2,2.1296774431729455,-13.91033848627823,-19.522938871297036,15.48049734956926,-34.267949406464616,7.298750772734213,25.785765006340622,-48.683652144587704,-10.021507149881495,-18.74799355431976,25.55265178970445
6.998362137935015,2,-2.030620662499536,-16.862842543513082,-17.180097003226752,11.32838746735542,-38.47427816762435,-1.6311910538070127,28.637664494222832,-30.352946897745074,8.022333274515951,-26.173813007655287,23.321166827990773
7.974419374189754,0,-2.4505247062026307,-19.601049428481428,-17.959867786618084,9.03383463104642,-32.12801582910667,-2.6384378991987156,24.98762899441816,-24.70084404737543,4.334289392625786,-23.087433784206183,24.725648586033262
7.970173547146702,2,6.282216174008363,-12.726627173971712,-22.821280027889355,17.9796670855217,-30.219518634167276,11.765285153296087,22.23440489889326,-54.841546951623755,-13.752803517726111,-12.041740792795384,18.023452581956406
7.728948382670986,2,3.551171181084439,-12.905467154444157,-21.320695537674,15.776258318560341,-34.18519165145194,7.358645874405722,24.517717820268427,-47.90263385341581,-6.623095158416291,-17.6103637587577,19.840971306592298
7.342872372418132,1,4.463721470425894,-11.98125599347061,-20.986964507661163,16.073635010118192,-31.347659496645402,7.750533636782175,23.952294451887415,-50.262740885536346,-9.941858011745593,-14.832871545220403,19.738680278755346
8.408908335613885,2,4.8300148213429726,-12.302247447138525,-23.777536678932247,18.180706121254808,-32.503489185546584,13.37886831840649,22.009400141117656,-52.48241114134329,-12.849351121195518,-12.21744516277239,20.190129412230974
7.623788831345339,1,10.339593864830103,-8.751867014635858,-22.238130866875142,18.018821015177537,-25.281202992277308,17.64754667794031,17.39646447755248,-54.16278596158545,-13.629230320621785,-7.041563165835189,8.195653748289272
7.700329789068722,1,7.189182897296486,-8.357126043707597,-21.684478656885066,15.690602825989522,-29.8799780924063,12.208444338473367,17.451728963014165,-50.71789365650009,-14.292464343362752,-9.640774770913877,14.349370241225937
7.165403528241892,1,1.5635489946688503,-13.368606063792036,-19.64145681270726,14.76846500115379,-33.03508144872278,3.8695489101214777,24.75337612375141,-40.62016485558015,-4.0568730407674325,-18.90044016639419,20.089991390335708
8.130811301954898,1,-0.3019741814696102,-16.605732166476283,-17.95507477753433,12.474382245967377,-34.85204247032821,2.0990366464939507,25.0215837552185,-37.16323051130138,-1.0703244079559715,-19.8470047104082,25.694994609498202
8.718557309366481,1,-1.4318289906298411,-17.48432872829813,-21.547572629138973,10.742273144321404,-35.99849735297756,-0.759530474741072,24.33079926597443,-28.38667744628712,1.9706180680479537,-20.096864762168014,27.635761042249445
7.266583163366286,2,2.352122509359189,-14.584762671708164,-19.434220995310596,13.46040164050213,-33.743895011344,4.85011126212015,25.397503400503663,-44.703733255089034,-4.835382958836432,-19.223265930865892,21.216076961891627
8.864168189922623,2,-0.9812815062743165,-19.738604890075354,-21.04702646009296,13.137387736738225,-36.14757643236708,2.847003800918258,24.99305022116307,-36.75655514804555,-3.2608602351745413,-20.719275909385313,30.5138005895905
7.12018390454243,0,4.060755029579159,-10.957519592108705,-20.033179161786023,11.942985498240025,-30.31599210993591,6.659320347831472,19.792818408729946,-46.23750054834004,-9.414502759835953,-14.213219770601498,19.35585287311086
8.493000673806314,1,4.073011253520002,-13.705971090516702,-22.725336306925115,15.757699651974214,-30.158660232289037,11.466400119692107,21.08281540896282,-51.36359435743039,-16.892598312068,-12.539513969249716,21.6116507881835
6.786403088417758,1,1.6624003114805108,-13.262257880348864,-17.360330450493844,12.428382780720955,-33.77500487057882,1.1790684004831193,25.75467378394305,-35.69937068844575,0.8585962256137808,-20.452939503217067,18.760626243557898
7.955632389676249,0,-1.2601874861342148,-17.652320439840373,-19.776804860608262,8.23252369108092,-32.37477650334065,-0.7530864877765853,25.35580496163126,-28.106928928565814,3.6164939564139345,-18.477088365778005,24.658009698701115
8.545288846769616,1,6.759330404862584,-12.467760836139519,-23.09938036594994,15.709839672891059,-30.176558754671586,12.992146654469932,18.26454321840404,-53.4552061952936,-16.242720756445316,-8.763704314761174,15.758290935780847
8.180774230363005,1,-1.3086772988103026,-15.653241868614126,-22.498204481570387,9.26705117914986,-34.95059535500281,-1.9680677161165414,25.805385023731183,-27.41871605645537,5.232783025322052,-22.43073765499762,24.309221113245638
7.585619160831802,1,-7.028492789337648,-20.16784227854771,-17.25119436866398,8.266997972315632,-37.8954474710552,-9.847948074125014,29.50583398332226,-10.028580699537144,20.411109190166584,-31.566812186521723,32.85368268118874
6.853512820728182,2,-0.07480438744986295,-14.522785916041894,-18.806452388200817,12.017598620272075,-36.0329654771826,0.6090285899475318,29.009646051623434,-35.721881391967806,3.963773734388267,-24.139848602341743,20.225542172360502
9.125889850713317,0,-1.6476219233596194,-21.072652262991753,-22.514175623442284,10.298914727303215,-31.96454477658667,-0.6110163059929623,22.239779443582083,-26.023886898750238,1.1643528376093013,-18.447491229364534,27.684533305706374
8.301479105666715,0,4.384587151456279,-12.720184401137741,-23.093825841143925,15.126694094461358,-28.896024879196556,8.619809434711827,21.677132822322108,-46.824091279997276,-15.364088960109257,-12.772005180557327,19.2994578916506
8.910407241776175,1,0.8320920709926632,-17.74847349333752,-21.810069552894355,12.151968440336043,-32.95682325989991,4.682925844014346,23.331923569538258,-38.84511830774203,-7.684270625103919,-17.01651181955873,29.245543611332693
7.784679310677016,0,-7.2592987930099735,-21.18293414593939,-19.993701406647823,6.339132233886147,-31.334175460012418,-9.398501040032572,29.31999281521618,-11.559628973315906,18.22752156959165,-28.495969886099054,32.07165101491877
8.649938661292294,1,-0.006828682994665214,-18.169450108226513,-22.267851236201057,13.027883342679328,-34.40332542951082,3.577619461178834,25.596369568880824,-37.56000360884256,-4.520872111035482,-20.065883061987464,28.141065323540936
7.145635997442088,2,-0.9504119224061311,-15.493819573565762,-18.502226956381584,11.626327279736218,-37.303128709397726,-0.2157743038561771,28.392915200777917,-31.76816412044633,4.47022543387,-25.550639676771485,23.3413698764739
8.269685260851103,0,3.7132773701393202,-14.56710955229477,-21.002210146665483,14.04177082598462,-30.550024345700756,7.801058091235363,22.500628405337412,-46.503861419620655,-14.891631920905974,-12.574215969657498,19.240599607763446
6.626197733750006,1,-0.6432804881551921,-16.275793203251624,-17.61675230997616,11.787510116765866,-36.90444451465055,-2.720573202515762,27.103209643902336,-29.58182058304852,9.347020555569568,-24.497585655220416,19.655183580066616
7.296718332625503,0,4.388303583817317,-11.332539710617219,-21.28683804267974,12.425986609689497,-29.325046140717216,7.7269698822721935,20.762895906585513,-47.94407160739024,-11.628797035952193,-13.73403684031475,19.1567955905198
7.6695334997424816,0,5.030385652297086,-11.851061130986611,-22.817270982625168,14.797695034871044,-29.95087384841346,6.999595871839822,21.160249453574586,-45.02086406938579,-7.979699003072547,-13.842375157047782,14.995071584642952
7.7664823908287115,0,3.8508526238570955,-11.889412933892146,-21.214661153410972,12.71649004911429,-30.473139897451222,6.1800843226078435,23.216204906596243,-42.378666353694825,-10.189387287267154,-13.90749899096479,19.574962423452543
6.469581665350262,0,-1.5602988234332256,-16.750896579202582,-16.490210288979785,9.176815096522043,-34.47704568926957,-4.383575952210948,28.018267790343817,-25.17800545439016,9.192269886215493,-25.070832488151733,19.746486321326568
8.104750860597477,0,-3.740767872155974,-19.7034653213931,-19.392027267710752,8.205535238279825,-31.661469586024538,-3.1112865160098107,26.47159564768052,-23.1252414114406,6.965234784593744,-21.91986780395232,27.34236650078762
7.755896963542801,0,-3.505138825701045,-17.731353832263125,-20.135828966192893,7.712478825987747,-31.23379398484714,-4.566156932217961,26.060450452637255,-20.89817789351378,8.85402555477818,-22.272491374778905,25.615362029526825
7.740864437738328,1,0.4089122225788604,-14.967611765639585,-21.53236919405579,11.29324070091718,-34.092134672777874,0.3993849313644269,23.8924141312498,-33.36325488698492,2.36136801836626,-19.849068898599132,21.292388507286553
6.631614566844214,2,0.5888284679557418,-13.873568428131838,-17.464756430287782,12.304348551657835,-35.87269926380388,0.8592147310902561,27.271571287799482,-39.377830197126684,4.898718635588399,-24.090256846102655,21.469328878329677
8.146322826620072,2,-5.556135124802483,-21.324801411332487,-19.624132781651394,9.384058953866795,-38.36171424496779,-7.51513177193809,27.819323247237662,-16.98940820662697,16.032474555444736,-29.991315569653935,32.493018961749236
7.899404928330913,1,6.815107114915548,-9.859645480913391,-21.21341976868387,16.152244710096063,-28.881629484659815,12.392648368284657,19.677323992585215,-53.394800878973314,-13.514452901759682,-9.690524227765298,17.513373834881563
7.690450816054683,0,-1.3468219815282367,-16.365841169194553,-21.29545835565405,9.618013006098579,-32.12217405947179,-1.705161954046284,24.40699555980659,-27.639663793119734,4.672143442902918,-22.290088809578567,22.38547944237995
8.850938286289168,0,9.633188406831255,-9.840072698491618,-24.625122343166495,17.56377116517741,-23.766841130340097,17.69386274556129,17.28695256075199,-51.31546031243259,-18.3087280212471,-1.9762430256699526,10.356716234505216
8.671289216741549,0,-6.572118392292227,-22.415850258858896,-21.597003524572244,8.243516270925994,-33.570556992677155,-9.444460118092984,26.998128042239546,-9.1517120915065,14.411895847381663,-24.174064970002316,31.10354495961196
9.086537760787031,2,-1.1609983722560009,-20.068128035523532,-23.154453618248873,12.495656874759968,-36.312851103869846,3.0036346646816305,24.157618391810797,-36.74169377284553,-1.91996848024987,-20.9695741279489,30.12371441868662
8.629135063794571,0,-1.2408531903784161,-18.56560159347133,-20.88766920258527,10.539346870739072,-32.81526594919664,-0.1961575705645472,23.419312798852065,-29.68302685058522,0.8016566252998882,-20.687014160987196,24.686092613594834
8.68906418954175,1,-6.567075361403165,-22.42224459041908,-20.439020221292516,8.357352399018138,-37.804055513551944,-7.056340491056783,28.77336352574147,-16.009389700329976,13.495985667113395,-29.620588292688588,32.34466151568249
7.209156973488459,1,-3.1223217961062355,-18.26287332608059,-18.246606006169497,8.573726931818907,-36.15115138706021,-3.7242892095013262,28.540450050468912,-25.241269304157143,9.605439777866055,-27.344291398954702,24.530804882661354
7.448060762657676,1,-3.2457673200625834,-16.99860366157259,-18.16194572821709,9.772176021636074,-37.519988078273826,-4.759070126943421,28.571325620386943,-21.52875575428608,9.518990598043237,-28.035357533917676,26.0430867426175
7.002825562715968,0,-7.923377059022435,-20.62244182929583,-17.75162502555008,4.632055751682181,-30.56723281429036,-12.01235730384945,30.39969148088736,-10.33774742011285,18.685697545018733,-28.91536353663796,33.62791687128401
9.03988089599682,2,-6.414641808858198,-22.48605857841645,-21.24016633956357,9.093403161703453,-38.67280030543536,-7.179521581706374,28.318973612667957,-15.47833738991791,16.331747349005706,-30.034002764982052,35.11574417840855
7.867919016244651,0,2.063376809777167,-13.814762889974693,-21.78380262548613,13.094230956013364,-31.820782993958872,4.001711025483297,21.653683554749797,-38.38262763770352,-6.826799630707551,-16.269980340757897,22.19532410598066
8.174346616913313,2,-2.4271952977379496,-18.713471688378196,-19.938762843442415,11.310876172713156,-38.466463483161604,-1.3629465749185874,27.070665256212628,-28.478524760287932,5.106641649352747,-25.746257142072604,27.144604135175555
7.936515389403407,2,-4.027960222592116,-17.958948157567473,-20.013799138437985,10.162732218307955,-39.631462337430754,-3.6562449448030723,28.498364719490166,-24.362416694368342,9.51654300427632,-28.95573026952772,29.603888348752072
7.213354941181736,0,-4.766876604295893,-19.048651440538126,-20.06056619154734,5.596805308865342,-29.33998335213529,-7.62088332010086,28.332972009347703,-16.632824726089435,13.864684619105256,-25.016668231838317,27.366597775407925
6.978563614358321,2,-4.592573903157672,-17.665156969475156,-17.783047030879818,11.229992427391302,-40.83823145703799,-4.5904647640538165,30.220578395289397,-24.633346452922474,14.62258698016691,-29.75190800301283,27.019561429670578
7.626667265758904,2,0.905767980780305,-14.13798569758788,-18.92204167328287,13.488396439047262,-34.633690980513975,4.860800096968347,25.87427677320325,-43.626765614000846,-3.9776586106312215,-20.071627687285627,22.40347977521662
9.053897802502192,2,-2.2981603158808697,-20.641541059577595,-21.293632435305003,11.392158341850056,-37.551845005849536,-0.3287162412403849,26.990580787036638,-30.23408448596023,3.3723908025094844,-25.566508596146797,30.249581912587647
8.068531692761965,2,-2.200303052296786,-18.019435229848316,-18.371098349239507,13.862957904759453,-39.82654643007598,1.5779603075352802,27.044369861475136,-34.12208249225197,1.927552204469672,-24.994100802146207,28.897406805309917
7.876200503015786,0,-0.38403601715382707,-16.74356467767279,-20.254948937830854,11.134624373566664,-33.280232273474105,-0.03734575024029779,24.078333956554246,-31.182049224414357,0.11730292259065034,-20.270409432515685,23.524672782576367
7.6461832520068,0,-0.8932413339219074,-15.456642606659056,-21.12969440585562,8.688285790241089,-31.32507826538488,-1.046638363403347,26.046905436208156,-29.363125734920423,1.5588941277800998,-19.825770865143344,24.157681158751345
7.050564908689113,1,-2.2858864573961113,-15.683049045787389,-16.983339406623674,9.842777720862616,-36.065483566844804,-3.3225928611238187,28.348324507369824,-25.200709314249906,8.456842310086547,-25.464163129374725,24.12782242617782
8.486915323802558,0,7.509578804982258,-11.379794698921112,-23.390485926327585,16.064509704233224,-25.29450681277949,14.271652851603713,18.534643131722646,-51.57612414951082,-16.39020864576281,-7.008416690393215,12.77055101619318
9.108974485486112,1,-6.9649849344269255,-24.745239689337613,-20.582943225163298,8.065132237342889,-36.005160485500824,-6.653001741698993,30.009055329829597,-16.234654756643454,11.732272932718605,-27.946022714077536,36.23893182000571
7.374454201759592,2,7.426097623179284,-10.83533297669482,-19.89658710684662,16.094992800604153,-29.75170533392592,12.918807827133714,22.426192045997006,-54.480684406250035,-12.645307286903396,-10.828991304982862,13.231612347212875
7.426727646256181,0,0.8191746160102884,-12.346022815722069,-20.18862236785103,10.677890687973791,-32.96858186571932,1.3069659754275456,23.94296381907833,-33.44370186986455,-1.2503910179197546,-18.844561117886542,19.067213018413533
7.5493899291472655,1,0.33588033448281385,-14.65815684507448,-18.64070968247451,12.87034324729801,-35.02315787567506,3.3645070990217976,24.959593306517778,-36.8168477750311,-4.814166947020292,-21.869111197146516,25.12080854483906
8.76852866942711,1,1.3089088557818171,-15.920773611897513,-21.59966726644681,13.795748047698112,-32.947852861685064,5.378342209027124,22.689003224844956,-40.493474646330085,-9.251842361913932,-16.633112481269414,26.76715979035197
7.736462389313678,1,1.8934907314013518,-15.148860690911512,-19.59824545395064,13.162233695503968,-34.81037924858633,4.322074921777447,23.67311329563581,-40.317176041348,-4.041905060504167,-19.552016973363727,21.623229622786535
8.017391243191987,0,5.781584967790832,-11.232010646101621,-22.35180159915011,15.861579370545009,-29.390402326731518,9.89914080254142,20.566448116280505,-50.663130148071694,-16.881284821519223,-9.031934252460868,15.363221834761697
7.124919421106089,1,4.7856822914152914,-9.113015532819368,-18.10172030907859,15.698220168571769,-31.31648784472995,8.504593238615843,22.189013926276576,-48.97037061802633,-11.604161240715941,-12.742249968866327,17.251022236911645
8.85040607525809,1,-0.7058494982407624,-19.348748413077924,-22.611053647503308,13.292558682457395,-34.018843628096114,1.5329842018009203,24.08549556897927,-32.75453008914761,-1.7672631320807979,-19.117352927495958,28.981677807966413
8.169629626700933,2,5.97567260941644,-13.091712593924242,-20.31030209016065,18.39443267872712,-30.673890504614786,13.85949483658755,21.172857565114754,-51.65079019122434,-15.172231494174518,-12.576905130593156,18.19837783238221
8.380292269616266,0,2.2507717412864623,-16.61187850887139,-21.540950017269832,13.893584903433872,-30.95860304446315,4.730676425989187,21.397490847972048,-41.07684942283784,-7.786687046311016,-13.833009963819883,21.907314662706018
7.672119337014007,0,4.813978566168265,-11.416356167659153,-20.709425983984556,12.838598945456567,-30.875931990570344,10.385530679117608,20.286352982468763,-50.11083154686307,-16.222992760324107,-11.86996303278353,18.340519463454644
8.151178139928431,1,-1.746714165744872,-18.636178191545362,-22.374002395777236,12.945356847305291,-34.958261983042476,-1.6049002295518593,26.04964995399824,-28.95885499698758,5.381338930618763,-21.745415900004254,26.336013017904126
9.130380506708763,2,-0.9572099286070783,-20.353922607741588,-22.58020545816457,15.08391196215279,-36.40453251794536,3.983251763315973,25.216975058533453,-36.610970492383146,-6.620059264289541,-20.3230529984858,33.6122719236468
9.308793848816602,1,7.349040106547446,-14.25855324806999,-24.348726885007284,16.83741741793755,-26.392150873772543,15.473939467467194,20.17103787372944,-50.606790479167515,-16.974288969394173,-6.451401876429616,16.70952852420911
7.518784692491337,1,0.7255755853653525,-13.75293502436732,-19.307351798929055,15.243553256528584,-35.205279511282235,3.942773104638458,24.445931221273604,-39.15386107271257,-4.504506013758974,-19.893460743166344,23.671177241199644
7.039202435042599,1,0.8214843031479138,-13.90663754465884,-18.519153552145404,12.897837208728124,-35.688860451767525,3.8231943047998325,26.52734184670356,-39.35291432739798,-3.936550438439663,-20.680887090653457,20.117953625738785
7.7928107675512654,2,-4.479356803492237,-21.622531903879008,-18.15327528374301,10.327802599589884,-39.85484569231082,-3.9716446390095475,28.114387698451075,-25.1454442402982,10.92969437014348,-28.37138404477672,30.84608985837181
7.74008311714389,0,-0.12770457588926964,-16.230002255766443,-18.805076155441572,10.277572813560631,-33.47439074324552,-0.9200236799645873,22.363785962103986,-29.12128327636422,2.564227637970835,-20.51360899707537,21.261861902304506
8.827731528980843,1,-3.9131406889411444,-21.303690855544254,-20.48500917413664,9.338718037457971,-35.4344408183934,-1.9482081118807737,25.880531380303793,-24.89886097815578,4.101538734273995,-24.27313111241294,30.26233317689927
8.12080299838315,2,8.483344226547349,-8.643218828765827,-22.788978636944833,17.056252942638295,-28.75780641103199,15.982642718784902,20.419516506990714,-53.38240746421544,-10.006537493553306,-9.995069139295454,13.405557321985809
7.687093282045923,1,-3.7857997104813377,-20.205615691343567,-19.925073090593163,10.652641452955681,-37.62260669686138,-4.026182249726517,28.45530291762154,-24.286448636735862,7.365394452474211,-26.28500122155114,27.3552871074754
6.710546847847994,2,2.1422007028406274,-12.282187200403708,-18.495761894451505,14.997455609483268,-34.6822150294542,4.1170977145761425,27.26047820512344,-44.30715232919471,-1.703011915878325,-21.377980766825598,18.598579709979415
7.06205850360061,0,-2.900917742754699,-16.077959132775188,-18.759645790629662,8.107455592216633,-29.736088999134203,-2.7959708568364134,30.746315399560043,-25.992794180539168,3.8550218178942526,-25.656648994430956,25.410467107368213
7.888083549291748,2,-4.376717251689397,-19.505413982177874,-19.333784006240972,10.519886598466234,-39.92624925545726,-2.8156567284998144,28.476682773454385,-24.940627038104946,9.650681286522097,-27.274179825259672,28.17852515397393
8.023858359230879,1,3.9418108154268188,-14.362631649726682,-22.384252759606643,14.632372269039601,-31.273143640651558,7.362609607759688,22.058633715129147,-46.93298832090898,-10.114409473529529,-13.70055871999284,21.915853736483704
7.526727281784047,1,1.670444552426455,-13.029356349273414,-19.520011980999907,14.369208496257922,-32.661146732928344,2.785426982280743,24.788841558037284,-37.91329665097153,-0.1255163863437061,-20.53225492518918,19.220676080468188
6.835787584494602,2,1.1296785262364586,-12.497108549847725,-17.779530275282596,11.416147942073856,-37.50933260337511,4.104128724329992,28.778662680290555,-43.092685129422854,-3.073577738680302,-23.32728876539254,21.975051808657682
8.379654326122132,0,-0.2741277963436133,-17.78289390408127,-20.68364348829469,12.429764907849757,-33.98537665218267,0.8760194596121949,22.84886960636018,-30.783708757809908,-0.9448923529048574,-18.42703724759683,24.015282921642548
7.09051221955217,0,-8.44074496161009,-21.69623068319888,-18.24108631075326,4.5876147795102,-31.869226718376375,-12.317828189275449,32.30310135867125,-10.320003346741627,18.719233794536322,-29.373611710755004,33.06245192655941
7.826864674312488,2,-3.068379891996507,-18.21380319113104,-19.207889150740794,9.51630767320308,-37.00339534888674,-3.2179429586605277,27.949483408391167,-26.266205648572733,9.231770991414969,-26.23074837384304,27.81322121692003
8.098543849481151,2,2.226227655605427,-13.480345770165357,-19.88327163883838,16.068426402171333,-35.36238769803023,6.006471139705983,24.111039345884688,-43.47830739200298,-6.792817457676841,-18.26760982519065,25.25523288286012
8.640474799097442,0,-0.9941763238190215,-17.571599711244982,-20.487068987421285,11.624755181437937,-33.19925878502549,1.9164416145371985,22.479394542692546,-31.41999640232575,-2.564897724998857,-20.22826518982418,27.353981224535175
6.41861130186787,0,1.090469887231142,-13.541148359932004,-15.934844521196467,11.597952629242046,-34.19488101514867,-0.09898352216040296,26.669283054726936,-31.553203307713044,2.1430745534511573,-21.16565961354651,16.910362552494956
8.453244615929028,0,-8.126006823794626,-23.50861349639634,-19.711340084572804,5.346526626573548,-31.88829935325868,-8.751300644796858,29.313070289681036,-9.280698554700292,14.92420301299721,-25.301451766092036,34.84831984126631
9.007586541247969,0,3.7213254505667743,-16.835620472194943,-22.310796596977074,14.884239340789287,-29.66715341013041,6.995039764284677,19.996137608847363,-42.06044472724346,-12.971507838297006,-12.423113937582016,20.566724876240624
6.985094622074778,1,3.0056039204227987,-11.89861981178506,-18.351916668220422,12.71082668627717,-31.281365727264863,4.628267535865939,23.594813469479863,-43.32498326006765,-4.652764761760548,-18.55369708586214,18.451493608865114
8.194901922186698,2,-5.974860104123561,-22.043730495445228,-21.99358330689673,9.233558464880836,-40.79513065634467,-7.857464105831172,30.23670534598641,-16.207388779048912,16.576951580215695,-29.89174369374723,32.31024196239342
7.920959328561886,2,7.656849062487792,-9.27671961832603,-23.526489407274703,18.22146147263668,-28.44597833158411,15.110531907491461,19.619850687745963,-55.16535590553113,-13.111438849332599,-10.491189426866686,15.410672542379764
7.836750379295641,2,1.314472016222141,-15.867805377919534,-19.25359050831977,13.705407121559691,-35.494633312901726,4.550953951948131,23.690429881675822,-41.33773725362577,-3.896553360059069,-19.925670458908634,24.839582219703267
7.121151969497691,1,8.618641807015749,-8.461604307083256,-20.437496440946017,16.816474010608438,-28.645628690491627,15.82053964123598,18.457883012745224,-51.92405011282414,-13.198239184638014,-10.404026321375389,12.152650637099354
8.232929369550146,0,-4.908712076925301,-19.80916008953633,-20.480781674417727,7.968650725804129,-32.97690918557055,-6.470155710323106,28.936355278576738,-17.014373184465438,12.637196841008716,-23.35688680429293,28.136698611229434
8.039255026840681,1,4.688936510119124,-12.328437036205013,-18.78582686934677,14.704168107703854,-31.610788149912327,9.434874755930812,20.420512574004533,-49.26034534548694,-16.319443653932947,-12.850331750506351,19.933190306310195
6.649794985268835,0,1.3650187129596987,-12.060113898628032,-16.662079343470865,10.232326412349801,-34.91824782527942,1.7667872231073218,24.70293367368394,-37.451449069727396,-1.1857394716998164,-19.579847603184184,19.8174758028997
7.896278064263052,2,3.8280874075963154,-12.5822824381293,-21.17718657453708,14.31734295249707,-33.33947228027234,8.552091634982277,23.881023485990536,-48.29316299721908,-10.462597024316082,-15.859963234580071,21.816901289833904
6.8658462596352985,2,8.317246897720164,-7.816175122189067,-19.45980654866943,16.52806050507263,-30.065333106640566,14.44860039587551,18.182499398723305,-53.9643036979376,-11.17872034523373,-11.42345814331009,10.977564934098986
8.407027357250907,2,2.9039965634855256,-15.993982690385186,-21.3780920347443,16.582213451794324,-32.19977740550266,9.209164960940601,22.706378038956146,-49.72030166959342,-12.13450941814196,-17.085721469876265,23.45775560368787
7.970181290020084,2,-1.266426636557226,-18.347332911064758,-20.74277047871673,10.900182937486113,-38.2362161508513,1.2777975687023289,27.795860406446593,-31.963289313141768,2.1686786232680206,-23.367959734292235,27.2150151240997
