c,d,e,a,b
0,0,1,4.213453537936493,2
2,1,2,0.2812466296713687,2
2,2,1,0.10714041211602876,0
2,2,2,-1.0666137253947203,2
0,0,1,5.71907429646538,0
2,1,0,1.4422283330977772,1
2,0,2,4.881904341305223,2
0,2,2,3.24439378780293,2
2,0,0,1.320291869188286,2
1,2,0,0.408312119434157,1
0,2,1,1.2670148338855352,2
1,0,2,6.0437332355009215,2
0,2,1,2.2677798795457482,2
1,0,0,3.278325645275105,0
2,1,1,0.7742586172538206,2
1,1,1,1.7028055461203069,2
1,1,1,0.9982889383397884,2
2,1,0,0.6581603821894495,0
0,2,1,1.8071360240700625,0
0,0,1,6.953742638623639,2
0,2,1,2.714763377110002,0
1,2,2,-0.2386032415835313,2
2,0,0,2.0994625510161553,0
1,1,1,2.1838753736936893,1
1,2,2,2.755142305718499,2
2,2,2,-0.5816160344411672,0
1,0,0,3.881397301909052,2
1,1,2,5.700218548178845,2
0,1,1,2.0651601167227858,1
0,1,0,2.455533745627527,0
2,2,0,-2.0773027645723263,2
2,1,1,1.8272776795777586,2
0,2,1,2.942826090530046,1
1,0,0,2.310952752369915,0
2,0,2,4.389502890819311,2
0,2,2,4.366121492755738,2
2,1,2,1.5423296456932574,2
0,1,2,5.437512488108539,0
0,0,1,5.626120661814597,2
2,2,0,-2.23288948684637,1
2,0,1,0.9075082865948778,2
0,1,1,4.689572950278388,2
2,0,1,2.7531084990831554,0
1,1,1,3.300869879299783,2
1,0,1,5.330557449097627,2
1,1,0,1.9832536196819015,2
2,2,0,-1.3739249623838492,2
1,1,2,4.740944764742387,1
0,2,2,5.02536264205867,2
0,1,2,4.982504312813987,2
2,0,2,2.427910019588107,1
1,0,0,3.0298244026674297,2
1,2,0,-0.6144343061117286,1
2,1,1,1.8000005265686119,2
0,1,1,4.3358395690537055,2
0,2,2,3.2083718638392713,1
2,0,2,5.305085707858766,1
2,0,1,2.729934717304536,1
1,1,2,2.5217946678957075,2
2,0,1,0.8142167506290443,2
2,1,2,1.7753502269696066,2
0,0,1,8.085676131264298,2
2,2,0,-2.258154482479003,2
1,2,0,-1.2284059588373655,0
0,2,1,2.2523537230216624,2
2,1,2,0.7234747282587568,2
0,1,0,4.319882135594698,2
1,1,1,1.3478893957105569,2
0,1,1,2.992643331678325,0
0,1,1,3.545798753551948,1
1,0,1,5.735815443736448,1
2,1,1,2.0884034770673283,2
2,0,0,2.213204817126924,0
1,2,2,2.53038292390736,0
1,0,2,3.8106452877302797,0
1,0,0,4.566106718639265,2
2,0,0,1.9920155311631342,2
0,0,2,6.750791083390459,2
2,1,2,1.3410691513929127,2
0,1,2,5.908706590296059,0
0,0,0,3.3872594729337884,2
1,2,0,-1.1122030459037937,2
2,1,1,2.9400913060566314,2
0,2,2,2.997513993713797,0
1,0,2,5.982364205042455,0
2,1,2,2.269013732226372,2
1,1,2,5.222079593125948,2
2,2,2,-0.0633225466297036,2
1,0,2,6.76984931810904,2
2,2,1,0.28162468531526774,0
0,0,0,5.20633181240041,2
1,2,2,1.7811419144473235,2
0,2,0,1.6991971390346174,2
1,1,1,1.7983448186744706,2
0,0,2,5.04135430060899,2
1,1,2,4.548258079011915,1
1,0,2,4.874666778381038,2
1,2,0,-0.7097912728872601,2
0,1,1,4.335841220862232,0
0,0,2,8.714989498332256,1
0,2,0,-0.46374141915014544,2
0,0,2,8.508222183159798,2
0,0,1,6.294155355931273,0
0,1,0,2.330119565528979,2
2,1,1,0.7473301696329774,1
2,0,0,1.6294593239929982,0
2,0,2,5.256225817243075,0
0,0,1,6.351388835425773,0
2,0,2,3.374587229906132,2
0,1,2,4.503000789347949,0
2,2,1,-0.8686229067833017,2
0,0,0,3.2261714461514623,2
0,0,0,6.615371437885646,2
1,0,1,6.202938564796952,2
2,1,1,0.8926603155665439,2
1,2,1,1.4067179762856408,2
1,2,1,-1.145244440421828,0
0,1,2,8.182360748192654,2
2,2,2,-0.625364766133673,2
2,2,2,-0.8320446241912876,0
0,0,1,8.850753969757209,1
2,2,1,-1.1161217634085892,0
0,2,2,4.443127565008039,1
0,1,2,4.4952497874928765,2
2,2,1,-0.6892748772709272,2
2,2,0,-1.3718666732099085,2
1,0,0,3.687011716205821,2
1,1,1,2.7707312972675844,2
1,0,1,4.682354856224357,0
2,1,0,0.10623235644163082,2
2,0,0,2.3617254226269626,1
1,1,1,4.218192624833055,0
0,0,0,4.233111812995802,0
0,1,1,3.937949416268749,2
1,2,2,1.4899754254429578,2
1,1,0,1.045829534234612,2
2,1,0,-0.4126811490619137,2
1,1,0,1.636220647962269,0
1,0,0,2.8349166185080183,2
0,1,0,4.894924116087237,2
2,0,2,5.0622869349204604,1
0,2,1,2.706423194269768,2
2,2,0,-1.2354124976610434,0
2,1,2,2.3332166812612494,2
0,2,1,3.843987221960343,0
1,1,2,2.980810063962727,2
2,2,0,-3.168241943061135,2
0,2,2,4.102465738203772,1
1,0,1,4.706774386905565,2
0,0,0,4.367069274187171,2
0,1,0,2.0339242476927297,1
1,1,2,3.33929725939237,0
0,2,0,2.9933288844022985,2
0,0,0,5.425678959198201,0
2,2,2,-1.9176864379859122,2
2,1,1,1.7647708501206492,2
2,2,1,0.13043886680645267,0
1,0,0,4.051110965682533,2
0,1,2,4.887190435486937,2
2,1,2,2.8673544975318,2
2,0,2,5.613301481546781,0
1,2,1,0.950279985721355,0
0,2,1,1.769725614225914,2
2,2,1,-0.8736217364322498,2
0,2,1,3.0349532199372673,0
0,0,0,3.5625306364959832,2
0,1,0,3.545164971972455,0
2,0,1,2.077635279053781,2
0,1,1,4.139761945328701,1
0,0,1,5.415832977621452,2
1,1,0,1.329713966197491,0
2,0,0,0.519128063610609,2
0,0,0,4.13936031667752,2
1,2,2,1.9758572562042114,2
1,2,2,0.8598224949624174,2
1,2,1,-0.3914970610241477,0
2,1,1,2.4093704205191795,2
0,0,0,5.119662163325639,2
1,0,0,3.078222757114759,0
2,1,0,-0.17892217174876632,0
1,1,1,2.1448599124022394,0
2,0,1,3.5233396539790545,2
2,1,2,2.6765269882969407,2
2,0,1,2.139104698128139,0
2,2,2,0.3090599649442574,2
1,2,2,2.014883172028882,2
0,1,1,4.238513051509609,2
1,2,2,0.6221979898193797,2
1,1,2,4.58290608804071,2
2,1,1,0.8700261770570079,0
1,1,1,3.1067900149120895,0
1,0,1,3.95584873073603,2
0,0,2,5.999633469340861,2
1,2,0,-2.285240281427721,0
0,1,0,0.6011422837731457,2
1,1,2,2.997960287210775,2
0,0,1,6.32443573084295,2
1,1,1,4.157925629352453,1
0,1,0,2.530647538932333,2
2,2,0,-3.497075253832372,2
2,2,1,-0.6751832338116842,0
0,0,1,5.790088660595716,2
2,1,2,2.852835541885196,2
0,0,2,6.053553279628078,2
2,2,1,-0.6888590294816043,1
2,0,1,2.214334749792563,1
2,2,2,1.3887634628948984,0
1,0,0,2.423533324918882,2
2,1,1,1.2821638004903406,0
0,0,0,4.98169754147356,2
0,0,1,7.2768215602754776,2
0,2,1,1.8725621449623766,0
1,1,1,2.0831138868567494,2
0,2,1,1.1115491206058787,2
1,1,0,-0.5141881117976077,0
0,1,2,5.620349543319213,2
0,1,2,6.0460461277465445,1
2,0,2,5.255873169575713,2
0,0,0,5.019573380096642,1
1,0,2,8.463417462701019,0
2,2,2,2.0644454317614973,2
2,2,0,-1.46689269239717,2
1,0,0,3.629857120168409,2
2,0,0,2.3625943738307167,2
2,1,0,-1.4503937720136704,0
2,0,1,3.207493102947034,2
2,2,2,0.15408792910352265,1
1,2,2,1.8583148253805528,2
0,0,2,7.23743586549668,0
2,0,0,1.867098761368602,1
2,0,1,2.114754145403311,2
1,2,0,-1.5978699425928256,0
1,2,1,-0.19038658061653013,0
1,0,0,4.071780650340839,2
1,1,1,2.1630960225943707,1
0,2,0,-0.1088816227571957,0
2,1,1,2.0884722349247262,2
1,1,1,2.811289382582,0
0,1,1,4.169494373405242,2
1,0,0,3.1936785072199894,2
2,2,1,-2.5641656957932986,0
0,1,2,4.596575765216452,0
0,2,1,0.9445569286764051,2
2,1,1,0.021622271802652415,2
1,0,0,3.2640352800755417,0
1,2,0,1.8854001029126284,0
1,1,0,2.4626941509860285,2
2,1,1,2.5095752098760626,2
0,2,2,2.3215562118271222,2
1,2,2,3.063476987338419,0
1,0,2,5.7774731468773854,0
1,2,0,-1.732770684486341,2
2,1,1,0.3668804920795571,0
0,2,1,2.8948501191225042,0
1,2,0,2.4667258026699375,2
2,2,1,-0.8752026437141478,0
0,1,0,2.5715364095517343,2
2,2,2,1.5619154701056766,1
1,1,0,0.5157258859237298,2
1,2,0,0.280781625138542,2
0,2,2,4.653815007666339,2
0,2,1,3.6924416575536565,2
1,0,2,5.900646287528964,1
0,2,0,0.44640998582124924,0
2,2,0,-3.6513427483454923,2
1,2,0,1.2411528971965906,2
0,0,0,2.1825971703054283,0
2,0,2,4.582885591470237,1
2,1,0,0.0061582614999847185,2
0,1,1,3.90812830470252,0
2,2,2,1.7408586119563272,0
0,0,1,8.270666711912888,2
1,0,0,3.194292264015009,1
1,1,1,3.459852959936292,1
0,2,1,3.102926219035682,1
1,1,0,1.1478515325624281,0
0,0,0,4.819488484561782,2
0,0,0,4.861363574734741,0
1,2,0,-1.2978167528544406,2
0,2,1,2.9614003831817173,2
2,1,0,0.5616632326257895,2
2,1,1,0.9160080205101911,0
0,0,1,7.235824154750455,2
2,2,0,-3.5661174447772375,2
2,0,0,0.3236954340163394,0
2,0,0,3.208912305973636,2
0,1,2,4.2916103518122135,0
2,0,2,5.3907887288971015,2
1,1,1,1.5574508880264917,0
2,2,1,-0.209190964219657,0
0,0,0,4.895308940920009,1
2,2,1,-1.042240655359992,1
2,0,2,4.303244639697577,2
1,1,0,0.9734304990096349,2
0,0,2,5.608623559389294,2
0,0,2,7.944363772089199,1
2,1,0,-1.247890572536279,0
1,2,2,3.3973673441029093,2
2,0,0,2.504268614549127,1
2,0,1,1.9887935093773406,2
2,1,2,3.5040107085538263,0
2,0,2,4.184167493239577,0
1,1,2,1.7178796872702264,1
2,2,2,1.2342193792242524,2
0,2,1,1.758274835785733,0
1,0,2,5.158872698727833,2
2,2,0,-1.800858557379466,0
2,1,1,1.9796137398174811,1
1,1,0,1.0952092607365187,2
2,2,0,-2.0256782469377694,2
0,1,0,0.8061711065579678,0
0,1,0,2.553893035278376,2
0,0,2,6.782855969561849,2
2,0,2,4.074624504153911,2
0,0,2,8.19461926466806,2
0,2,2,4.077884567908948,2
2,1,2,3.458495716327051,2
0,2,2,2.5075820361131447,2
2,1,0,-1.4257850001119488,2
1,1,1,3.229146613169499,2
0,1,2,4.660952390021385,1
1,0,2,6.941124229460206,2
1,0,2,4.485000962897488,0
2,2,1,-0.5544825826943611,2
1,1,2,4.101301494991906,2
2,2,1,-3.534163906002582,0
2,2,0,-2.165785967704623,0
1,1,1,3.694599488404653,2
2,2,0,-2.067144250748917,0
2,1,0,-0.04412030303669778,0
1,0,0,3.33919562748403,2
1,0,2,5.637474603962048,2
0,1,2,5.55732896538895,0
2,1,2,1.4751661765829682,0
0,0,0,5.230657631893428,2
1,2,0,-0.6253740553147126,2
1,0,1,3.8035771491345853,1
0,2,0,0.027781882720218087,1
1,1,2,3.697131394614094,2
2,0,1,2.8762571863631314,2
0,2,1,0.8784161822468686,2
0,1,2,4.763223570374827,2
2,1,0,2.3402977893425123,2
2,0,2,4.817304382402229,2
1,0,0,2.508313412351921,0
0,2,0,0.11746833758839215,0
2,2,2,-0.4978916867190095,2
2,0,0,1.1927887270004063,0
1,2,1,0.7239233704357727,2
1,1,2,4.372987114523802,1
1,1,2,5.462516689344511,2
0,1,2,6.06663316938188,2
1,1,2,1.7610678182255244,2
0,2,0,-0.7985999621011877,0
0,1,1,2.0977828169196613,0
0,0,1,5.294132397284901,2
2,1,0,-0.14917756006091323,2
2,0,1,2.9509664291505393,2
2,1,0,-2.506568394792327,2
1,0,1,4.565982291667791,2
1,0,0,0.8323309837968056,2
1,0,2,5.782582261660856,1
1,2,0,-0.1125204509607105,1
0,2,0,1.0153643240704706,2
0,1,2,6.271733142387029,2
2,1,2,1.5640614834635707,1
0,2,0,0.2158305275957526,1
0,0,1,5.333968819864622,2
2,1,1,0.8394907531146352,0
1,1,0,-0.4563117368733438,2
0,0,0,5.113011475492011,2
2,2,0,-0.7494620008625721,2
1,1,1,2.607458483516624,2
2,0,1,1.9735954427310336,0
2,2,2,0.20026884989987104,2
1,1,0,-0.0068880052018820415,2
0,2,0,0.7444244483788685,2
0,1,2,4.033117064304467,2
1,1,2,3.586011551108348,2
0,1,2,5.043063408239392,0
1,2,1,-1.9374370039223838,2
0,0,2,8.877453323598026,2
0,2,1,3.8708494021461917,1
1,2,0,-1.0361413217843511,2
2,2,1,0.48549445891087384,2
0,2,0,1.109178528088619,0
0,2,0,1.3980095635941863,2
0,1,2,6.054173925572771,2
1,2,0,-2.3459232533507137,0
2,1,0,0.13611287277947592,2
0,2,1,2.137690167664051,2
0,1,2,6.402003828332699,1
0,1,2,6.836034775486417,2
0,2,1,1.577170669676476,1
2,1,2,0.46056249927207404,2
2,0,2,3.8224754596487354,2
2,1,1,-0.9174345093986367,2
0,1,0,3.4274851541206983,2
2,2,2,0.13791133839648145,2
2,0,2,5.5041018526433705,2
1,2,2,1.5467526451914957,2
1,1,1,4.335877025652657,0
0,0,2,5.09868373839066,2
2,0,2,4.582488955937392,0
2,2,0,-2.9426713321090885,0
2,2,0,-2.46001320934878,2
1,2,1,2.4171745064239536,0
0,1,1,3.30189312627062,2
2,0,1,2.959206709072205,0
1,0,2,5.738716333154601,1
0,1,2,6.413018085032782,2
1,1,0,0.609578631236508,2
1,0,0,2.437264709095888,2
2,1,2,1.0302638897954228,2
2,0,2,4.708969114588656,1
0,2,2,4.076849799148418,2
0,2,0,-1.8268417323018231,2
1,0,0,2.417565641399614,0
0,1,2,5.724724276956511,2
0,1,2,4.989375566130556,0
1,1,1,2.2778477428856583,1
0,2,1,1.2482061094940664,2
1,1,0,2.1047499580513107,0
1,1,0,4.1996256302965485,0
0,2,0,0.044115868555589466,2
2,2,2,-0.23037746409586124,2
1,0,2,5.460047511581712,2
1,2,1,1.6530877272261568,2
0,0,0,5.999410798328789,1
1,0,2,6.0595922160345435,2
2,0,0,1.7029453634216043,2
1,1,2,4.9631893418625435,1
1,1,1,1.798373313465885,2
2,2,0,-1.5406599647126027,2
0,1,1,3.0385736774646457,2
1,0,2,5.539429174151326,2
0,1,0,3.901730289630859,2
0,0,1,5.189864426881893,2
2,2,2,0.014097331996671014,0
0,1,0,1.3806854147133414,0
1,2,1,-1.1228957204105696,0
0,0,2,8.035013156792834,2
0,1,2,4.6130929522523045,0
1,0,1,4.91697536941678,2
0,2,0,0.46611829548678596,1
2,2,2,-0.19225877755447618,2
2,2,1,0.3485506160527547,0
0,1,0,1.7651257050090203,2
1,0,0,3.5751456588203925,2
0,2,1,0.7117596845687717,2
1,2,2,1.8098062399652957,0
0,1,2,5.497788222443697,2
0,2,2,4.637820031116676,2
1,1,0,1.067252991576205,2
0,2,1,2.2231702476222726,1
2,1,0,1.013186776190678,2
1,0,1,3.9650551485942005,2
0,2,1,3.2432248414474696,2
0,1,1,5.5410025233644165,0
1,2,0,-0.06236831071886828,2
0,1,1,4.367663317434515,2
1,2,0,-0.5277749449183987,2
2,1,0,0.5264139031749374,1
2,0,1,2.1345017626274796,2
0,2,2,2.698328249246729,2
2,1,2,1.2198569231027712,2
2,2,0,-2.9375898006166,1
1,0,2,5.300008178733761,0
0,2,2,5.240146097615348,0
0,2,2,4.023010735747005,0
1,1,2,4.326066105805328,0
2,1,1,0.36629162935186776,1
2,0,1,3.8993544773575204,1
1,1,2,4.405509085468609,2
1,0,1,4.538662212497809,0
2,1,0,-0.7871504438324977,1
1,2,0,-1.7364723177614976,2
1,2,2,2.2435851913284024,2
0,2,0,0.7482842061240236,1
2,1,1,0.0883980777482366,2
0,2,1,2.16464870441417,0
2,2,0,-2.3837494482766513,2
2,0,0,2.46015290591363,2
1,2,1,-0.23360356076451605,2
2,1,2,1.811685652962713,0
1,2,1,-0.04820739189473844,2
0,2,1,2.599878770136728,0
0,1,0,3.162288747272066,0
0,2,0,-0.493033240976831,2
1,2,1,0.4585340224578741,2
2,0,0,1.1707708514470772,2
0,2,0,1.112525589918748,0
0,0,2,6.21536614074435,2
0,1,2,5.781293885664022,2
0,1,0,3.0645580308951956,1
2,1,2,1.5289273291156666,0
2,1,0,1.3582754004906716,0
0,1,2,4.56041583625712,0
1,0,0,2.967742702215382,2
1,1,1,3.219470500463294,2
1,0,2,6.210440595470804,2
1,2,0,-1.881770834113308,2
1,0,2,5.857896907340524,2
1,2,2,0.819744414631568,0
0,2,0,0.5728231416240492,0
2,0,0,0.08375548170942149,0
2,1,0,1.5410489723597502,2
0,0,1,7.5572587953992105,2
0,2,0,1.1659766119897466,2
2,2,2,-0.6297215737635065,1
2,2,1,-1.5575765046672423,0
1,2,2,4.733760713191835,0
2,0,0,1.2066877199643906,2
0,2,1,1.577355303710681,2
2,0,0,2.7999290262957732,0
0,2,1,0.447699091710968,2
0,1,1,1.9116538429774002,2
0,0,0,5.2139300044487555,2
2,2,2,-1.0941151369042088,2
0,2,0,1.2286198450816608,0
2,1,0,0.7344439341829019,2
1,0,0,2.7556484638484378,2
0,2,0,2.3929799935291944,1
1,1,1,1.8165405829489865,2
1,1,1,1.1515713428169854,1
0,0,2,7.087751563336609,0
0,0,1,5.943815925967444,2
2,1,0,-1.2998841356100328,2
1,2,2,3.128759886004334,0
2,1,1,-0.4024683763835877,0
0,2,2,3.786482146374252,2
2,1,1,2.8064557850006127,0
0,1,0,3.7940599287191787,1
0,1,1,5.40310722260486,2
1,0,2,7.0691545064907295,2
1,0,2,6.269787174456983,1
0,1,1,4.976039438750552,0
2,0,0,1.6490959867416033,0
1,0,2,2.7789594093480052,2
1,2,1,0.8117268965089699,2
1,1,2,1.3261707637835092,0
2,1,0,-2.000196188295635,2
2,1,1,0.9030739805746282,1
2,0,0,2.5679960754092788,2
0,2,2,2.077559820126717,1
0,0,0,2.2038678151904536,0
0,2,1,0.8945192607260937,2
2,1,0,-2.034620583593478,2
2,1,2,2.478278656117101,2
0,2,0,-0.8401929242475186,2
0,0,1,6.140636822638027,2
1,0,2,6.91158598240801,2
1,0,2,6.047643957483061,1
0,2,2,3.4815075834253335,1
0,1,2,6.714596258964817,2
2,1,2,2.777660491714003,2
0,0,1,6.481479882852746,2
0,2,1,2.605791030426122,0
1,1,1,-0.2343924696187134,0
2,1,2,1.5795856545554394,2
2,0,1,4.456200988796732,2
1,0,2,4.754973038671301,0
0,0,1,6.616183302182951,1
2,2,1,-1.5336241048132093,0
1,0,0,3.089346639444697,2
2,1,0,-2.033311211357737,0
0,1,2,4.2659965745069,2
0,1,0,2.6460096216148163,0
0,2,0,0.9771841317895343,0
2,2,2,-0.901078801985183,0
2,2,1,-2.6675983555764384,2
1,0,0,3.726604629025595,2
2,2,0,-1.5799865286760773,2
1,2,2,2.7129553190636106,1
0,2,1,3.675791972009776,2
2,2,0,-1.1104342636673559,2
2,0,1,3.620136638031737,2
2,0,0,2.332326973098238,0
1,1,1,2.5268448099153886,1
1,2,2,2.0448673141604945,2
1,2,2,2.6077332837341376,2
2,0,1,3.8429103030682352,2
2,1,0,1.5667313129631522,1
0,2,1,2.576373881711878,0
1,1,2,4.4730069310446,0
0,2,0,2.0419370443048406,0
1,0,1,4.702677202901479,0
1,2,1,-0.017970708967754212,0
1,1,2,3.736401314660444,0
0,1,2,5.382945577374684,2
2,0,1,2.3961421136271377,2
0,0,0,3.6341774541688503,2
1,2,0,0.34567756977783404,2
1,2,0,0.8187544371879167,2
0,1,2,4.4806952597993615,2
2,1,1,3.089490451747891,1
1,0,0,1.5113096948004021,2
2,2,0,-1.7070344078422903,2
0,1,2,5.890046101460369,0
1,1,0,0.3689363116948833,2
1,0,0,4.257811148047894,2
2,2,0,-2.2498534082836747,0
2,0,2,4.30985528152328,0
2,0,1,1.821375704204829,2
0,0,1,3.7016749276653207,1
0,0,1,4.780793521730975,2
0,0,2,8.380602477163572,2
2,2,0,-3.850481609039976,2
2,2,1,-1.486681883666862,2
0,0,2,6.687778285684181,1
0,1,1,2.617287110757616,0
0,0,1,5.695889802548785,0
0,0,2,7.327861357947848,2
2,2,2,0.5218912006387817,2
1,0,2,6.6975373519375285,2
1,1,2,4.350799450593279,0
1,0,1,6.462733300094797,2
2,0,2,5.825639737178111,0
0,1,1,4.318557194056224,1
0,0,1,6.27381367481504,2
0,2,2,3.4251008783265973,1
2,2,2,1.1516576651861876,2
2,2,2,0.1237111603751091,2
0,1,1,4.235246367043626,2
1,1,2,4.924872732817489,1
2,0,2,5.544066587524528,2
0,0,1,6.928381571047755,0
1,0,0,2.780091891915382,2
0,1,0,2.873134660084166,0
0,0,1,4.666696896565824,1
2,2,0,-4.06375479309592,2
0,1,0,2.8329526790616373,0
2,0,0,3.1605640465333993,2
0,0,0,2.107971633280872,1
2,0,1,1.7924812332122944,0
2,0,2,5.340736099401875,2
1,2,0,-0.11674169620441999,2
0,0,1,6.396211466462602,2
1,2,0,-0.43122288327488906,0
0,0,2,8.74251201294054,1
1,1,1,2.2124069044449257,2
0,0,0,4.510353496178319,1
0,2,1,1.5975084771500134,2
2,1,2,1.1598730630436966,1
0,2,0,2.9181054603418604,2
2,0,0,0.9232513354538602,0
2,1,1,-0.5616062073207415,2
0,1,0,3.330691667579901,2
0,1,2,3.127732958704525,2
0,1,0,2.8509439509834005,0
2,0,2,2.3886261457476503,2
1,1,0,1.0532136625637618,1
0,2,2,3.677812781054413,1
1,1,1,0.9164220800545937,2
1,0,2,6.354025316705791,2
2,2,0,-1.4295824201455614,2
2,1,0,0.1520106525889554,0
2,2,2,-0.9661509694552397,0
2,1,0,1.2084053242435056,0
1,0,0,2.948404222661633,2
0,0,1,7.471687481419606,2
1,2,2,2.295836926810117,2
0,0,0,6.03428911101473,2
0,0,1,6.6907004994248895,2
2,2,0,-3.1933932766259003,2
1,2,0,0.5319876137226645,0
2,2,1,-1.5066532884566493,2
0,0,0,3.8616603770815807,0
2,2,0,-3.3328475355628533,2
1,1,1,3.0237143322671685,2
2,0,2,4.589635316501871,2
1,1,2,4.185715079257276,1
1,2,2,-0.0030725411071672593,2
1,2,2,4.011151822747646,2
1,2,0,-0.08670061120989747,2
0,2,2,3.8984183817938773,0
0,2,1,2.1535883996195424,2
0,1,1,3.6479337665366414,2
0,2,1,2.6343468665642606,2
1,2,2,3.422865130417738,0
1,0,2,4.434712696502684,0
0,0,0,4.92701612884817,2
2,2,1,-1.086341995044621,0
2,0,2,4.703368236264048,2
1,0,2,4.4344065022168815,2
0,1,1,3.888124668044035,0
0,1,2,6.089341116566847,2
2,0,1,4.395668903878908,2
1,1,0,1.5224603400059342,2
2,0,1,4.6892687309685295,0
0,2,2,3.4377081905954654,0
2,1,0,0.10961391175734408,2
1,0,2,4.6067136294595326,2
2,0,0,2.0631197067173255,2
2,0,0,0.982999070916877,0
1,2,0,0.4738460642431588,2
1,1,0,-0.41962869860915686,0
2,2,1,-3.1286098252014227,0
2,0,1,0.9623406030036483,2
1,0,0,4.092855169954181,2
0,2,0,0.46763894358908187,0
0,1,2,5.541027052868006,1
2,2,0,-2.386166870296316,2
1,1,0,2.250221915857164,2
2,1,1,-0.4227982569250692,2
0,0,0,3.792097044943686,0
2,2,2,0.2524844931575951,2
1,2,2,2.8255672300249888,2
2,2,0,-2.686516310075171,2
2,1,1,1.4158297408063225,1
2,1,0,0.6069520940998914,0
1,2,0,-0.44899425883840377,0
0,0,2,6.92148991996135,1
2,0,0,1.9745614270083272,1
1,0,2,5.551792314836203,2
1,0,1,3.0899491153257657,0
1,1,0,0.7704640661160211,2
2,2,1,-2.13246770176074,0
1,0,0,4.217813351423536,1
2,2,0,-2.7120180782523153,2
1,2,0,-2.70179528716315,0
1,1,1,2.9638194825298663,2
2,2,0,-0.4621174187618342,2
2,2,2,-0.5248239794595734,2
0,0,1,6.633974102858367,2
0,1,1,2.399622622015671,2
2,2,2,0.059081357707265136,2
1,1,0,1.1002274302612798,1
2,1,1,0.9057266723790457,0
1,1,2,4.5656791776648475,2
0,1,2,5.827937203560998,0
0,2,0,1.779814114037637,1
1,1,0,1.9219818782012066,0
2,2,2,1.1473682202900939,1
2,2,2,-0.16866511862381106,2
0,2,2,3.099422173105932,0
1,1,1,1.5209345649012969,0
0,1,0,3.293827237668388,0
1,0,0,3.7798532919840677,2
0,0,0,4.878912655717391,0
1,1,0,1.51283919057265,0
0,0,2,5.498029610990691,2
2,0,0,2.1908475468621083,2
1,2,1,0.07375467494215904,2
1,2,1,1.3705682179037348,1
0,2,0,0.7667802860560589,1
1,2,0,0.035232351942458995,0
1,0,0,2.9049232662293383,2
1,0,0,3.5166490426248234,1
0,2,0,0.3514859199195242,0
1,1,0,2.5294615086528403,0
2,2,2,-0.36934665024078706,2
2,0,1,2.09000144129507,2
2,0,1,1.8071590890576679,1
1,2,0,-0.19323794431547536,2
2,2,2,0.26655085377270754,2
0,0,0,4.363908973498987,2
0,0,1,6.711723163797795,0
1,0,1,4.547698145398757,1
0,2,2,4.485058677381185,2
0,2,0,0.5429479732568017,1
1,2,0,0.5776809850619564,2
0,2,2,3.297055437691815,2
2,1,1,0.9261538087236679,0
2,1,2,4.343481234651039,2
1,0,2,4.906010096639103,2
0,2,1,2.478802936679521,2
1,1,2,2.4396412650500716,2
2,0,2,4.214704199087818,2
2,1,2,1.370334487436263,2
0,1,2,6.590937933405993,2
0,0,0,4.780281122943519,0
0,2,0,0.24185663909763533,2
1,1,1,2.3359585142164323,1
1,1,1,1.8308055520443558,2
0,2,0,1.6696650084567761,0
2,1,2,2.0850577670140935,2
0,2,1,2.558247672842393,2
2,2,1,-0.592001490384564,0
0,1,2,5.783214815298086,2
2,0,1,4.785016873792026,0
0,0,2,6.6227483890113525,2
0,0,0,4.688013800067619,2
0,1,1,2.438474709890783,0
2,2,0,-2.0504986709125923,2
0,1,1,3.7625725536995933,2
1,1,2,5.189384496389636,0
2,2,2,1.0013599526883445,2
0,0,1,5.1176495268573525,2
1,2,1,-0.17384008626440473,0
1,0,1,5.452732302121329,1
1,2,0,-1.22988324510444,0
0,1,0,2.0735215845998995,1
1,0,0,2.9743319714304555,0
1,2,1,1.1239552415970675,1
2,2,2,0.19683859028054118,2
1,0,2,5.801106085228521,1
1,0,1,3.957836415424918,1
0,0,0,3.158620715621903,0
2,1,1,-0.5837475918948842,2
0,2,2,1.8914223120799611,2
1,0,2,4.926798595341197,2
2,0,2,4.379488993143707,1
2,2,0,-1.855293290366617,2
1,2,0,-0.9456574422844662,2
0,0,0,6.532799409259063,2
1,0,1,3.859710886651998,2
1,2,0,-0.025366330333479015,1
2,2,0,-3.0367267920827583,0
1,2,0,-1.2189077260866106,2
1,2,1,1.0059495317782443,2
0,0,0,3.810592948549316,1
2,2,2,-0.9791914218194406,0
1,1,0,-0.6728811970609152,2
1,2,0,-2.318745262622668,2
2,2,1,-0.05602543328125764,1
0,0,1,5.8695158514836905,2
2,1,0,-0.9742856353695545,2
2,1,0,-0.9293192220015492,2
2,0,1,1.478433427790033,2
1,2,2,1.459594006723595,0
0,1,2,5.115003298536709,2
1,2,2,2.584076755640536,2
2,2,1,2.266025692963824,1
1,0,0,3.311136905046451,2
0,2,1,1.4546607242817855,2
1,2,1,1.125734343945312,0
2,0,1,3.2253022880772164,2
2,2,1,-1.9446835789105976,2
1,1,0,0.7254159637963353,2
0,1,0,2.558885656656694,2
1,2,0,-1.4669061697554437,1
0,1,2,5.238654444515595,0
2,0,1,4.063888577356563,2
0,2,0,1.898096960405251,2
2,2,1,-1.4746745092297728,0
1,0,0,2.916689571804384,2
0,1,1,4.039863613905449,2
0,2,2,3.25070964798066,2
0,2,2,3.733979779567288,2
2,0,1,1.383442308166942,2
1,1,1,2.5152856279288454,2
1,0,0,2.0826666854646687,2
2,0,0,2.0375557299988927,0
1,2,0,-1.2466359930020583,2
2,0,2,2.3580440433119447,0
0,2,0,1.148820309195751,0
2,0,1,1.7676532951162627,2
1,2,1,1.3610013711147113,2
0,2,1,0.5564991543222941,1
2,0,1,3.7118840211649786,2
2,2,1,-1.7835216368256561,0
1,2,0,1.8815378622604784,1
1,0,1,4.850061335833049,2
0,0,1,7.495699339055555,2
2,1,2,3.1720890527368923,2
1,2,0,-0.42137068687083934,2
2,0,2,2.6677218069257442,2
2,2,1,0.3800339802536936,2
1,0,1,4.903109964118006,2
1,1,1,2.5593520166890826,2
1,0,1,4.9050323960439535,2
1,1,2,4.167792957365873,0
0,0,2,7.975683713050713,2
2,1,0,-1.305467263145422,0
2,0,1,3.4618388757729504,1
2,0,0,0.8524840304735702,0
2,2,2,-0.5965466553712784,2
1,2,0,-0.6462441756457,0
1,1,0,-0.25709986594005607,0
0,0,0,4.226430501094905,1
0,1,0,1.7998775273225234,2
2,2,2,0.09527677013252855,1
0,2,0,1.7121987639015313,0
1,2,1,0.8697192468815548,0
2,1,0,-0.37249347777682157,0
1,1,0,1.6290319037927659,0
2,1,2,1.6030728441420308,1
0,2,2,4.358375257621861,0
0,1,0,3.3183484999003126,0
1,1,2,4.621375689956267,2
2,2,2,-0.08226205625646954,2
1,2,2,1.9856015733427401,2
0,2,0,1.933033102225793,2
2,2,1,-0.662186416122994,2
0,0,2,7.725862821060834,2
0,2,2,2.7924056223746945,0
1,1,1,1.7893780008937865,2
0,1,1,3.4490484012896823,1
2,1,0,-1.6463121932425435,0
0,1,2,5.752462910535552,0
2,0,1,3.061009972180347,2
0,1,2,4.913028624238775,2
0,0,2,8.59082849404481,1
0,2,0,-0.8090839557651046,2
2,0,0,3.068669934954431,2
1,0,1,5.039325889679025,2
1,0,2,5.65531310372559,2
0,0,1,6.514963802139092,2
0,0,1,7.730974852860585,1
2,2,0,-2.3308428586060326,0
0,2,1,4.300595655955734,2
0,2,0,0.03524926887938773,1
0,2,1,-0.3304250884570923,0
1,1,0,0.4130105678080145,2
0,1,2,7.32958298150028,2
2,0,2,5.5355148427207475,2
0,2,1,1.8425254164946367,2
2,1,0,-1.87813502525817,0
1,1,0,1.1955003018844417,2
1,2,1,0.7235493525985796,0
2,1,2,2.251395254312763,2
2,1,2,0.06218398719691054,0
1,1,0,0.5612329290784581,1
0,0,0,4.860210399449098,2
0,2,1,2.797443170375211,0
2,1,0,-1.5499322875268846,2
1,1,0,0.21395931527397494,1
2,0,0,1.3996808347502225,2
1,0,1,5.3219825688688385,2
1,0,1,5.678283130948412,0
2,0,2,3.4968963421426955,2
0,2,1,1.7878110078160148,0
0,1,2,5.917370368025071,0
2,2,2,0.8765854428498863,0
1,0,2,5.108474067617398,2
0,2,0,-0.7594705038779361,0
2,1,1,0.4091703497543,1
0,1,2,4.698844037154335,2
0,0,0,5.68949917984429,2
2,1,1,0.500737188607874,1
2,2,2,-0.7917619614977307,2
2,2,1,-0.18270580369634926,2
2,0,2,5.110120445854125,0
2,2,0,-0.7663179593300766,0
1,1,2,3.92494379808511,2
0,2,1,1.6165958097492235,2
2,0,0,1.2454283699954574,2
2,1,1,-0.9318801493273925,2
0,1,0,2.658945014507399,1
2,1,0,-1.6351656084330328,2
2,1,1,0.6549572730623555,0
0,2,2,3.117494706059735,0
0,2,1,0.2854357467653492,2
0,2,2,4.066689812120067,2
2,1,2,1.369298483891904,0
0,2,1,2.4366429938780483,0
2,2,0,-2.6340546504992948,0
0,1,0,3.33041329391135,2
0,0,0,3.681021294868179,2
2,1,0,1.0401600629137686,1
0,0,2,6.94318106514977,0
2,0,0,2.4749744391335304,0
0,1,1,5.376818081013081,2
2,0,2,3.339885137190552,2
2,0,0,2.314048070138105,2
2,2,1,-1.8974082399937464,2
2,2,0,-2.549388776846137,2
1,0,0,3.344921778373126,1
2,0,0,1.7530433708075246,2
0,1,1,3.61744509876214,2
2,0,0,0.28066307437456106,2
0,0,1,5.876646638700303,1
0,1,0,1.671251026221781,2
0,1,0,3.8728849352718626,2
1,0,1,3.5057368806008316,2
1,2,2,1.5922249847817151,2
1,0,2,5.707264723075842,1
1,0,1,2.059467164777761,2
1,0,0,2.3056754156804677,2
2,2,0,-1.506994629183008,0
0,0,0,5.695952499567477,2
1,1,2,4.1675632458812455,2
0,2,1,2.3095627782185244,2
0,2,2,3.408294170357119,2
1,0,2,5.21174433106252,0
0,0,2,8.639554436731906,2
1,2,0,0.5271411894875904,2
2,1,1,0.06289516395713335,1
2,2,1,-0.982010984157434,2
1,1,1,3.3922013454944375,1
1,1,1,2.718194086830764,2
0,1,1,4.2759965593481,0
2,0,2,4.998310137632296,2
2,1,0,-0.0047755173951486984,1
1,0,2,4.818961586522055,2
1,2,1,1.1646637355192877,0
0,0,1,6.478603875674585,1
1,1,1,2.6910008348403105,1
2,1,0,-0.504542279063242,0
2,0,1,2.6653589164859177,0
1,2,1,-0.562022888415985,1
0,0,1,4.948115653682628,0
2,0,1,2.129108984510022,0
2,2,2,2.456809845495201,2
0,1,0,3.2764074791621836,2
2,0,2,3.9233649907750396,1
1,2,2,2.843407089202043,0
0,2,2,4.322572344089961,2
2,0,1,2.680732119834522,2
1,0,1,5.238565975609816,0
0,2,1,1.7304352841449167,0
1,1,1,0.8225250006575353,2
0,2,1,1.8994029001360875,0
0,1,1,4.687264374142129,1
2,2,2,2.2815317032104216,0
1,0,1,2.607962895963202,1
2,0,1,1.0180799299773997,2
2,0,1,1.4346684447491764,2
2,1,0,-0.9186777172984358,2
0,2,0,1.5915890891376647,0
2,0,1,4.864200289481456,2
0,1,0,4.062138974012017,1
0,0,1,4.197152623113773,2
1,0,0,1.9815896491153284,2
2,1,0,0.54943314460332,0
0,2,0,0.5965966614097036,2
0,2,2,3.907942966034782,0
0,2,1,1.5149456773993695,1
1,2,0,0.5553867683641291,2
1,2,1,-0.21357389875955868,2
2,2,1,-1.124388335535992,1
2,1,1,0.08963319640673717,2
0,1,0,3.847278952458386,1
0,1,1,3.363090967195831,2
2,1,0,0.21204340208612682,0
0,2,2,4.713445972419524,0
2,2,1,-0.702548084274319,0
0,2,1,0.4145987539969569,2
2,0,0,2.8901927501667632,2
2,1,0,0.18331780322921065,1
0,0,2,8.487978812333825,2
2,2,0,-2.8188891459669922,2
1,0,2,6.134929467663993,2
0,0,1,8.283827055715214,1
1,1,0,-1.3045243604403503,2
1,1,1,3.211660430591392,0
0,2,0,0.7352445505478287,2
1,1,2,6.182468571474232,2
2,0,1,4.411492862219643,2
2,1,0,-1.4111004041547566,0
0,2,0,0.6910072358475312,2
1,1,0,0.4910785816340064,0
0,0,0,3.4307705136744584,0
0,0,2,5.697764405178937,1
0,2,2,2.758902115160077,0
2,2,0,-1.3585215891899902,2
2,0,1,1.3929942811145852,2
1,2,1,1.773865850432957,1
2,0,1,0.5334648710393108,2
1,0,2,4.551894960739873,2
0,0,2,8.531880525068699,0
2,1,1,1.8840042228331413,1
2,1,2,2.8726390971855267,1
1,2,2,1.6277502870290352,2
0,1,1,4.048583105545052,2
2,2,2,3.246984220190372,2
1,2,2,4.402576980392744,2
0,2,1,3.075889262171315,0
2,1,2,3.049087527540943,0
0,1,2,4.816880441473318,1
0,2,0,-0.09131183174963664,0
1,1,1,1.77833836434454,1
0,0,0,2.823376383610591,1
1,2,2,2.329250106417506,2
1,0,2,3.690460933187533,0
2,2,2,-0.253856114513593,1
1,0,2,4.0302197553812436,0
0,1,1,4.072270238588773,0
1,2,1,1.0832716589763014,2
0,1,2,4.4918614730257325,1
1,0,1,3.6831415732333195,0
2,2,2,0.7896415079460428,1
1,1,0,0.10585449597944008,2
2,0,2,3.221481667358193,0
0,2,1,2.3368260576034445,1
0,2,2,3.6796403195400247,1
1,2,0,-0.8507620011443597,0
0,2,0,1.2815978329913826,2
0,2,0,0.37385203295388375,1
0,0,2,7.750384195420166,1
2,2,1,0.549262903448718,2
1,1,2,3.4516557706962843,2
0,2,2,4.618832280594399,0
0,2,1,3.5150407166271105,2
2,2,2,-0.8923745928060962,2
1,2,0,0.24275759703788113,1
0,0,1,5.2111774752935265,0
0,2,2,4.858787660173246,0
0,1,2,6.274490998073911,1
0,2,1,1.6159206927404686,2
0,0,2,6.313245776840486,2
0,0,0,4.105946919008344,0
2,1,2,3.39253798910179,0
1,0,0,3.516022421754942,2
2,0,2,5.229531052515487,2
1,2,1,0.8026788775345819,2
0,0,2,6.527782149395307,0
2,2,0,-2.3613142554737214,2
1,2,1,0.9603093433185752,2
1,0,2,6.912964741466693,2
1,2,1,1.669656764246897,2
1,0,1,3.1738454397247873,2
2,1,0,0.012936833193252062,0
1,1,2,1.4673222604474074,2
0,0,1,5.723195466573752,2
2,1,2,2.303355420865175,2
2,0,1,2.162292816247116,1
0,2,2,4.074633882441014,1
2,0,1,1.6848086617341362,0
0,0,1,5.485399187797162,2
2,0,0,1.5982344502492898,1
2,0,2,5.141380220861598,0
0,0,0,4.589737949175845,1
2,0,0,3.276385167568243,2
2,1,1,-0.919174714258622,2
2,0,1,3.0173283747453854,2
2,2,0,-1.007684435635507,2
1,2,1,1.741022902043905,2
2,0,0,1.6933537942212946,0
0,0,0,4.883210228444188,2
0,1,0,2.746198985440301,0
0,0,2,7.230211464805855,2
1,2,2,2.6300919810469816,2
0,0,0,5.7174730057607075,1
0,2,0,-0.2306328594423519,2
0,2,2,4.50436292282993,2
2,2,1,-1.9714504650598648,2
0,0,2,9.440703309424434,0
0,2,1,2.5621024700058768,2
0,1,0,4.065423984725695,2
2,0,2,3.725628041037965,2
1,1,2,3.374555460904513,0
1,2,0,-0.7944394894053775,2
1,1,2,4.596231829568592,0
1,1,0,1.611002142015581,2
2,1,1,3.186768704870509,2
2,1,0,0.025332402595118042,1
1,1,0,0.9737070154336095,1
1,1,1,1.3995359316152727,2
2,2,0,-2.8192306414824295,2
2,2,0,-1.9915870675916532,2
2,2,1,-0.6783608942070377,1
0,2,1,2.671532148033386,2
0,1,0,3.36795068068828,2
0,1,0,1.7793733067687183,0
2,2,1,-0.6687420909389175,2
1,0,2,5.35003344616699,2
2,1,1,1.555325313109049,0
2,2,2,2.757073413050175,1
0,0,2,6.641852492358392,2
2,0,1,4.647300577194763,2
2,2,0,-2.4063614807482434,2
2,0,2,4.02880978087841,2
1,0,2,7.375481823439029,1
0,1,2,3.411954546943619,2
0,0,2,9.655885862750992,1
0,1,0,3.0619140754299723,2
0,1,1,2.375694871557019,2
0,0,0,4.790363537021806,0
2,2,0,-2.912360366068002,2
1,1,1,0.6628837926447677,0
0,2,2,4.067690394966056,2
0,1,2,4.80259526222469,2
2,2,0,-3.4932846978850804,2
1,2,0,1.3072576970914591,0
2,0,1,2.5041809801102635,2
2,2,0,-2.0194971658590926,2
2,2,0,-0.8740758585814614,0
2,2,1,-0.984800338628421,0
1,2,1,0.2612596312431493,1
2,2,0,-2.9402430728819087,2
0,2,0,2.1913187494087665,0
2,0,2,4.582169239876578,2
0,2,0,1.6749433856226654,1
2,2,0,-3.4735657487975207,2
0,1,2,5.010448331407061,2
1,1,1,3.8144501218660163,2
2,2,0,-1.5615760287774871,2
0,0,1,6.014384877148372,0
2,1,0,-0.5871505680148523,0
0,1,0,2.3560479497761104,2
2,0,0,2.5533538099047575,2
1,1,1,1.3741358492108304,2
0,0,2,6.907887529599857,0
1,1,1,2.479893467190911,2
1,1,0,1.739685682127949,2
0,1,0,3.784786845123781,2
0,1,1,4.837188058669674,1
0,2,0,2.4108347229620852,2
0,1,0,2.685025947644507,0
2,2,0,-3.4359463179704903,0
1,0,0,4.479316434957882,2
1,0,1,3.891959909880038,2
1,2,1,0.7013113100981588,2
2,2,0,-2.6114982156787505,0
2,2,1,0.39745920952143377,2
0,2,2,3.4942303471061757,2
2,1,2,2.0078916453639657,2
1,0,0,3.24816071393714,2
1,0,0,4.492672319313549,2
2,1,2,1.4255011576894436,2
1,1,2,6.402216911234564,2
1,1,2,4.493905584005824,0
2,2,2,-0.7801745927895016,2
1,2,2,0.6385569690076984,2
0,2,1,3.0009135198627805,2
1,1,2,2.8733369852826387,2
2,1,0,0.36664406245002656,0
1,2,0,-1.3567345072391694,2
0,2,0,0.5960193344677371,2
2,0,1,2.282422189309734,2
0,0,0,4.965055629018905,2
2,2,0,-0.6192955397368733,2
2,2,2,1.811350680676518,2
0,1,2,7.081832155683165,2
0,0,1,5.708523593336535,2
0,1,1,2.6544934694829747,2
1,2,1,-0.17065054155591497,2
0,1,0,3.09479364165667,2
1,0,2,4.904908305045577,2
0,1,2,6.1873195363157105,2
0,0,0,5.690897894199136,2
2,2,2,2.1699150642400316,2
1,2,0,-0.41435160178867253,0
2,0,0,1.9967714549407305,2
1,1,1,1.7364362228072987,2
1,0,1,3.5206642229078775,0
2,0,2,4.807898961983384,2
2,0,2,3.8683750594814392,1
0,2,2,2.745641674686529,0
0,2,0,1.1639586013517451,2
0,2,2,1.1744355227344294,1
1,1,0,1.263764904574739,2
2,1,0,0.7225565717712266,2
2,1,0,-1.0261087605785373,2
0,1,2,4.350306731847702,0
1,2,1,1.6404282678811135,0
2,0,0,1.783949813640529,0
2,1,2,3.2520553719972076,2
1,0,0,2.322659456735228,2
0,1,2,6.325124578500294,2
2,1,1,0.09407098054281504,2
1,0,0,3.242335964717197,2
0,0,1,6.568999762333641,2
2,2,2,0.9013580195608315,2
2,1,2,5.878762978004744,2
0,2,1,2.350890158543904,0
1,2,2,2.4896989690926583,2
2,2,0,-1.007777104149603,2
2,0,1,1.2819085283555536,2
0,2,2,4.451224420715916,1
0,0,0,4.288508215390746,2
1,1,1,2.6265686798601235,2
2,0,0,1.9422138262417312,2
1,0,0,1.8223197417768628,2
1,0,0,3.7169591080876745,2
2,0,2,4.2988440138371775,2
1,2,2,2.268762525205217,1
1,0,1,5.705235474760686,0
2,1,1,0.5971561746946157,1
1,2,0,-0.2620396689708295,2
1,2,2,3.1539276104137284,2
1,2,2,1.9111314525907186,2
2,1,0,0.9112996338375978,0
2,2,0,-3.137772283474129,2
0,2,0,2.009718554684194,2
1,0,0,2.9739811533727187,2
0,1,0,3.150378716239768,0
2,0,2,3.159072727736675,0
0,2,2,3.695820704043771,2
1,0,1,4.984220266415426,2
2,0,2,3.148653757122225,1
0,1,0,-0.6103475913394605,1
1,1,0,0.19557275793131557,0
2,2,2,-1.0952895832886427,2
2,0,0,-0.06502425619416474,2
0,1,2,3.8618676840495167,2
2,2,2,-0.3745183988846147,2
0,0,0,2.91934417087663,0
1,1,2,5.5184506411143035,0
1,2,0,-1.4226986202607328,2
2,1,1,0.8460296709868622,2
0,0,1,4.728304818950365,2
0,0,2,6.981447126162283,2
1,1,2,5.015850416911536,2
2,1,1,1.374588069483234,0
2,0,2,5.245612356354579,2
0,2,0,0.7716374052049264,2
0,1,1,4.257230285437422,2
2,2,2,-0.3340365530372401,1
2,0,2,3.995406047435665,2
2,0,1,2.5758034865753574,0
2,1,0,0.34422972857738054,2
2,2,1,-1.1306585195344603,2
0,1,1,3.5230096658073187,2
0,1,2,5.403746175421065,2
1,0,2,6.0491275748370334,2
2,1,0,-1.3546257102091106,0
2,1,0,-0.9463577949545455,0
2,2,0,0.004497951874458117,1
0,0,1,6.850620653627537,0
1,2,0,-2.052328696002695,1
1,1,1,2.758016619004656,0
0,1,2,4.913156572031225,1
2,1,2,0.7577429002755594,0
2,1,1,0.5197176238939607,2
2,0,0,0.3126123285972371,2
2,1,2,3.4014717512050923,2
2,2,1,-0.16554408107501872,2
1,2,2,2.809055004247379,2
1,2,0,-1.1093734674850864,0
0,2,2,1.8803883867046745,2
2,0,2,3.2494162520934617,2
0,2,2,4.255876879432317,1
0,2,1,2.2832160950886213,2
2,0,0,1.1704348951135177,0
1,1,2,3.331444941330185,2
0,0,0,4.551086447727113,0
1,1,1,1.623858566423395,2
2,2,0,-2.687911748470628,2
2,1,2,4.05565889924595,1
2,1,0,1.8874064425909083,1
2,2,2,0.9160082762285898,0
0,1,1,2.2226610286681785,0
1,0,0,4.930155337430786,0
1,2,0,-0.9885344682968165,0
2,1,0,-2.2000034538364774,2
1,2,0,-1.3409655349420424,2
0,1,2,6.261610347639959,1
1,1,2,2.8976562432788393,1
2,0,2,3.999534500278402,0
0,2,0,0.9022283822814638,2
2,2,2,-1.7392002554274315,2
0,1,0,4.115076372638522,2
0,1,2,5.19228445339922,2
1,2,1,0.3561676730942566,0
0,0,0,5.5522201606716575,2
2,1,0,-2.6793958804310534,2
0,0,1,6.466571365279994,1
1,2,1,0.6339728267490173,0
2,0,0,1.424551951426913,2
0,1,2,4.904232373909558,2
2,1,0,0.4688067591899826,1
2,1,1,-1.1974644494387277,2
2,0,2,4.333516997748847,2
0,2,1,2.610303058600951,2
0,1,2,6.512046096227705,2
0,2,2,5.631402902313953,0
0,0,1,4.370789094008218,2
1,2,1,-0.5919702773069759,1
0,0,2,7.761262798842742,2
2,2,0,-1.2996417362585913,2
1,0,0,3.4239492444445676,1
0,1,2,6.2354697048209635,0
0,0,0,3.8215080171607094,2
0,0,0,5.4084182301361485,2
2,0,2,3.694765402350025,2
1,0,2,5.011215834867348,1
0,0,1,6.065745985214618,2
2,2,2,-1.2357487780389362,2
1,2,1,1.9812427687636733,2
2,1,1,1.9043573450467512,2
2,1,2,3.4803365726384348,0
0,1,0,0.3886419437834179,2
0,1,1,3.6606629540919937,0
2,2,2,1.4368397486017521,2
2,1,2,1.3142934067086292,2
2,0,2,5.470699500969123,2
2,0,2,5.231295034050467,0
2,1,0,2.0574915948442865,0
0,1,2,4.36667288430923,2
0,0,0,4.674613116611477,1
1,2,1,-0.4356975654271078,2
0,2,0,0.48914007485949873,2
0,2,2,3.0360324022502803,2
0,1,2,2.9153069244377274,2
2,1,0,1.8926622011513032,2
0,2,0,-0.5533326360404505,2
0,1,0,2.378816928672358,0
0,1,2,6.1480654930749,0
0,2,0,0.030218723905311773,2
2,1,0,0.1604076450094316,0
2,2,0,-2.7508128249452857,2
0,0,2,7.00577594265521,2
2,2,2,0.8617370410478278,1
2,0,1,4.774764375751887,2
0,0,0,4.312933499734777,2
0,2,1,1.6164605259765552,2
1,2,1,0.6621897830590615,2
0,2,2,4.609813395273786,2
0,0,2,7.215483518031695,2
1,1,2,5.672837685368837,0
1,1,2,3.075675113988493,2
0,0,2,7.092588420594609,1
2,0,1,1.5686272637250969,2
1,0,0,2.1378079520652733,2
0,2,1,2.5435952172235434,0
2,1,0,0.11535756786061274,2
2,0,1,3.953608887617899,1
2,0,2,5.309221665485449,2
1,1,1,2.283447439228854,0
1,1,1,3.9662507525486372,0
2,2,2,1.4587458525542458,2
2,2,2,0.6614542298895343,2
2,2,1,-2.1726645925253987,2
1,0,0,3.053243859773913,2
0,2,0,1.076774354660182,0
1,2,0,-1.2885800146836885,2
0,0,1,6.686811709043166,2
0,0,2,6.86574413770126,2
1,1,0,1.2201230648920596,2
2,1,2,2.9981935810145504,2
2,2,2,0.6563411129121228,0
0,2,2,2.4357063214154273,0
2,1,2,1.9319927358226754,2
1,2,2,1.6028561126753442,1
1,2,1,-0.2780404743781829,0
0,0,0,4.605187844629777,1
2,0,0,1.3661993063422648,2
0,0,0,3.566584815611953,2
2,2,1,0.7944818108793315,1
1,0,0,3.159718376679353,0
1,1,0,1.2118124690081062,2
0,1,1,3.522181566082579,0
0,2,2,4.230955097864778,2
0,0,1,5.484514641780988,0
2,1,1,0.8210303841132582,2
0,1,1,3.7159015400978985,2
0,1,0,4.2142589469902125,2
2,2,0,-2.376953770901835,2
2,2,0,-2.2483661918169124,0
0,1,2,5.068227850411716,2
1,2,2,2.72663873074215,2
0,1,1,4.319614115116683,2
1,2,0,-1.3974094480270423,0
2,1,2,1.7909718244210802,2
1,2,2,2.6596661619672872,2
2,0,2,3.3406873471630716,2
2,0,0,0.735844677945066,1
1,1,1,0.9078327798565087,2
0,1,2,4.960573430280663,1
1,1,1,1.921511845540415,2
2,1,2,4.622144790823618,0
1,2,2,0.6278089474177644,0
2,1,2,1.3874786355912292,2
0,0,1,5.410085151624901,2
2,0,2,4.720706325263204,2
1,1,1,4.398367608660958,1
1,2,1,1.4926027502237038,2
0,2,2,4.204719924231784,0
0,1,0,4.712932175593635,2
0,1,0,3.350350686907819,2
2,1,2,3.29370524480626,1
0,2,0,1.2654729604204196,1
0,0,0,3.7717700555169893,2
2,0,1,0.972186274097008,0
2,1,1,1.1189394454840622,2
2,2,2,-0.48394726851106873,0
1,1,2,2.5351397765851864,2
1,1,1,3.78221899452032,2
2,2,0,-2.354168460714832,2
2,2,0,-2.5081724029839263,2
0,1,0,4.290336182952667,2
2,1,1,1.551923368785241,2
0,1,2,5.04908519597604,2
2,1,0,-1.1243043345573187,2
0,0,1,5.510159113765221,2
0,2,2,2.7088077912498836,2
2,0,1,3.438071078086587,1
0,1,2,5.750723241415161,2
1,2,0,-0.45027607942821063,0
2,2,2,1.5199423854674146,0
0,1,0,2.8155450216772926,2
1,1,2,4.528994291958718,2
2,1,0,-0.6993231355207383,2
1,1,2,5.566258957090159,0
0,1,0,2.8456976975258104,2
2,1,1,1.115086321622725,2
2,1,0,2.0310032430674716,2
0,1,2,5.061948455699982,0
2,0,1,4.660556369672937,2
2,1,1,1.256134990059365,1
1,1,0,3.1203084161484824,0
1,1,2,4.358691724308069,2
2,2,1,-2.025142721916721,2
2,0,2,4.320814363408158,2
0,1,0,1.5091413570119452,2
1,0,1,5.0691066590256,1
1,0,1,5.282082166373526,2
1,0,2,5.8466459950073535,2
2,0,0,1.1091422028840592,2
2,0,2,3.856749263762832,1
2,1,2,1.7334073047374043,1
2,1,2,1.7916390312913373,2
2,2,2,-0.2699214055398639,2
0,1,2,4.053943372051674,2
1,0,0,4.369571535434031,1
2,0,0,1.5796841462919906,2
2,0,0,2.587619376135697,0
1,1,2,4.978385133438151,1
2,1,0,0.4275646758359568,2
2,2,0,-3.1260634517688732,0
0,0,1,5.220680932160911,2
0,1,0,3.1844399751504926,0
1,0,0,3.6207497705551748,2
2,0,0,0.8435976174685377,2
0,0,0,3.4754136182494406,1
1,0,1,5.485706296191724,2
0,0,2,8.856392671700721,2
0,0,0,4.843318507539735,2
2,1,1,-0.4708941422837387,1
1,1,1,1.7292588046079291,2
1,2,0,1.4893488840536921,1
0,0,0,4.439113754245563,2
0,1,1,4.6676729378622905,1
1,0,2,7.015816596433284,2
1,2,1,0.1949690022858649,2
1,2,1,-0.28632517513894395,0
1,2,2,2.499188702901229,0
0,1,0,0.7874715348337764,2
2,2,2,-0.426834549980199,0
2,0,2,5.348208246128823,2
1,0,1,5.228872850455142,1
2,1,2,1.266383629796015,2
1,1,2,4.2126679790909245,2
0,2,0,-0.2599757965090148,1
2,2,0,-4.156619527769955,0
1,0,1,3.7188382812522445,2
1,0,0,2.5500121160399343,2
2,0,1,2.097139538386072,0
1,0,0,2.742307660627076,2
0,1,0,4.1080175070827245,2
2,1,1,1.3989370575433666,2
0,0,2,7.757390581561403,2
0,2,0,0.19937694019158636,2
0,0,1,5.131029207239161,2
1,1,0,-0.004532665765732746,2
1,0,1,3.3317318242956784,2
0,0,0,4.273830672046301,2
0,1,0,1.002991062134941,0
0,1,0,3.609911254709816,2
1,0,0,2.758271120123155,1
0,0,0,5.391251587972852,2
1,2,1,1.0012601272412907,1
2,0,2,3.413797525318526,0
0,2,2,3.0038281547998467,2
2,1,1,2.5710742065968004,2
0,0,2,6.603757616323562,0
0,0,0,4.924187232122847,1
0,1,1,5.2799144278603585,2
2,1,1,0.40477962875271256,2
2,1,1,1.9011716471833884,2
0,1,1,3.1480613530262747,2
2,2,0,-1.9316977774478834,2
1,0,2,6.246505632996525,2
2,1,1,0.9267658870201241,2
0,1,2,7.048228956943059,2
0,2,1,1.9173669055102898,1
1,0,0,4.358237826110976,2
1,0,2,5.754575627088514,1
0,2,2,3.506738328255598,2
1,0,0,3.4419123025848144,2
0,2,2,3.486342633998799,0
1,0,2,4.141222440900338,2
1,1,0,1.3197805525443354,2
1,0,2,7.542623782741454,2
2,1,0,-0.95152922943264,2
1,2,2,1.5356162081852636,2
1,0,0,1.529112660008825,0
0,2,1,1.59078504242959,0
0,2,0,0.8390867488148727,2
2,1,0,1.1047377524941102,2
2,1,0,-0.6550224257919212,1
1,2,2,2.27194121928654,0
0,1,2,5.062068571826975,2
0,2,0,0.017695547514225862,1
1,2,2,2.1424536433930497,2
0,1,1,5.362788462802594,1
2,0,0,1.583223366937527,0
2,2,1,-1.1339920555051621,0
2,2,1,-1.92324597069356,0
1,1,0,0.5797418585661198,2
2,0,2,4.383853846017292,1
0,2,1,1.0225584979511582,0
1,2,1,0.07317538651143152,0
1,2,1,1.6534164926869137,2
1,1,0,2.7743150650381447,0
1,2,0,0.19232016263503104,1
2,2,0,-0.5365003374151769,2
1,2,1,0.37324718416071545,1
2,0,2,6.212352562838388,2
2,0,0,2.721761715793102,1
2,2,1,-1.6692271197582031,2
0,1,1,2.9329632714812606,2
1,2,0,-1.7447212273731794,2
2,1,1,-0.11998678553498343,2
0,0,1,4.943414263619712,2
2,2,2,2.15007155954599,0
0,2,2,0.8730475003141684,2
0,1,1,4.938284606445952,0
1,1,1,2.593646694420122,0
2,1,2,3.8911169124265212,2
1,2,1,-0.6012332198229471,2
2,2,2,-0.7102826238265205,2
0,1,0,3.1065676012606622,2
0,0,2,5.768598789871042,0
2,1,1,-0.1000644857869315,2
2,0,2,5.115346025999344,2
2,1,1,2.0176518596652153,2
2,0,1,3.5273484155719137,2
0,1,2,5.541048333096427,2
2,2,2,-1.6124934456451445,2
0,1,1,3.053590546547485,2
2,0,1,4.3345730230042125,0
2,1,1,0.9526347912823825,0
1,2,1,0.9351282535108449,2
1,0,2,5.207511907986926,2
0,1,2,5.14743822199925,2
2,0,1,2.8068893593280095,1
2,0,0,2.3592216855226202,2
2,0,0,1.0579500279363265,2
1,2,1,0.32232263439218567,2
1,1,1,4.919555764315448,1
0,1,2,6.607140826017595,2
0,1,0,4.384530410391104,2
1,1,1,3.9190896342840587,2
0,1,0,2.7367617247265525,2
1,1,0,-0.9465596043549138,2
1,1,1,1.5951186045546724,0
2,2,1,-0.42133421877030675,2
1,1,1,1.0140747565172359,0
1,2,2,1.1420314905900342,2
2,2,2,1.8413385681831802,1
2,2,1,0.29096069065852315,0
2,0,0,1.5702128466281344,2
1,1,2,5.977248331858586,2
0,2,0,0.9761130030887528,0
2,0,0,0.4914691461258607,2
2,0,2,2.93291952751244,2
0,0,1,4.7291821774082194,2
1,0,0,4.381460384737136,2
2,2,1,-0.9695006818887846,0
2,0,2,3.245353353434071,0
0,1,0,2.1721729303138657,2
0,1,1,4.279246216742598,0
0,2,2,2.674856762880073,1
2,0,1,0.3186249695080181,2
2,2,1,0.10183937366341611,0
0,2,2,2.1814981384993457,0
1,0,1,5.071255175791903,0
2,0,2,4.190251702650677,0
1,1,0,1.440360256933764,2
0,1,1,4.25712267757176,2
1,0,2,5.869491797500141,2
2,0,2,4.69229092505866,2
0,1,2,5.104666432212752,2
1,1,1,0.6736825650662359,1
1,2,0,-1.8693851391260496,2
0,0,0,2.851660734778144,0
2,0,1,2.578434658801256,1
0,1,1,4.046458770675733,0
2,0,2,3.282468252423984,2
1,2,2,0.1942900216700867,1
1,0,1,3.9460155087557607,2
1,2,2,2.5386769568426866,0
1,2,0,-0.2936127981138602,2
2,0,2,3.432504373178478,2
2,2,2,0.014077778428249033,2
1,0,1,5.585053686598545,1
2,0,1,4.314451227284578,2
1,2,2,1.9171368353301412,2
1,0,0,4.0450908113592945,2
1,0,0,4.085340778357135,2
2,2,1,-1.5488308041196435,2
0,2,2,4.045766495215857,2
1,2,2,2.5902480160888657,2
0,1,2,5.79128578786529,2
0,1,0,4.122289653150043,2
0,1,1,3.4860398093500753,2
2,2,0,-1.4064820803779725,2
1,2,2,2.0636980738017274,1
0,0,2,8.451449849530517,0
1,1,2,4.700379609280748,2
0,2,0,1.243502444741594,2
0,1,1,3.6026726773599362,2
0,1,1,5.031262277533406,2
0,2,0,2.1876493959468784,2
2,1,0,-0.8022578638067455,1
1,1,2,4.283845160653752,2
0,2,0,0.6072818848926618,2
0,2,1,2.3057294541367157,2
0,0,1,7.866076646299513,2
1,0,1,4.8512784069337505,2
0,0,2,9.14134354858118,2
2,0,2,3.16576646816063,2
1,0,1,5.705973049529249,2
1,0,0,3.3673161908735243,2
1,1,2,5.2309028149506505,2
1,2,1,1.7003638735188855,2
0,1,2,4.826739019287601,2
2,1,0,-3.2081399920377462,0
0,1,1,4.9185429600756025,1
2,1,0,0.49107829712643625,2
0,0,2,7.314648125774698,2
1,0,1,4.614618270261346,2
0,1,2,4.63655933207012,2
2,1,1,1.3039199276699422,0
0,2,0,0.6022825868558133,2
2,2,1,-1.4748761580288436,0
0,1,1,3.856096583458068,2
2,2,0,-3.658190455388346,2
0,2,2,1.5517406229622186,2
2,0,0,1.490450110501563,2
1,2,1,0.5497382739009004,2
1,0,0,5.070558314310297,0
1,2,1,1.8504335231522917,0
2,1,0,-1.7555957400185322,2
2,2,0,-3.9649334981966464,2
1,1,1,0.7396473048948038,2
1,0,2,5.262640485180875,0
0,2,0,-0.21168546001456479,1
2,2,0,-2.3340048454622915,2
0,0,0,3.540822539473143,0
2,1,1,0.3921727391953611,1
2,2,1,0.06337104289141404,2
0,2,0,0.7720138890248992,0
1,0,0,4.819562752632726,2
1,0,2,6.252699187388381,1
2,0,0,2.0498645474972097,2
0,1,2,3.5474749979357387,2
2,2,1,-2.4774499811052726,2
0,2,2,3.468117755057878,1
2,1,0,0.3437210878089586,0
0,0,0,5.93487386869589,0
1,0,0,3.77570839169344,2
1,1,2,4.460327650930197,0
2,2,0,-2.8561556017160554,2
1,0,0,1.7329971928989465,2
0,0,0,3.7908088102648616,2
1,2,2,2.301812933288991,1
0,1,2,5.59719834549659,2
2,0,0,2.11279846959703,0
0,0,1,6.66077816320606,2
1,2,0,2.5377572160627024,1
0,0,0,3.5678278340345706,2
1,2,0,-0.7550075915428451,0
2,1,1,1.2868900093408018,1
2,2,1,-0.891580137441187,2
1,0,0,3.980569359780632,2
2,2,2,0.20350856321106597,2
1,1,2,4.821639942566836,0
0,2,1,2.171625435090092,2
1,0,1,5.229715258127397,2
0,2,2,4.494049369512522,2
2,2,2,-0.1368522346311214,2
1,0,2,6.574993459908615,2
2,1,1,1.1238334952168991,2
1,0,1,5.1377470618427035,2
1,1,2,5.200504003569736,2
0,0,0,4.9348182988989775,2
0,0,0,4.153949234089417,2
2,0,1,3.0491006137353347,2
1,2,1,1.0861354595327923,1
2,0,1,2.849037885147392,2
2,2,1,-0.396327690510772,2
1,1,0,1.037318718134504,0
2,1,2,2.303467606237761,1
1,2,0,-0.7044172198179807,0
0,2,0,-0.13447200656073544,0
0,1,1,4.04282864710573,1
0,0,1,5.896919149654582,2
1,1,2,6.619763832506715,1
1,0,0,3.6329190889492344,2
0,0,0,4.416378482517141,2
1,2,0,-0.10256626150064774,2
2,1,2,3.4255075766983074,0
0,2,2,4.1399835671172305,0
0,1,0,2.922901203182609,1
2,1,2,1.6262546923351664,2
1,1,0,0.7543931793702198,0
0,0,2,6.421365788237965,0
2,1,2,2.6071997076537796,2
1,2,2,1.301039903300809,2
0,0,0,4.6322880995297115,1
1,1,1,1.04956027302701,2
2,1,2,2.2481453019694437,2
0,2,1,1.8237189252375445,0
0,2,2,3.6676249371512606,1
2,2,2,0.5849895086895602,2
2,1,1,-0.7845062077322746,0
2,1,1,1.45425134468475,0
2,1,2,0.3376545489813201,0
1,0,1,4.496544946661772,2
0,0,1,6.401510698293392,1
2,0,1,3.281963397325533,2
1,1,1,2.198662512580051,2
2,0,0,1.9707740260880526,0
0,2,0,-1.015584831658556,2
0,0,2,6.074202476218408,2
0,0,0,3.228999150314349,2
2,0,0,2.3980641339214,2
0,2,2,3.791828369945258,2
0,1,2,5.626168059862384,0
2,2,2,0.6532814956019337,0
0,0,0,4.408683564542753,0
0,2,0,1.6495432581055163,1
0,0,1,5.74366119900934,2
1,1,1,1.23913217894247,2
2,0,0,3.103598064330072,2
1,2,0,-1.9333233204545568,2
2,0,0,2.2671705645085067,2
1,0,0,1.8218047095271275,2
2,2,1,-1.3178645990305031,2
1,1,0,2.323690176399279,2
0,1,2,4.346714453149114,2
2,0,0,1.998735844340283,2
2,1,0,-0.5171701917705809,2
1,2,1,0.30553901487060375,2
2,2,0,-2.6574217723021323,0
0,0,1,7.398358247157871,2
0,0,1,5.404237063672045,2
0,2,2,3.4636408427939482,2
1,1,2,4.198107890263395,2
1,1,2,3.8426874064144005,2
1,0,0,2.331892787489522,2
1,2,0,1.0211766135812188,1
1,2,1,-0.7982373247610886,0
1,0,1,4.698469028972589,0
1,1,2,4.7053898328629105,2
2,2,2,-1.6661093596828787,0
2,1,2,1.7189929336058247,2
1,2,2,1.6422621064147598,1
1,2,2,1.689112261176699,0
2,1,2,3.0710882712189034,2
1,1,1,0.521537927167681,2
0,0,0,2.8986096192075794,2
0,1,0,3.965511723609618,2
0,2,2,3.4696984822108994,2
1,1,0,1.2245421808609835,2
2,2,1,-1.7413906802048067,2
1,1,0,0.5948272870862855,2
1,2,1,0.1153277600149516,0
2,0,2,4.728691301928234,1
0,1,0,3.803546970756315,2
0,1,1,3.916345343540573,2
0,1,2,5.964279776024924,2
0,0,0,4.808422940257612,2
0,1,1,5.220973359868973,0
1,2,0,-1.64186380259791,1
1,2,0,-0.5902594066739442,0
1,1,0,0.6870136432584388,2
1,2,2,2.3960366529202934,2
0,0,2,8.966399473476326,1
1,0,1,4.077556551551307,1
0,1,1,3.5549166115879625,1
0,1,2,6.248384010669319,2
0,2,0,1.9021825863171236,2
0,2,2,3.112081465735904,0
0,2,2,4.982433114737682,0
2,1,2,4.475932775294272,2
0,0,1,5.4305070990941555,2
1,0,2,4.666478670431592,2
1,0,2,6.036903000102574,2
1,2,0,-0.8010050632546668,0
2,1,1,2.957260372579677,2
2,1,1,0.5946527147509405,1
1,2,0,-0.19362155800704184,2
1,2,1,1.1593965470757377,2
2,0,1,1.846312705282864,0
0,1,0,2.890351344361793,0
0,0,0,2.834533176116927,1
1,2,0,-1.750909357730997,2
2,2,1,0.3271192366846618,2
2,1,1,0.08372397401831433,2
0,2,0,1.0365899916822845,0
2,2,0,-1.5237340226065945,2
1,0,1,5.515182902091773,2
1,1,2,5.225149562405902,2
0,0,1,5.453741445061303,2
1,0,1,3.5826041128129456,2
2,1,1,0.913762476442818,2
1,2,0,-0.007954846901353396,2
1,2,2,2.0447619150815672,0
2,2,1,-1.1265496015504841,2
0,1,0,2.373970822126236,2
2,2,1,-1.7085384642308061,2
0,1,1,5.83578249481457,1
0,0,2,5.092935309094866,2
1,2,1,1.189730622268328,2
2,2,2,0.2329621817735197,1
1,0,1,3.9131968520192486,2
1,1,1,3.2413879210709666,0
2,0,0,0.21898629180671536,2
0,1,1,3.1003194691251017,0
2,2,1,-2.0792910702476117,2
1,1,0,-0.2798845308518798,2
0,0,1,4.462042782314482,2
2,2,1,-0.04524806141029902,2
0,1,0,2.566596107931206,2
1,0,0,2.5966395125054826,2
1,1,0,1.9628583915950366,0
1,0,0,3.382131765443054,0
1,2,2,1.476917803250156,0
0,2,0,0.6657301819539103,1
1,0,0,2.779984165144541,0
2,1,2,2.3596594462649727,1
2,2,0,-0.6325375821236787,2
1,2,2,2.1360735204788535,2
0,1,2,5.0300625151171365,2
0,2,1,2.304530289326767,0
0,0,2,6.741991414014112,2
2,0,2,4.2652875498342295,2
0,1,0,4.431938133657308,2
1,1,2,3.323057168380368,2
0,0,0,3.088331016093147,0
2,2,2,1.8723802189024987,2
0,2,1,0.5986160350680441,2
0,0,1,7.48110758792893,2
2,1,0,-0.08749991811147395,2
2,0,2,2.2718412731502515,0
2,2,2,1.2823749560670676,1
1,1,0,0.37751188740921404,2
0,0,1,6.196474695070428,1
2,0,1,2.277284272312147,2
1,0,1,2.883870386044023,2
0,2,2,2.516163681956721,2
2,2,2,1.9034974073925006,2
0,2,2,3.089881394218074,2
1,2,1,0.5066105961094717,1
1,0,0,2.5025701797357858,2
0,1,2,5.641784728537655,1
0,1,2,5.333557131981594,2
0,1,0,4.026074171764014,0
0,1,2,4.796298905348632,2
2,0,0,1.4283824920023862,2
1,0,0,2.6673167680949823,2
0,0,2,6.446128301100188,0
0,0,2,7.74405681693314,2
1,0,0,1.5596371039277654,2
0,2,2,4.260023987394777,2
2,1,1,0.03148963331051424,1
2,1,1,2.6310946170546785,2
2,1,1,0.8345685458866535,2
1,0,2,6.85553723254215,2
2,0,2,5.6953514825206355,2
1,1,2,2.3478947406654633,2
1,1,2,3.7740013592425736,2
0,0,1,5.48431893739789,2
0,0,0,4.453030421607477,2
2,1,1,2.2086990834910973,0
2,0,1,2.427884786650058,1
2,2,0,-0.7765146490472943,2
1,2,2,1.9211133247036174,2
0,1,2,5.097891884280606,1
0,0,2,9.01343073533741,2
0,1,2,4.060865721626099,2
1,2,0,-1.6157583181744004,2
2,2,0,-1.0454521001275947,2
0,1,0,3.2910971129825306,2
0,0,2,6.6886434192607265,1
2,1,2,1.6916361551279562,2
0,1,1,3.1789633563152546,2
2,0,2,4.64453973749745,0
0,1,1,3.242282667633563,2
1,1,2,5.407481914942936,2
1,1,1,0.918274220796407,2
0,2,1,3.3708103325687864,1
2,2,0,-1.945262510006963,2
1,0,0,4.301124613967255,1
2,1,1,2.9923783767688543,2
2,2,0,-1.7930213875517116,2
1,0,1,6.7010049079410505,2
2,0,2,3.7944648634262252,1
0,2,2,5.323346403046849,0
0,2,0,1.9842343515734062,2
2,0,1,2.740608036118742,2
1,2,2,0.9099295755729992,2
0,2,1,0.748903803706171,2
1,2,1,0.374016015192626,0
2,0,0,2.178067531234226,2
0,0,1,3.895229417982679,2
2,0,1,1.514614214486237,0
0,2,0,-0.8422751761685743,0
0,0,1,6.281948101320837,2
2,1,2,2.3257697462409745,0
2,1,1,3.5504525235775004,2
0,0,0,4.787294988268758,2
0,1,2,6.7169976697342415,1
2,2,1,-0.8713053034750144,2
0,2,0,-0.34176929664591205,1
0,2,2,3.550285486322946,0
1,1,1,4.736161322571682,1
0,0,1,6.741380892454602,2
2,0,1,3.006143532049478,2
2,2,2,0.13024013080292612,0
1,2,1,0.9816144171709233,1
0,0,1,5.568253991002415,1
2,1,0,-0.06066987004678265,2
1,2,1,1.0561497243715394,2
