a,c,b,d,e,f
0.23049754611116052,-2.113644465974774,6.854741330935672,2.633323805306309,8.454886912281879,-1.2960811915611536
-0.18613078356401136,1.4057631944915907,2.431536754713555,-2.8134576784016962,4.790231684796084,-2.9242851353543595
0.9636933961213732,0.22201632741449753,6.440504235355471,0.8135285420320143,7.8571034459556,-0.7127760847127347
0.4329860903627555,0.3080299066356435,7.099639854342716,0.849311908441986,9.232566835570209,-1.0910778476898897
0.3330967289547293,0.49876892868751366,5.132601070406975,0.6804225391495797,9.076634716707465,-2.847184546931248
1.083582266564287,-0.44590348192179535,6.723022340055177,0.827675639969407,9.9510530454642,-2.400738004573665
-1.1304130983967469,0.28208312831939775,2.8384515712553666,-1.8689486909300976,3.473590597929299,-2.2437220896957593
1.247215502700072,-0.42758370586275496,7.492134000051099,4.777231617997232,12.298039590645445,-1.858049531830273
0.6211648700272079,1.6044433409018768,4.04769925235766,-0.6516447987109621,7.095741602133127,-0.7462675525032298
0.13273724755111255,-0.3510294017606666,4.022549361562384,-2.5404183581341453,5.9078564349675045,-0.9638128192598323
-0.02700581038460855,0.4666490361808073,3.6794628710602817,-1.4959329261161118,6.874182941626433,-3.1351034782623746
-1.2907781479490994,-0.8091072556407017,3.819341917886999,-1.340342794456029,6.027988092703727,-0.5729408245414269
-0.6620199494826718,1.0433807386410652,1.3083997417947486,-3.5581868035436037,2.527012096677898,1.130768522531902
-0.34434811242514946,0.4477362749341688,2.557293085460744,-0.7190589688178417,5.641871637691596,-1.193324317101662
-1.7063388642650443,-0.08800766210188173,3.4781787627435703,-2.4430270900828983,7.1272541184943785,-0.03631056548836131
-1.5150413230263151,0.5466414864972547,4.26385279217082,1.249639474065271,6.413355397328552,-2.6478977347771657
0.10570439160255012,-0.23599900446566197,6.285093439834084,0.6592862314033667,10.045065459414845,-3.0891444431856727
-0.32428278770778995,0.6028292662177632,3.090625411394322,-2.0727645868084608,6.41639071486919,-0.2040791237891102
1.419138514050265,0.6970392284858852,5.860706901806566,1.2823426709155812,9.525799201365652,-2.7910298220608594
2.5164369153714685,1.534018089122508,7.744294657487588,4.035247698162882,11.09336350695621,-3.4646764053381034
-1.892726090744174,0.9681375962294987,0.9981591316413028,-3.2850996237000603,4.065944870081251,-2.6760268899642856
-0.3539570639393583,-0.48709572068247553,4.7190709853927775,-0.23325339915560203,7.8262826726111,-0.2670589119269826
-0.9069400248225659,1.502022992364492,1.9493213858036627,-2.521275335185287,3.000257711063062,-1.7875869726432057
0.593055487478399,1.6280767437144827,4.980380805468592,0.5125504305091817,7.462162094842202,-0.9384080707604077
-0.5116182885285732,0.3259204364637441,3.9047414239157545,-1.0708704534515954,7.830085816287942,0.06063212886029934
-0.6312126741691892,-0.7710174865674185,5.3589004300033025,0.10851115570116932,7.463773885036055,-1.040253669554887
1.2974969495878943,-0.03423430445473413,7.273298724895229,1.0887122272869316,9.495177073968181,-3.3810879639202978
-0.8457045949382983,-0.47365881196828236,1.6804299933677926,-2.3132094786781106,3.3549884301728374,0.41747674640309806
-0.4566300076222906,0.8227361646744807,3.0703007070469477,0.9073045600678129,3.8765267088898474,-2.2415913311853037
1.0288354334745726,0.6428597554873198,4.963177584521791,-2.044280183487491,7.342702547000199,-0.6966353130876497
-0.29374478872514825,0.572087764846225,4.7436231142049845,0.6840987937276821,8.638368327478698,-4.1629124300868074
0.7332479172284545,1.4076850034825124,4.923970257991352,2.383449366805889,7.083376686348243,-1.383800631024391
-0.27617076668465573,0.6398231803993638,2.650354416661562,-1.0722929871307827,6.079850548066106,-0.89689489848977
-1.0843671937600106,-1.3197602199898812,4.127462066831397,-2.7496009126905383,7.578517828253411,-1.1431927387936114
-1.225880103101535,0.17421232707916048,2.7832762210884296,-1.3960817253457702,5.304026938315766,-0.10609278820437407
-1.857847382726279,-0.20526300633199038,3.556080043306137,-0.3798132445561221,7.516524569071477,-1.9814617183003818
-0.26466035739621024,0.17296365012558418,4.159426576583374,-2.123067512433748,9.918915335036182,-0.5169880451564792
1.9901391106322228,-0.12275205890364388,6.571778103847673,1.118195588950369,8.874617711391222,-1.0712573681507405
0.7290862445034916,0.6817824749528606,6.181983941832497,0.8601731656393519,8.992973885619913,-1.8733703919055091
1.048702408202802,0.23952630197167224,6.792300833103141,1.0218417434902252,9.153097122041727,-2.146177058741446
0.46228116872644603,1.0416021910658928,5.039368784030284,1.180739606011581,6.354787706736042,-1.3399784004073128
0.38675324594033383,0.33488574131098253,4.962140620358792,-0.1704038153396713,7.366951626378213,-0.2945742024094762
-0.3617354257846716,1.0151142390364665,3.3560363261522177,-2.52110905480314,6.59532272669939,-2.201242291655685
1.1412556248351933,-0.1409499480128222,6.930154062289315,2.1326808691939103,8.195798232290135,-2.3165452546353547
-1.057149153860268,1.2136739742698484,1.1361265415423616,-2.8608266259794313,4.625296242878562,-1.886278547066084
0.17577272999221608,-0.9777384241545174,5.016516104957931,0.12851618123779324,7.105435808667761,-2.395992422653594
-0.7338201104836352,-0.5545394332338829,4.923370413136153,0.40661904782320524,7.423468366646296,-2.7911454634897916
-1.4218859205435128,1.1867431566497997,2.8991073124740474,-1.4594021794388063,5.875299315704065,-1.7918167921630195
-0.92668265902352,-0.09888906806574099,2.726203404794995,-2.257519376229284,6.670325934992676,-0.982460722497708
0.5931559241100901,-0.23163881435307443,4.131462333017128,-0.20984420953167954,6.491589230105167,-1.7516449140013837
1.2898758036215385,-0.08590234222254896,5.066392472286996,-0.38531551498377326,6.630442184993176,-1.8374789929054482
-2.0175231004583267,0.394615799532085,0.5557501273705331,-3.7442860924962345,1.68880108506703,0.5506672437455427
1.0070949475046054,0.05069808200642415,5.698940699294718,1.7180427562953298,9.678185964020928,-0.575154437674835
0.8684571437377585,-0.4534506986361352,6.335836919867939,1.9749661943493242,9.607344575142422,-3.225039260665888
1.1090986359776396,0.0004152687717538776,5.6270985242572475,0.215006690577626,9.28404564576959,-3.7041617392679598
-1.1624234720330822,0.5801788326137004,2.9123280427390124,-3.4469401239446213,3.6557431928506596,-1.128249756543851
1.457572316750053,0.935917945479029,5.02042317420822,0.9801126487533621,7.418087342688543,-0.2870697551973431
-0.8545726205787063,1.0507390071281655,1.2621564916099697,-3.2663802017609287,4.01539399995636,-1.8137283058280151
-0.9849259206912685,0.5994018626110141,3.2963098873333307,-1.6402589871921538,5.827469676734749,-1.173732868840122
0.6673679848832995,-1.0712262930845153,5.838394597621102,1.6815118962791984,8.833936995046457,-3.3501809121185424
0.2550680734989403,-0.07669358361823657,4.073395051949902,1.110625573734876,7.533388984717892,-1.1871098257029606
0.14384367564568892,1.5770144121668754,4.651681372015198,-0.5624941251267239,6.353560591904696,-0.36843918246967555
0.12242440519926155,-1.0873767065564792,5.499358118769774,-0.6545379320784579,7.372069233924309,0.597160042434913
-1.1942715158413304,1.6200014567046792,1.1138960069963995,-5.336881236172488,4.12846438995871,-1.2301447083471444
1.5847369280933918,0.602233037085565,6.152034717994482,0.6624792813908322,7.653572242710085,-1.1421960254440917
-1.7676436507262105,1.3948119400574261,1.238770071700548,-4.167818579906813,4.373978249240526,0.2317613496734542
-1.9202481241946172,-0.841035281487907,1.3036136789388624,-2.9653584278521583,5.472903218534777,-0.030147963628679775
1.7007088312285177,-0.6700174317905332,7.791690501484364,0.9243722033288324,9.587250160502943,-5.0841581952904615
-0.6849214547382378,-0.32857885239164714,3.423520464510488,-1.3632414532973371,7.192304040068464,-0.15296054152751326
2.3697516518020088,0.6535492690021198,9.757827398136431,5.453528806875239,12.909086580456542,-2.6890260240100745
0.671797021075242,0.02407322846407,7.039630984849267,3.685414045538309,9.729860775368369,-2.544634697021519
1.0464228956474093,0.6259038318663265,6.963416500150431,2.4886372681346955,8.291339189106994,-2.874023855763653
0.8461155719684416,-0.5389755085619476,5.802076750933771,1.2211646968412808,10.00202786896578,-1.0577435033543603
0.06604825287873943,0.3784550717649541,4.517240125345116,-1.569622211998349,8.582017220754489,-2.3656504110853502
0.01806208257718864,1.1170993547270396,3.652524058226962,-2.5102365584535278,6.461971327031785,-1.185016839142709
0.5424521158878862,-0.8702404842852206,5.633163622556278,1.3723619768069732,7.880850522716258,-1.804342666223718
-0.4517323517031473,0.7980797253268768,2.8344612701588607,-1.1527901822714905,5.054104626035086,-1.9846058902107764
-0.14918916095477025,0.13980633197595219,3.261889571906629,-2.1315762577034016,7.154491920170961,-0.8596369119102846
0.9380107761845156,-0.5585685990144752,7.203363971850669,3.6217806554269307,10.37286036182721,-0.8872976978045961
-0.22150115648316573,0.8511269005741636,2.449801244599911,-2.5916896434302505,7.7459913517098675,-2.04643617276233
-0.2846689731543289,0.4951941299797582,4.59365118949597,-0.8414321039363861,9.24084183800632,-0.10449597471501493
-1.572285650916123,0.9835206767646028,2.218333416652843,-3.3183363003211412,4.457602355087998,-1.1802651877876813
-1.5552717553133097,0.2763750263523817,2.909455686432503,-2.6736501163913333,7.1331705204082185,-1.250747053078931
0.03691384056498004,-0.455684981410891,3.177317799833694,-2.531554302879936,6.977933137091894,-0.9356921230911025
0.8469467508553772,-0.587099894638308,6.093531949638596,1.2751576594226894,6.663606337908431,-1.0508511361983932
-1.0563408734633022,1.0671712103341655,0.7450847028626315,-6.2464408787183885,5.939134035415647,-0.9435976582133099
0.4238476368216276,-0.6462461858397228,4.172554140009296,1.5428555881218462,6.328629666419399,-1.9815643684036006
-0.7742786533171364,0.9042751987998058,2.6478600204226908,-2.699169899603272,4.071005159776931,-0.09034049006590128
-1.4115222146074682,0.42985571777691,0.723062794661012,-4.871811149782214,3.582208189002759,-0.8091724165983953
-0.5085630109098325,-0.1982756930945741,3.3546536404209633,-2.5410217409166806,5.909283296448865,-0.23690786599129277
0.04237709392178627,2.044592830797293,3.206687719515483,-1.1771897787698637,5.694945320573244,-1.7253548839770616
0.41533186727317417,0.7574899401708091,6.275667662128747,0.33498688063583293,10.538530314063895,-1.5808761410548111
-2.761763646265384,0.61304184566186,-2.5167273755796615,-8.05759392195952,0.3584507053848219,-1.7853539085734271
-2.27309542684266,-0.2627277211398538,0.871267958633511,-3.1357267301233813,3.3997636713006867,-0.46865233268338574
-0.5559180623876544,1.0480252814442397,3.7512345967139997,-1.3559957450326416,7.802850983913773,0.04829027513169093
-1.8607540822853883,0.040731970196373084,1.0575535255582103,-2.220720757433294,4.38064627559011,-0.07720378603227462
0.8306096888663499,0.6225354786019006,5.33455910124827,0.45061984590178505,9.941859734316154,-2.9663911931757334
1.021744879874816,0.1811188643813018,7.335530648408582,1.5059423839604995,9.78873132566201,-1.76640621615828
-0.48253437717641945,-1.1093392116740146,4.429478842343245,0.46998551131820143,6.913093849716973,-1.3187418452766586
-0.4301830518281966,-0.7718801234652518,4.0894685508883875,-1.412693940543051,8.16818727717434,-2.7155231696730016
0.04405962035919022,1.4766461616933961,5.843180425947991,2.6842941202460904,8.193662397399663,-1.56974785470138
0.47698918267848217,0.8927079658860846,6.044083400953806,0.14534196169025004,7.9288461300698865,-4.299682658354805
0.017887362690840125,0.7305696968608102,4.527220096484772,-0.7926811170224219,6.918131505043627,-0.959286058895476
1.054259827427831,0.8173388962354986,6.3877988890272706,1.9575204987694343,8.76254474060956,-1.984832567604442
0.6957732376375974,0.6183055872974859,7.377581535158764,2.0390177616512406,7.795885506325242,-2.6709341660477772
-1.879404818766328,-0.6361608993220238,2.7407491725521584,-1.652897374619576,5.592763456062975,-1.056988891128698
-0.7701676600046098,0.3500110064229144,3.4581893845459,-0.811585831874941,6.308633082144487,-1.725608859890651
-0.10494919406997687,-0.7819765264301243,4.838741005612759,-1.915445173169566,8.978830492288166,-0.5171238955703423
-0.5431967015635717,-1.2452923148119632,5.547999299768556,-0.6652533693769238,8.004952158632129,-1.1044675203222087
0.9064564536272023,-0.8287439113074684,6.118092649204157,1.5092331499879705,7.739366588674794,-0.9827573113992983
-0.8768210203581089,-0.08963317467683748,4.742324313626988,-0.13177259235560979,7.253706856046197,-1.8027483481278845
-0.3634289256622862,-0.3731199588650312,3.436494616248279,-1.1437356474003233,6.724306315123619,-0.23783278971844268
-2.3199520109902276,-0.05556024939405331,0.6084661233789668,-3.512786572761264,3.72787618272727,-1.7301082152493017
1.1677765927166985,-1.8676206222259202,6.526173829721506,0.7012151451685611,9.03725496972991,-3.107140152703921
0.7037056977054853,-0.6803024737087078,3.6394801333434676,-1.8250849755488643,5.152766044294043,-1.7596504993689805
1.5448740435904276,-0.77906722515134,6.464117431288309,3.6774701045428566,9.354159452279287,-3.072050731205561
0.6629740748829978,-1.0094744454248603,6.303666890911631,1.9808799993833601,7.298959342577594,-3.134357370943131
-0.22856286932650932,1.0508510629908188,3.265922758268275,-1.1010109740895526,4.644489686398127,-2.0667853163601997
0.8427645820080417,0.7164403256393284,6.261040266164452,3.3283438131513288,10.774808968884034,-0.595323847032031
0.45900156138376874,-1.402921583053,4.966596710003431,1.2778573269203497,5.379360950387861,-0.8985867913835576
-0.549928463523314,-1.0324592853589927,5.102243463739223,-0.880888259327028,7.506479291559931,-1.5433907216232907
0.42343310643330717,0.8081745378477735,2.4832891451281065,-3.7059908834657778,3.4222745216009782,0.5101783937700148
0.820453573842574,0.47266236334161554,5.133570262771663,-0.5645900923715345,8.031571552410153,-0.19372193618124145
-0.6028945815555102,-1.5662908183068371,5.146049669401195,-1.2260885226224774,8.385173297460964,0.1150853655949069
-0.6520130705560024,0.6514205194064686,5.442820491328216,1.4909339730484485,7.068631925878286,-2.0891716707633927
-0.3151938012409842,0.1409728023225828,3.1937220066083127,-2.1379963712368073,5.010068584748561,-3.070359313661036
-1.2653410882988532,0.9712028635713423,3.824308415455675,-0.8897284537719672,6.8014142573143594,-2.4759733179087515
0.2339609967766238,-1.2969396601488805,4.86421771416722,2.282987307717911,7.32147395319573,-2.0038408176645786
-1.0866663467080582,0.02150997144270378,2.386569037345663,-2.3879486165226993,5.542590840893015,-0.44303115481355676
1.598248936722595,-0.09776323973417243,6.368057157598633,2.544021328864637,8.223203378090451,-1.4517348121202844
-1.2086704953591816,0.7340179136500198,2.3343351637347745,-1.8237742265689876,4.3267361390465915,-1.538133632344822
-2.3846636910599472,0.7157102422666715,-0.5733659731117047,-6.146603990421855,2.6578917591753473,-1.7595914397127685
1.2014718372503344,1.5255804224124732,6.423131003512873,0.8897927146305076,7.4365077846108685,-1.052720081722335
0.8509934901831787,0.0627512637667881,7.435459967436439,4.1993606927398,8.449057177041599,-1.0379667409559585
-0.8039284152812162,0.6009312711311966,2.4486498624454125,-2.1370305366324933,5.885663222247279,-0.12642531557279357
0.4712898953909813,0.3043553712341252,5.0274918720209385,-0.046828844287644444,7.685216209309762,0.8723650537411312
-0.6942316613557111,0.2715107027748479,4.086073911159598,0.03569378564393,7.239883589733253,0.265748572147698
0.021150742032654803,1.4152891323832528,3.7620786719496064,0.2399001612980134,7.00168462363805,-1.4167366387290463
-0.7300543061050095,-0.17083036523331874,2.4990114375775687,-1.3857941457144212,5.006949958092075,-1.2650273116601873
0.3405207881413492,-2.370575035283202,4.307705744597887,-0.8104285434446605,6.674300343069387,-1.401982330618435
-2.1164952432124102,1.9262373283365497,1.3966152970267034,-3.9999371131209305,4.278567777219178,-1.9404493119936512
1.4603965935409113,-0.9414987914535906,6.008641461469073,2.5190131806132277,9.074248845643494,-1.4097156736781997
0.5597047795343086,1.3270678843658883,5.517311261548629,-0.9424454521899164,8.90201979592262,0.7119598767612199
-0.15572354779559697,2.063701622581363,3.3754566027212904,-1.4456524067441994,6.916154515338776,-1.1778581139532234
0.5175983776765707,-0.5593774352037553,4.974673210859845,0.1562198568214465,8.02612141435287,-2.5642784367166724
0.49510012329116837,-0.9569804652255717,6.045615247963922,2.431784862510002,9.068261881663945,-1.464121530197287
-1.2809004408809674,-1.682005470049077,2.666840884965647,-1.4222236518571636,6.496438918498367,-1.725626000125894
0.12196828466499483,-0.27648702907142514,7.133469224661388,1.9472330242829905,10.336964979259227,-0.13410804322985292
-0.6189478848635087,0.46125392671568644,2.8564767438892984,-1.4936977593958414,5.328325174600611,0.05408419963405786
0.37140889227276375,-1.8189817436249704,5.370275486294343,1.1279178103844991,7.971314783147555,-3.0147478054335863
0.10494133628210447,-0.7854371228192988,4.032637874372507,-3.6141145436791886,4.827280950327341,-2.1783394208946985
0.46927003678740353,0.2336121937668877,5.26354912137778,1.8871312799967148,8.878210613887276,-1.4832338394969193
-0.577661120492356,-0.9685763554176708,3.0865555815237125,-1.119756079209313,4.87917715131111,-1.6562058844369378
-0.6710217253547835,0.250027548368005,2.8101775623188563,-1.9941452773174544,4.448423346643293,1.3565272598750018
0.6391165565584743,0.4452363175216908,6.89972838516389,0.6514071136007216,10.056724919708188,-1.565578140464703
-0.453826275315285,-1.4735632181735916,3.526952897368929,-2.901147991519192,5.9416763192783435,-1.3152388333206015
-1.0903810701019179,1.0850703879079404,0.551930945790833,-3.771778974756131,1.5706843506518096,0.4068058192680032
0.3921994835190462,-0.1964013868290065,4.407482567069764,-1.378513901016003,5.391701904049912,-3.3842769252487708
0.47554928063278684,-0.3984165217601749,6.950030456177781,3.2920791279606925,8.732154608760778,-3.4901857308052535
0.6052508281143466,-0.7647896496736019,7.1812068975341585,2.2879771376261497,8.94658963525958,-1.3192159747839947
-1.379486669349002,-0.5723756910683854,3.370282874425248,-2.3267824836377984,7.085805333378216,-1.6973927748843656
-0.23590552810443383,-0.5333748366376951,4.164964245643328,-0.8885241206001009,6.063358937312171,-0.10870999090572409
-1.41847651241114,1.8725799662432685,2.4027195895443096,-1.6670051635297187,5.099296760702233,-1.2699698200275202
0.26875660583177413,-2.4244724758590834,6.961312320641316,2.113981865058991,8.6350640167085,-2.439287639443883
-0.6366562809208537,0.43336680610150263,2.9579953935479453,-0.6204809324935487,5.954723964796293,-1.1941789284999602
-0.07705812778566497,0.3430167465250028,4.985372070242615,0.9136167011043683,9.396343974792618,-2.0983247587410703
-0.9516060778809193,-1.1521797447713973,4.875691681127325,-0.7414678978372435,6.962558347038857,-1.1866917384471443
-0.6239627042306389,0.10396820128847173,2.866483025069651,-2.114413867008402,4.798386220287609,0.4695032356569345
1.1010713024625505,0.7919560599567189,5.199464871064274,-0.777537741439948,8.51796986274004,-0.7731443867670097
0.516596132736983,-0.2253823970152319,6.389445174024796,2.2195483447951343,10.504025184794461,-1.4454131355839894
-0.652791878154664,-0.20468856181945674,2.72032078763043,-2.9211925428474625,6.199528230777059,-1.093855491544463
-0.021637297425890836,-1.0427297616909255,3.723088052234873,-0.5244405252708357,5.6217635814747435,-1.6078387305353097
-0.22607606380716505,-0.7844509949208494,1.9274886624489982,-3.9287670149273772,5.589237797921246,-0.37310684860667653
0.6271851009227474,0.23034264208536676,5.251544385162655,-0.32119506852005864,10.304196951154047,-1.2073515680828335
-0.2603878234972727,0.8166524294020004,3.877057283998576,-0.06438435449665614,6.7978676117037224,-1.9178692194893343
0.3466140234911681,-0.7757580524637646,4.5170088095036585,-1.207086261799523,8.679650809715758,-1.4727514674458444
0.8602170162987389,-1.8807092924345463,8.329571937334734,3.578843426638795,11.630129175541429,-3.511946544612539
-0.21308960943986335,1.4327598908836803,2.7393065902118514,-3.4386752877734548,5.3295767879824325,0.16462268670619595
-0.22140759497397527,0.20369710831421164,2.890753894411385,-2.0653608275125377,4.625258448732653,-2.66224614613151
-0.4730895348819523,-1.6228982899286994,3.518956831945704,-2.7863306400913146,5.588301193491179,-0.21827317881091013
0.4707056805773103,1.2971380572575302,5.387165047138317,2.631047460187192,7.687030492547167,-2.379085873225124
-1.4759664982225214,-1.2112542194451328,2.3045234579668668,-1.4775865285712833,4.520181059394039,-1.9905281572840083
1.3608434184154983,1.0854475473825163,6.986645808111363,4.424366805145887,8.864495944362433,-2.777600782082364
0.7887330188382642,-0.9175529156030089,6.640027356136735,1.591525142926689,11.156206427562655,-3.549424145508498
-1.0580105661610741,0.1218422269333752,1.6728628363620643,-2.8241291703395546,2.2014062944881676,-1.0239540917533336
0.5300001014792087,0.0800505450039757,5.346296704066882,-0.46495864847020063,9.86532707561954,0.31893024851101237
-0.7469561739715275,-1.0313485237271054,1.9262178402745334,-3.4587965885693133,4.673746253451673,-0.5856517352405624
-0.8862967688644503,0.716330110780437,2.2053088523442135,-2.362925044042678,3.9384194057163864,-2.560196143634255
0.5239610336347269,1.2580459483559685,3.555476964510357,-2.154023222105207,6.442754603557432,-0.5805163020087583
-0.06858494391765318,-1.1880869403873828,4.4549212601877715,-0.06624969882041604,6.741429294202793,0.7497116213410815
-1.1087758030262194,-0.1458772082705872,2.022143315703124,-5.3298184036608465,4.196365389681369,-2.729355441841242
0.781920494082445,-0.6697330909965117,6.404434420732179,0.7758125266860142,10.348857291787946,-1.2946173011056752
-0.35946857465874366,-1.403739724110971,3.859124870160058,-0.7121003729101586,6.829167588910773,-0.9900074972305821
-1.1196252235034803,0.1853817523545074,2.7038401850526625,-1.8348017556152554,6.18168172965477,-1.0283507673098942
0.9663907689328148,-0.20765337431435324,5.717936627037561,2.3091813420757656,8.7583919057514,-3.172246549628347
-0.9670376240251601,-0.7197888265019368,5.048863005643228,1.8583038847240507,6.6111081869603305,-3.080600356738594
-0.09297751691161404,2.247947084571326,3.581804937346127,-0.9900123622490092,6.756616375996578,-0.8972980904338678
-2.7728996599739193,0.48123808973857846,0.6444241105219657,-6.60618220366711,3.8148344182265603,2.28262139953832
-0.6405642352059425,-0.5920499215821085,2.7620555429800793,-1.5829519153496059,6.086264276401503,-1.8498739735274672
-0.08871758293689884,0.9528501844354409,2.7515180874829612,-0.5186900333782496,5.0624797301759745,-1.1926464836525419
1.0341354600003758,0.09828009150551074,6.6923583801876845,1.1402916992959007,11.390903538098636,-2.5527564548930464
0.7261242308715109,3.0128842807759733,4.5254949621007245,-1.075434322082092,8.588761297525622,-0.8335906633960951
-0.9379262480262793,0.6566220550053532,3.2600673377494864,-0.5865566673370833,6.942164434817954,-0.7045754767494383
-0.2535962008033127,0.5345335209916396,4.533297981002664,-1.2388919360178043,8.140847540282397,-1.2103085735694183
1.2740064530975634,-0.9434313162569986,6.29963360269789,1.0854900081163628,9.93423328432267,-2.0438470525622434
0.3231218010481889,0.7919454417431442,4.8960072079596735,0.27749297969973297,7.856641305126755,-2.9219895972060765
-1.1376820161697374,-1.4068962217393544,2.8538437134645,-0.6034873361880333,6.832679704248179,-0.15029066994099782
-0.5067242258509396,0.7403736986383002,1.0915139628839188,-5.040660943722728,3.171454158700941,-1.5055594061274424
-0.23817349266045224,-1.6637114347555988,3.972360638544197,-1.3827269528229706,6.4177984999742455,-0.562489755152808
-0.023186860180478774,1.0871083938613049,5.0606332131133,0.16983315624664552,10.260061873174068,-0.2061851582637486
0.12075815010648003,1.0769223605587515,4.548024020935754,-0.9447839374290619,9.203545896599312,-0.5683052615352611
0.4311140899882478,-0.008578949102427645,6.26388023248526,2.4445468022331114,8.763261484288766,-0.3476108709614638
-1.0225986181624567,0.41057216432967497,2.5762617823300236,-3.5009515524894033,5.414440056222214,-2.360940638509969
0.2219495164396724,-1.2851404369018116,5.616644359657005,1.103509745393111,8.988426446441158,-0.31062464274820356
1.5372530042019914,-1.2634988835876904,6.64829474085485,1.1705289050918914,9.023902698952053,-3.5251381768998162
0.15247986536770342,-0.38235314572028756,4.441214729057147,0.7418376021209705,7.789663537894954,-0.2930993544713454
-0.4079575176165083,1.751550292304594,3.3105738724695355,-0.3286328987729705,6.613166917883484,-1.0993096013374917
0.2917528213242217,-0.135074250262522,5.852689407152388,2.335543694386314,10.188380626824788,-1.0954881783580528
0.3205952444740153,-0.3763549848542749,4.539121364769528,-0.25988711506115975,8.220589770970605,-1.498799218815636
-0.12922402664750016,-0.3471737515578022,4.147847138927651,-1.8539928340292429,6.999565600498811,-2.1027385052207563
0.37664238732476,-1.1296374498573918,7.025182038760993,2.8276782728895924,10.595079338460252,-2.782652992409236
0.18175314788049945,0.4127511442875016,4.337614870926158,-1.0703522047187028,6.53319454641464,-1.8239544854636953
0.3360206914446697,-0.38939181072930323,5.680748581861209,0.47784271041686854,9.296946043271994,-1.09101074170705
0.6775242001603649,0.6575080780975089,5.610072915920595,0.9544853889004598,7.3317796204124335,-2.104699634248511
-0.29265271785321445,0.40444716670169084,3.918413954480132,-1.2394728853121797,8.043037474934058,-2.1351639480804496
-0.17655206030319096,0.4237426292434406,3.220288303500266,-2.2831789121061643,4.96951073180178,-0.2036960516520182
-0.0595158477059934,0.31324264081645775,5.628520783816662,-0.4811224923296613,7.832938216990021,-1.86637413632658
0.06698467909483406,2.12996672621398,4.491511299507464,-0.15034422011482704,7.551380887360127,0.2052732383136251
-0.24933977404008587,-0.6982907007696674,5.709590820298324,0.06801511097524604,6.737351564615718,-2.1910900175852928
-1.303200469868726,1.9161856602767249,1.5349232494164844,-1.5288832223387772,4.288610622721655,-1.282070383583309
-0.08945955292809644,-1.3335417717923606,5.035503284681402,-0.436254590306298,8.887201428389597,-1.4810641910060895
0.035406474307321224,1.0706443192492319,4.522931968268413,0.6997244340594805,9.346502695160527,-0.3954987418498259
-0.9127473779520334,-0.4008141750973185,1.3685838466227473,-3.7928086179881815,3.4889208341908153,-1.6004850801279016
-0.6862569008373571,-0.6613089727397856,3.762421275844842,-1.3995098747565917,7.418747667392807,-2.0863792890305755
-0.0221924776536988,0.236195148434114,5.381306314694533,0.9040731476382284,9.195423900893637,-1.968780108202524
2.0207140473929583,-1.134884558500952,7.5517800045067345,2.2864019231467916,8.336896731722733,-2.7859591388835376
1.171687086261581,0.22111470930600666,7.378049666007748,3.1305743277280884,11.156020583176831,-1.862414691092846
2.1126856844678112,0.7657971968386806,8.424744439147894,3.7888618640232874,12.46216291035014,-1.9574250300723781
-1.3056389595265823,2.1085060661447184,2.056478594089903,-3.869319013074276,6.660898158755604,-1.1724969597470425
-0.5886784069273416,0.26283398367867566,5.526506449797078,0.99505131340619,6.889509171236866,-2.753110958026417
-0.8689498021791634,-0.22964716295393833,3.5113292817362334,-1.2410511359511973,5.090739390162895,-0.4419783153633582
-0.293395594640803,2.0610128798006513,3.2077142721001697,0.2893070358084262,7.2317748436533,-0.29481443272663443
0.6258407046445027,0.7538708738151534,4.284257408594492,-0.677046165733572,6.589671096990982,-1.4392108431819663
-0.5835057700671765,-0.18890149999279804,3.5584235717965207,-1.6383407601342226,3.01265437760426,-1.509104268590039
0.6719740243022455,-0.45002180435599776,5.90968030208692,-0.7053123899333189,8.94930088332179,-2.615261061172154
-0.4328099584029045,0.47605615225749776,3.6679388003121707,-0.8817187473023704,6.055423137588224,-0.28290048991472705
0.177383732670357,-0.8595895062451869,3.844066733433773,-0.4844358174486003,7.302246273602814,-0.5341045643233499
-1.3555250416058353,1.165534522499248,3.460278549613676,-1.556272499319745,5.447025962715477,-2.5994044481184844
0.7223551976716976,2.512911374778421,6.314759486143534,1.471472137410791,9.589641773799704,-1.8201046489313402
-0.2889729771287878,0.02223348124345395,3.1813782373555664,-1.5134397469509215,5.885966319288829,-1.3906292064205057
0.3577642351124069,-1.1461767692012084,5.89991830651332,1.5658197748768412,9.169274826438837,-2.8059313934660306
-0.3685474725751162,-0.6280800826127865,5.916411657862305,1.3164670149729938,9.142635690293067,-0.46538622533236973
1.0519296629443424,1.1758352235148224,5.821176314690035,0.061248949224389726,8.576711533145174,-1.2838271153944185
1.371342345385974,-0.22542783837760175,7.506708473903112,2.1457332533477187,10.09857239890765,-1.8621199840818534
-0.17293023319343265,1.7364249113996013,4.512661164831624,-0.5493159114330488,6.824614216415392,-1.151597616048469
1.0831520167678566,-1.2511710689993718,4.9706827477967215,-0.28262139825379706,8.251136643062509,-3.368654075296269
0.9266637747403811,1.32637285738414,5.833720674388698,0.10184362591478435,8.632627026455598,-1.719011089479723
2.442351512956595,-0.5464520722899925,8.470014068787567,2.86396056882686,10.465334242823838,-3.0348167275034266
0.5440022698959368,-1.106232163985182,3.916506994269911,-1.8350538020112523,7.256891494860513,-3.2663980753119484
-1.9473343190393224,-2.4837824075347164,2.349620554569945,-3.2459509381552416,4.793743911702627,-1.673389981006289
-1.0140036793194538,1.831828481505509,-0.15751512652434974,-4.52711442578467,1.5154000878711082,0.1959651283786118
0.15613522401563795,0.05567761868584299,4.422377319875841,-0.7379206119471309,8.0603119859941,-0.02395167195031922
0.21258281854545,-0.264253137080082,7.0049743696944855,3.26313330912872,8.482082761277816,-3.721521047773294
-0.9549774061713578,0.0006796267167252441,2.844045605490545,-2.335738902414115,5.453948823716017,-2.082649400988763
1.858336434049549,-1.2125718372322847,6.997753557464182,2.666752198399718,9.570512340053849,-2.424051367332253
0.5383467692384967,1.2795542965238087,4.501823034117212,-1.2385499556955915,7.182367978543314,-0.8282401309884487
1.008820044498519,1.8543509982027995,5.969244227196553,2.2696149087216138,8.3655245859611,-1.2551064588149716
0.09847901155065533,0.11169779479339262,3.0778978656623304,-1.802163155513458,5.969559669700318,-1.3668975424948315
-0.7147330443015798,0.0893523653676166,3.2049310359425096,-2.6352096459073966,5.957768133112668,-2.1422688502245064
0.11027547542371377,-0.9474620810080957,3.6112782167148105,0.6400094267264043,5.767627915409984,-0.272154169019449
-0.2477521316251737,2.0592042318553694,4.705100022560483,-0.3260528295210782,9.492871433180932,-3.1071137465385466
0.9061158492471226,-1.811607036980483,7.297626827567111,0.9184450208984245,8.103767886928157,-3.279556664807151
-0.1686600244807973,-0.3210910309031505,4.252698771623425,-1.3518265970958332,5.629411321602044,-0.9141041004259376
0.2309111164672157,-1.0088822548825485,4.971932300211337,0.43797496649927486,6.4936304887517755,-1.9818827776576915
-0.19870929713806423,1.2707936036661527,4.918821955533375,-1.217706737634327,6.24120643643213,-2.713393305947892
0.030028618895724703,0.5712229684912395,5.243143603332344,0.377827507840359,8.419456750438513,-3.7675952625924123
-0.018975843275670857,0.9887383589904862,2.7910411635729346,-2.0337682255587652,6.744466294607573,-1.1956415094171984
1.117104762301571,-0.6045018741464369,6.90230997715776,1.5678653511243628,9.167252114542226,-2.2607655398602597
-1.4824354022807713,0.34470229968322547,1.8032872501670196,-2.6775214252483552,4.204481764110818,-0.5353477991917698
-0.6694474312064037,-0.29589455887723537,4.393557683593599,-1.5661904349526217,8.36759784178227,-0.8191390605405436
0.02624358907410097,-0.7905883322918046,4.686546412138242,-0.4496812265458998,8.70248270320553,-1.5799140255173618
-0.30107630805670316,0.8853292118467245,2.3163306744132868,-2.367491287544636,6.065950123495659,-0.38989148192756573
0.03486168071259834,-0.48603319271891937,3.370422540930824,-0.3222944688643534,4.313833432563203,-1.7083853738555743
-0.39988904221631655,-1.5715144640630865,4.318136798854559,-1.2562201859521294,7.830359479012409,-2.0311859393196254
0.3949577144977871,2.60837396880658,3.8653658088005525,-0.2988520154613814,5.627457963128745,-0.7104107092817107
-0.48022981601583614,1.1987432800990128,1.8934850909961363,-3.4191335954381707,4.211303242118176,-0.05785530091234492
1.6742488575386238,1.051231685723574,7.460514766182253,1.6169890860124247,8.831342234706666,-0.21470320857438274
-0.10212771418096107,-0.4013045576315929,5.476549365734935,-0.7593825616372412,6.863785388939317,-2.7478233672704437
0.38657690269731915,-1.2785808967554435,5.09819557952995,0.15050441152232666,7.389235168871165,-0.8868900872140356
-0.05441165846795849,-0.6338786469579957,5.236173324763802,-1.0498136009153525,8.293314529624283,-0.7294069672810238
2.082980964063206,-0.8057559862269209,7.532006793588961,2.8050313697837286,9.850996373684477,-1.592850977345125
-0.5482145906788486,-0.2849604656098076,4.843042390993565,-0.1543103001386318,8.127862531885517,0.19053423907389466
-0.7506640625414507,-0.9039197626825596,4.1451954232754495,-1.5306641940500536,6.26797096391345,-2.623591610651237
0.21564256771912424,0.3003885192708884,3.219695663222467,-2.645336081061405,6.590583914052345,-0.8843592343092891
-1.0550459975049262,2.053058533608323,0.8642720614790953,-2.8277283346141706,3.3512839153280085,-1.954267540503213
-0.5481179079620868,1.2603613369273374,3.9756356881769674,-1.5545744308953413,6.584024596827785,-1.9969993851489023
-0.541132268905428,-0.2950704875447406,4.140131398585486,1.2674212828341278,6.431428255492362,-1.9043231893014798
-1.8999672352172603,-1.6725390456094449,3.2158630862867392,-2.4903937268451277,6.416080490921628,1.4785789513078402
-1.356798720287458,0.2179363653085042,3.806456383682594,-0.7616782707994232,8.902894515724661,-0.6810776539167608
-0.7257195225520553,0.5394065039587306,2.5910651462480034,-1.9848844011180902,5.711728907505808,-1.3015885050424383
1.350053117663414,1.447719303996215,5.927274037988187,1.1894701483443555,9.460030717281896,-4.237165372117295
-0.437141464675605,-0.2764211399374042,0.5047772986331562,-5.120691357262679,2.5693153167365654,-1.5151557440745458
-0.09036444106772928,-0.7011725885817429,4.876573965238521,0.8967019337459778,7.729448792005229,-0.4534478914786735
-0.48285014006630134,-2.306054455708853,4.537064077161964,-1.6256918743852276,5.4902786685035245,-0.6583438607020276
-0.3373599782154893,1.5795181348482883,1.5433689667846346,-2.569281402763804,4.794264065231073,-0.9397794038606636
-0.5054087078899074,0.3534060194686834,4.022606368291688,-0.730947736248217,6.123228400298219,-0.5343616252578398
0.7419676151813785,1.8987884088173301,5.260319732388196,0.8485216932637991,7.9041452536693955,-0.9324818285960417
0.20128902733725393,0.7051966400156002,4.276250501790055,-1.4167284216717273,6.701330675751296,-2.1188711811186067
-0.7411941979169708,0.5954405701755552,3.1239241606704273,-2.0508790640647923,5.622952506444197,-0.9770302798433435
-0.33442759114913295,0.5798695261684967,1.8698841871062104,-1.538128437412332,4.762225803481516,1.1033775881046353
-0.2984006698080406,-0.9384562190040918,3.1134107500780277,-1.7695872132130055,5.9634413355247675,-1.1451831577775504
-0.35032952435190357,0.8341671739080755,3.3056508907194493,-2.7859039909410885,6.47803438323802,-2.307639499774841
0.46277507692170955,-1.7903180171894546,3.8279709243944877,-0.35419628099215716,6.851943540394191,-2.4905141708339875
-0.8924376729648258,0.5177169271905874,2.364963936409941,-3.287359183004331,5.183376949036784,0.9592707646789866
0.8161022301164726,0.5001433396920477,4.851800146211903,1.101824601225433,6.844702451853326,-1.70849935474437
1.271716427514705,0.7142573791638592,7.036712374079462,3.1980252536880815,10.297668644957685,-1.595100066953043
-0.44631585578423233,-0.014394635809115205,3.029078954873537,-0.17994906889394247,4.9307793976760115,-3.033447580008777
1.9368980230737098,1.0818997676532265,6.4212595783492485,2.4439527842358046,8.500823699848223,-3.4674351417505536
0.6001058952742833,0.13917662612159293,4.722771109475794,-0.9179228767279215,8.012846439160608,0.24881409722811654
0.0914747607264241,0.6067382936427057,5.404905682499303,0.3852016392729054,6.312932777228001,-3.219773558321595
-1.2589082602629236,0.39197985664397067,2.032472242253259,-2.291656071939349,5.286915634759721,0.01633581361352865
-0.5194709410727515,-0.7660344349531975,5.068111301826309,0.31976903746990515,7.588286634994131,-1.0363212213793305
-0.15879206011572816,-0.8223716296644283,4.079902235099714,-0.025226580793017206,6.010366139758787,-1.94411991656752
0.2514287559052773,-0.9339138853269201,3.8682405611073736,-1.2580788981667717,7.389922696998058,-0.6241034205192735
-0.6516838194732355,1.2379906162117582,3.8577906791194723,-0.8063242262557484,5.9217789350799706,-2.0517516705810044
0.5026451184657768,-1.1699634828681051,7.517478023025013,3.2663599089002235,11.20383067093122,-4.853947354493123
-1.010840939789875,0.8184104045500066,2.375767244907978,-3.6211426055156934,3.95778706332604,-0.3393231518607903
-0.7847947212735666,0.6574650525925652,2.9001974719159076,-2.8757695921273023,6.453473500428661,-1.7628427869281476
1.9033862872737035,-1.3371803160551599,7.4135941785281805,2.384988941993688,10.031042745797295,-3.0019862615180077
1.1058590992399453,-1.2942718001580875,6.10897274338971,0.5403189878542989,7.831196262210465,-3.2479282092314534
0.5624021171572643,2.734375008496215,3.714538724000687,-1.0299364286546062,9.133471825263335,-1.9006552822496077
-1.1357147823297709,0.2705245558644105,2.660363455640511,-1.5248764302447637,6.481161911822396,-0.7643802008940347
-0.7096683976363626,0.12175715365152376,4.582744142320751,-0.026779442291132383,7.554768501358361,-1.3305398774354986
-0.8975853865617808,-1.0669501905496,2.1257632523941474,-2.270597408957799,6.4435590940066,0.8827311851381298
-0.07539493340177854,0.4679868821596149,4.11233734844421,-0.025562423357041508,4.7223883376447375,-2.2689227491637665
0.9306540575935757,0.5859825996641558,5.87307280244183,0.34253349468491834,8.674154946861195,-2.806241746879905
1.9106268464094318,1.764859436912154,6.390087707049838,1.9318616915877518,9.61404179220228,-0.5929602083636571
0.09110548408229241,-1.142414435957872,4.87647891358273,0.33686645270674304,8.520108228945695,-1.9029067041233105
-0.38874862859558923,-0.06626589356011209,4.02649422644034,-0.012986219108083397,7.30087078500542,-1.5563306332468745
1.5766157426996203,0.5026881479738922,5.540557001309283,-0.6207535620380105,8.708005385625693,-3.306125200118341
-1.4450772860668792,0.17772946784586183,0.8412086119370215,-2.1150617701909638,1.5822695722968136,0.3959515621684915
2.2854574569225288,-0.2485911504553864,8.700938143534676,4.523361891655476,11.499235672935177,-2.226239312019984
0.5519408255530851,-0.46601947261251575,5.9512746089322555,3.4616163073508046,9.491249745363397,-2.2097733452874366
-0.4604503630738136,-0.33912428803319405,1.905369709834352,-2.735317654407096,4.417122260887451,-0.3507287056828503
0.9255470441834703,-0.16687385024239768,5.107616544509984,1.2164072035631062,7.569469681476403,-1.3237925415973328
2.7728710213685908,-1.4807213772003651,10.27140664878769,4.090965899553256,12.914977676094237,-3.659741451061509
0.6824882834082512,1.2540245422390512,5.652485603120555,0.7670155391789955,6.611281762955393,-3.6554238827184964
0.06653050683970729,0.5986250378145048,3.18205247829367,-0.445009493238685,4.857672069173114,-3.9428352542345846
-0.17594198455757956,-0.46301751294554455,2.678502260242488,-3.5215703459100434,5.511285240169176,-1.800826773635173
-0.019198865269160332,1.1260188473022912,4.435466818382744,-0.21869654482215328,6.286522407247176,-1.8296668899562267
-0.6401952141174423,1.3488556610632343,2.8366602340057026,-0.8564203449122021,5.983321934350621,-1.5671447989037373
0.5192105717488484,0.06504174083674949,4.058347696533597,-0.5973372324784375,6.829972181077102,-2.7421554886633173
1.2354574916025496,-0.9822013218819924,6.989116522538893,3.107070873681548,9.97931742150938,-1.1827988023544982
-0.378531536891439,1.2200845983412547,3.851485542863144,-0.5500723999074171,6.722339634811511,-1.5037534444683107
0.7994547607474799,0.19748152950962022,5.742395886099366,0.8089307541934679,8.855043324925685,-1.3505953615241493
0.1286898364445479,0.02901693943040639,2.638762996951661,-2.550948694168092,5.546597338149974,-0.8479553403227224
0.8599913664544507,1.0715068068904183,5.742499722067233,1.1580247980858454,8.617448817897488,-2.3237096890120235
0.08647492437627122,0.23150621556401146,5.4485490738597635,-1.0752989680295062,7.586548248211116,-3.6322976815119232
-0.4954204874742692,1.6068663803359182,5.191379307557679,1.743352623912136,7.352263742631745,-0.9402600398955363
0.03789967674344184,-1.1257479895799132,4.880655897454545,0.45904547244481625,7.3295994837078124,-1.5001053308404877
0.28946581448468073,-1.4209674598012159,4.892658857402207,0.5345993475980124,8.32257099444424,-1.8022710198718483
-0.254476244520485,-0.3300154808407398,3.6794871967183997,-1.2246563955757912,5.518537024577815,-2.1336133002381326
-1.1017592933715903,0.7883429650580916,1.4057484162489362,-3.0058063577555263,3.3279660760519247,-2.335067891258412
-0.18690954925715858,-0.731969709347371,4.651543901026345,-0.36784492599469354,7.95106032983848,-1.9022288841814676
0.46076418728538626,0.6532658417365157,3.5622369691340214,-2.585086357346749,7.603666264888853,-1.645154608518812
-0.17514303411539622,-0.12174363331427168,5.742954587592429,0.3730807873180467,9.27743917897984,-2.6942565123811884
-0.5374815442954671,-1.512081014810771,4.58788749182043,-0.6775639732621404,8.168446614577228,-1.9710320788740012
0.23185374311620394,1.0672497344407768,5.608529896440424,1.5731477819359538,8.089699835496887,-1.635565769992182
0.9850627727538989,-0.17866236136777758,5.833446584575486,1.1456748886572827,8.992940122827626,-1.5040733916030238
0.04339888367096512,0.8952799854257307,4.30592368440682,-0.377601379709925,5.964216889016674,-1.5887564908982283
-0.8781133109646749,1.0021879302121177,2.298790885945035,-0.018485715955094406,5.059679679463224,-0.6151309587431695
1.2655064487383478,-0.7079177097681001,8.007050406748123,2.9405294146600625,9.689037749277242,-3.1437696619967097
-0.18841748994512025,-0.22570510748050845,5.82491338075052,0.9690754480024124,9.540465104002346,-2.6624313735812004
-0.4865685059134496,1.8590951251416357,1.2502848889155003,-2.882444390696443,3.32623026681292,-0.5876760915503052
-0.6515166675759476,0.23737043169597674,3.905486667757409,0.833598787103621,6.745952611862202,-2.043058370957616
-0.6366455810258583,-0.56842194037226,4.400850732091861,-0.3352272318922453,7.527546613572044,-2.79781274428254
-1.4536193257708823,0.4159614606986407,1.2699525493205164,-2.3412681037774283,2.5313578250785325,-1.0155086336182533
-1.947429783761563,-1.5311734120716585,2.2340403474472543,-2.936329807574835,4.274993171486219,-1.3386591610686276
0.4066511241407723,-0.03760168452016572,5.000957848779458,1.2876418994243573,5.914743818481335,-2.3754077776318296
-0.27595105006837256,-0.21353873755246996,2.9647527696392286,-1.6898522002906518,5.570170104633801,-1.2532103452879282
-1.171997758374501,1.0938323900260782,2.0090882010166884,-3.4694473742721006,3.805778254726947,-1.3543335628295763
0.43113261764955124,1.559009582039146,5.689774948283868,0.03553718793361882,7.78611870828518,0.45950315090233884
-0.43983608931816015,0.11506578721267925,3.901164962562436,-0.09758098239695812,7.124389144087966,-1.9016092572298948
1.6895970698146114,1.4041936609743981,5.810301003030553,0.7247829231402911,6.998850963662205,-3.003234954014995
2.9395444609609154,0.08136333231973684,9.319169531880338,5.374865409516497,12.321146195465955,-4.699941328840079
1.6880239171963218,-0.1625890279830693,6.914125093350915,4.06125358949587,11.1541250513629,-2.1003590256771503
0.7793011530249265,0.6710541547509336,5.580565998813836,0.4382375424877828,8.347633285419782,-3.4938815817740583
-1.6122818589151047,0.2550363057751589,2.5482548231572757,-3.306148343425348,6.234265578910135,1.0414702082812273
0.4047553694405423,0.1772327653184838,3.5321817839066068,-1.6863708448141943,6.32751158544209,-0.5325728541945066
1.902679680584606,-0.3896363807840533,8.843184278929131,3.8339538781230447,12.82015225873199,-3.3007197090396136
-1.0862697314845238,0.9001459946954998,0.9170309818979905,-3.0003112246642027,3.640753980696417,0.6222304407722872
-1.4225701443150534,1.7628130876462922,1.7338100635933298,-3.5038347159205783,3.602113147330213,0.5957578843140768
-2.3246750285921083,1.148932474189925,1.4075648583164408,-2.3833615542101043,2.260226548360082,-0.7418880250511066
-0.43677375060337237,0.1456549621224979,3.3179520708939583,-1.259865576321412,5.749635059509594,-0.5701179048509243
-0.41522164810469003,-1.2297256913164267,4.464696787243144,0.4329409226027655,8.257660453967375,-2.060208730249739
-0.14374809581162779,-0.597078801549632,5.273467700018241,1.3838821377283141,7.921890450268099,-1.0097967212301282
1.643898637997348,0.755528152144604,8.10871541397833,3.8451194419753243,10.734762128835836,-1.5391493906537028
-0.8643216538152726,-0.5151503098027045,2.387093750448678,-3.1531258663636086,5.273444677847946,-1.3488817179029542
-2.2340016090159867,-1.154079350081331,2.2626990906913713,-1.4128630520708712,4.5950780489646865,-0.6194975797055625
0.4445315705222947,-0.9026524235613068,5.4584815329461795,-0.18333773219045713,7.994197234775169,-1.4016303440675
-1.1769673780778376,-0.4048323558024775,4.115276077444049,-0.9413063163628055,5.8117808722932125,-1.2423295785082025
0.3557780043899124,0.5189850738601047,5.822364355752677,0.7407685872135443,9.347997689692114,-3.254539271016734
0.08574265591638133,-0.5720015398579555,4.183456569353936,-1.3631148650752147,7.290126453556071,-2.2786317373802527
-0.20927067915440192,-1.583657694599334,3.460940467790262,-2.6887805406631733,7.393527806781095,0.27421252321680756
-0.02110657370657157,-0.0650075883185115,3.988301173727411,-0.5451639810113951,7.10661325103618,-1.394834085333913
0.21955932669292413,1.662727898179866,5.230086758420282,1.5624249671301786,7.461821845358003,-2.1535186387781455
0.5533058660220288,-0.8794248745453488,5.6588861314743735,-0.04640748255420479,7.250185996123926,-2.1751360411276304
-1.4834137084873917,-1.6699663520761647,3.6727240160817347,-2.187364831025341,4.729957005542538,-1.2790650209193206
0.528129532182301,0.7262754413598643,5.494031349366133,1.5590797006107397,9.6840692969333,-1.3662475696057057
0.4334432414383877,-0.8435613266642663,5.301708408670429,-0.677800495505466,6.371458191735334,-3.0275142422440866
-0.4094008287292764,0.8609465328382567,3.369271670253227,-2.7163601632497087,5.522211598869058,-0.7531671451617259
-1.5734125571645121,-1.2945778366754876,3.2585788300416483,-2.3557015929698726,6.674468139763279,1.0055442023222974
1.5541894267150047,-0.9755884007867488,5.827784400133447,0.6738531613638296,8.881400004774342,-0.046687777815125786
-0.1377917909866027,-1.010372152467057,4.9367806024277,2.1953143892959,9.536223958172933,-1.9625364533046508
-0.10151807138455109,-0.8254682159741884,4.251042493826605,-0.44723290520559134,7.662216498525687,0.5677862947027055
-0.32589846888601637,-0.752495269073528,3.856406979651019,-0.5967306888594853,6.670826990238773,-1.9826580336667132
0.8396090227586288,1.8695151797863863,3.6647478793896333,-1.9026545777787598,7.793066062545529,-1.9268175841039812
-1.1359763114796235,-0.8348576555303332,2.7825465755166396,-2.4925902951451295,7.4770672687024575,-1.1937193042320715
-0.3407470939188769,0.30845255201723715,3.562305811069162,0.2993833958848189,5.470167847816684,-1.469394589480767
0.4439689561183711,-0.7415277213707485,4.100774223781957,0.4690211486641518,6.665444281390542,-1.1200824375662217
-1.200401318264966,1.43569692935135,2.846158187759381,-1.476180131056818,5.60158408272594,-0.4115728003588339
0.010502126254843615,-0.501934675385816,5.242138481281113,0.3556973508033519,6.494953025395793,-1.5697126817167344
0.6296747482810737,-0.6546479617609451,5.688120688477164,0.4595788450085333,7.789685298704357,-2.5809896714435316
0.8844480662718696,1.7376171046046782,5.21916826152598,-1.050622209465075,6.599522238433494,-1.6244401931359667
-0.7881645517600848,-0.3864991181785988,1.9230215788927747,-3.536106208857416,5.405823550202867,-0.35617992318119107
0.3080847036193516,-2.629372900334953,5.987731711510882,0.7866489581383256,8.928101633628557,-2.1240542514764043
0.5351732085767416,-0.3216115808277043,5.75394442804334,-0.21233745538759763,10.213031269284658,-2.1757840821041547
0.8705107298823132,-0.7553158997673116,6.264142681911048,1.303120803938169,8.81744740865424,-2.9286973349579744
-0.04215892553906014,0.08469049198834643,5.704916177059662,0.7821586129953951,10.342730078638663,-0.7815171280251731
-0.46076819388017914,-1.0235252993448696,3.655435672559884,-0.911423563639101,6.494088736727449,-1.5397769187793042
1.3397253445978912,0.36674769609432006,8.825620217029268,5.2948151607451965,12.002525052803593,-2.4357901493262153
0.9876791079327726,-0.3563208850171654,6.359767419199159,2.5517439079486186,8.535899135533736,-1.4742074025182803
3.147821283241987,1.2931101858738994,8.951112982819309,3.56019289826387,12.702512201954352,-3.5746990686584716
-0.6827162254252406,-0.5305908435698022,2.5475244798144905,-2.625211626995731,4.826512866287921,-1.1941148246709603
-1.1424062960027457,0.9996478368884123,1.9482704926488235,-1.9875315991074998,4.1993195041182885,-3.1708759329486167
-0.4410960156619166,2.8996559939627224,1.6734690130386944,-4.182334764981414,3.6241250787717565,0.2942062644435929
0.13721146570310253,-0.060921880520210095,3.7977874901187727,-1.9761165422175033,7.562434840180836,-0.8752471990780355
-0.2491832915764341,-2.061694346573236,5.778645353265701,1.4869719247433246,8.690338706083768,-3.014589870012679
1.242360217324116,0.03965306230202214,5.932722220832037,1.9942144877043246,7.512148609406797,-2.9405818696120924
0.44097391093464255,0.47024186552249186,3.3973800850237525,-1.0110676109223937,6.79480423468723,-1.7464183832136722
0.0585803456805668,0.6454834303173056,5.669074465957099,0.8767548803995073,8.24697534206698,-2.9278898342198625
-0.6633188228175585,-0.5073934437708411,5.822871249331598,0.7043077541920357,8.392400199797398,-0.15156648273204532
0.35885497175971715,-0.12565299502624294,5.069900004291992,0.7796439021125893,6.939552516094573,-1.4695133337421877
0.35253229335396485,0.41875316850976524,4.151663558551713,0.997147020187751,7.193460943165084,-0.8227907715240023
-1.3715142564124576,0.19726419689967675,1.8997053991690582,-2.6229145837230847,5.797754668770518,0.11512155629923737
1.035534544363398,-0.5402088875516775,5.2845548278124195,-0.8482594555022802,7.738672863570013,-0.1935217288996336
-2.305578677547338,0.5462622861174998,0.39879413592951307,-3.1301853590693174,3.706177060739023,-0.06434915675677691
-0.07351671562569011,1.0905857040063334,4.895452711129464,0.22209627027737686,8.209367719563438,-0.2596304716696558
1.384740099119372,0.15197463829410413,7.227350150720093,4.055277903370401,9.162561244531929,-3.032367809673895
0.5696122925578565,1.8849728673155106,4.741065812939024,0.12946138077835256,8.127879131026926,-1.9118287527248847
0.7031777003281438,-0.3201073852361196,4.681811284865422,0.20271121027563216,7.083433516939123,-0.8756432807146984
-0.0698457477238752,0.601486824442564,3.8666435956488066,-1.703706028711495,7.1441477370373505,-1.585198546539842
0.7312358941629121,-0.47079860943787327,5.700583077853136,2.1256372272243875,7.273554014259395,-5.12677732564234
-0.5589523163337516,0.17284442949457027,3.2395936610292404,-1.9041900181893556,4.5095473515184015,-0.9382850622582295
0.8899444416950228,0.4157851627110948,6.722138403253069,2.157281419311463,9.64934053695516,-2.171016384325104
2.1208310224669535,-1.7130284931128978,7.99970511637313,3.1442178449863003,12.154977353931526,-1.8978892138345382
-1.0916907712938273,2.436474221539761,1.4553472603072715,-2.1118709576969694,4.853408068059328,0.8362238478651292
-0.46167113887090205,-1.6762840669132817,5.184954532775926,-0.3220156602218446,9.15280597688847,-3.2586801049054186
-0.4644651642266837,0.7399045984543358,2.900051843709764,-2.8101060467917964,5.47085117380758,-0.57660531779148
-0.7145331538111578,-1.107252153161674,4.348743038344028,0.6753278660628215,6.955144350070101,-0.14408468290058463
0.29148490003933364,1.5985588147157375,4.49662317312793,0.13335375789711473,7.305198549674383,-2.688698197499127
-0.10417802988263843,0.8371157437475147,5.309096969808535,0.03559059476011034,6.441922829112149,-0.24766809732772566
-1.1063040766640437,0.4502711773045019,0.9217475741473102,-3.616464350128966,4.349299238448662,-0.9816286450292597
2.2072121862196292,1.1152049631864027,6.647828922159807,1.4346347855935124,10.029300144666927,0.6152657121315568
-1.0728218474987572,-0.1810922813868478,2.5356846167836147,-0.267795675190295,5.91350824786512,-1.185778559483645
0.6171086076877786,0.611466484784743,4.372282116382776,-0.0042639521116734636,6.835680960937965,-2.982936534612072
-0.7418328877444189,1.345130987638051,2.1983755664495144,-2.1990180156032855,6.8311809740514535,0.3052640405545649
-0.2442125687179792,-1.374699632896569,5.714996819787009,3.1149557290386802,8.23670824220905,-3.622742473289179
-0.3152539979674902,0.6021824630594383,3.1631586831833634,0.09083326777170897,7.003504587799001,-0.6971164954968034
0.2206639941814508,0.8962380643979281,4.358311400190441,1.0631615193902817,7.6159770549372565,-2.9156401667784495
0.2061449855011161,-0.042158526831286916,4.72938830232855,-0.5804941743171773,7.648364988453982,-0.6035350072212446
-0.9033886819160328,1.9650752648283327,2.7387794726019097,-3.438589084958731,5.627520554041038,-0.5044549400001873
-2.060181566014477,-0.751794465497042,1.691133997143909,-3.1390483981387067,5.0083713545765125,-1.3923790469180242
2.031079517603636,0.18558295848046527,7.835312624811952,2.778509175633097,10.459001049124575,-0.4384337757700436
0.6479513724507354,-1.073314827347126,3.775156097287315,-1.6028773720721587,5.180477060980699,-2.3123778451910404
-1.8235293939751167,-0.7875715967331114,-1.0549138767765114,-8.312551399124263,2.0600650940938725,-1.0251961832543734
-2.050609352249554,-0.39000109621469126,0.9347668889108548,-3.4344269913878027,3.988192426059583,-0.47710434919223965
0.36621519240744776,0.2571902606811787,6.94920423994974,0.9487844848771041,8.348681461732205,-2.8844149085133
-1.5828763924013085,-2.032183845798558,4.083900251217798,-1.4148847503645854,6.0938096511912425,-0.8662261477979132
-0.2837488869932348,-0.08288016990854051,5.706818619919335,1.67273626688966,8.029664643501926,-3.5179795305865156
1.0547723701858929,0.5996643575907271,7.160166965184729,2.0139745977738457,9.809923878450292,-2.25964016848298
-0.5414602656522841,0.5269624459753551,3.6592606373099863,-1.2946073054041038,6.821451125830999,-1.6502562668485896
-1.2098402059798323,0.26194831708127286,3.678019264348802,-0.04609455900843207,6.306056598949399,-0.3450393484180432
0.6046089792790238,0.25975607476092966,3.9865649352428614,-1.2595441583955505,7.026876453766748,-0.7509059249814606
0.07132602046546374,1.288493309316702,3.018415710515306,-1.9172931176034356,5.698588435881428,0.270981534317728
-0.020719369106818847,-1.5740690767767986,6.711589981837536,0.9028959159496686,8.946727368436388,-2.2184906876576806
-1.217832924329929,-0.21376931701781585,2.051179736047939,-3.084036349872902,2.975213669512866,0.8705513101165604
-1.1542982215909845,-0.3409558895356901,2.779670032755254,-1.185374199731605,5.155570075348972,-2.5606111496922157
-0.5328625860015204,-2.037213067756645,6.556715302334478,0.2734768360733233,7.969779470440701,-2.112291257544422
-2.077868511409373,-0.5052142568451553,1.639920938984182,-3.8426607944763416,3.0591080134683915,-0.8020464230882385
1.3723385332046054,-0.8143371275389509,8.536821163131714,3.2047505617640435,11.232690696848428,-3.3186739129091594
0.9641250685967201,-1.2520360135156314,5.280350414164412,0.24751808377233048,7.2439597893499,-1.9325398733087669
0.3978745954057583,-0.4478706970758608,6.9687094494778705,2.533553371605185,9.967449460849908,0.5653442683025758
-1.5919462680806649,-1.2233901018159852,1.9101185162388363,-2.5862136639912747,4.978699277718124,0.8853639976090283
0.1843298530189374,-0.2401426231381013,4.969222421177627,0.20925966519347552,5.751227427450543,-0.035799365831624685
0.26839828651095043,0.05200484292591941,5.716136629873901,1.5993009580975732,8.48260596217535,-1.1548066373479307
1.6447274013414663,-2.228136065383277,7.738481538045109,2.4975438442457625,11.908348023441961,-2.582582287978696
-0.8126750220358617,0.8401173124975979,4.246704490030315,-0.7834929490730869,6.246229219049816,-0.9172831808324673
-0.7671528189303864,-0.17948307343192843,3.802977212672389,-1.9383121052312418,5.8395457588358655,-1.708399416886362
0.1972033888135102,0.13959398061914965,5.624716032236153,-1.2448448787047282,9.093096875032703,-0.18362057302000334
-2.591874928410129,-0.2501517893801339,1.524440731158252,-2.797030384449107,2.2154849911450265,-0.9966740747183682
0.33787125014709696,-1.271382584961192,5.722330490759087,2.2486701292950615,7.809172359951046,-2.301814660637608
-0.5721317579419812,1.7020223824172347,3.5162194350005964,-2.526634108785199,6.884556112306386,-3.457434008264156
-0.5769650680082941,0.2742075877608498,3.5042283333147144,0.7921998757885897,7.107131814379131,-0.031091618630026963
1.2987734361633363,-1.2618541431085872,9.640296801973257,4.540767288572818,10.863643206320171,-4.653878089510819
-0.3164345384837742,0.06326512104372092,3.177190089836794,-0.7951790845302693,7.2238864702647065,-2.896591675209287
-1.529939674443686,0.8036869347621592,-1.503349913488453,-6.933900242739471,-0.3838085126193038,0.6021933698039289
0.2481641245507761,0.48394587678091905,4.190119092158953,-1.6912341376537057,7.9774257318574335,-2.9925443908250013
-0.5050371587864727,0.25528147913804045,3.4007278146353905,-3.132806056912592,6.394254404491166,-1.746280923137921
0.28212910047100415,-0.49197472398991543,5.179893717928332,1.1096322238214231,7.258479127656218,-0.951377805359496
0.8875584764226782,0.7604207945443198,5.234097778540581,-0.4495760626870754,8.611908422849307,-2.277031010278713
-0.2354841970711421,-0.6207608795848187,2.9872820355033425,-0.2393125394644593,6.609103813442183,-0.3160218417937696
1.2780618028493278,-0.9340949234648162,5.705496684313186,1.025015681607422,8.874755898223396,-1.5824981970337653
0.5313517116655844,0.22730637483972654,6.438443364148439,0.15653515922826733,10.876209292878583,-1.8757290806634375
1.7063213243369049,0.2894197653885178,8.099509290376057,2.7547621306505055,10.590443674694122,-3.905659194992795
1.0808554344295003,0.34395411193564823,7.339870294186555,1.3027633523236881,10.850638346168026,-1.7935939655425837
-0.16320703731671754,-0.978452280267093,6.741815836186919,1.8308354620235578,9.476140814179448,-1.5871338753608129
0.10367688514977508,0.7954324773487698,5.507415281821327,2.5336834885667185,7.710471750356598,-2.2468634630809774
-0.21633175800131196,-0.880482785124735,4.620944076164881,0.30315467602198165,7.997390258861529,-0.13330137200148995
1.413398937920676,1.3979058116627563,8.149442011636761,2.8736721397677334,10.920198765194339,-3.069992441126051
0.31701041473769603,3.311456860303611,2.9025128365670083,-2.383153001960409,5.417830072428692,-0.5821757241703929
0.4193349647928997,1.3715736439959867,5.379012550067786,0.9347536897034456,8.108867831782167,-2.6332921143909793
-0.6238414485498894,-0.2932702569523467,4.844621659333266,0.9224101261622324,7.020034476606027,-0.7371467501859003
-1.23390873278405,-2.5512854775902754,1.397320927486573,-3.0988535571760556,4.025922693780921,-0.5728903730652327
-1.0888036841960937,-0.3419576175769094,2.7986384743342128,-1.7543661684574603,6.97622072116266,0.23256178375725467
0.16963615178700292,0.6576456284528881,3.493009157893309,-1.107433770685558,6.025799364092801,-0.9537533620272294
0.0701150307541132,-0.6666211354553445,4.012421750535666,0.13674938225064637,5.822813718713042,-1.7991996139938604
1.551163321332261,0.6514820687842333,5.138666154038226,-0.2014150514982086,8.432287843624877,-0.31070589820393013
-1.0100823426203576,0.9539627952352223,2.0188931507406456,-4.199531338429993,4.964983490195327,-0.5656099347922778
0.006399756764930209,1.913747481483804,3.768699249816931,-1.6855942256933714,7.108446433046616,-2.922727435873917
-0.3969428521187948,1.3769301392480413,3.3276452828030325,-1.8640495040568494,6.159242517078351,-1.0726445655191672
-0.08879907801137794,-0.5329470817497847,3.2497233495309548,-0.518100615035384,6.219985937804783,-1.6276014238605434
-0.42491000101477067,0.43223486400619143,4.098608941233454,-0.05213910153982082,6.729087670758882,-1.047130431258823
-0.4679838702178159,0.7386604312874535,3.1243036814834504,-1.505246066060837,5.964521379988209,-0.4634216478369839
1.1486974898743283,0.32423086545121704,5.434292384500542,0.22327894953511868,10.667430932072929,-2.6374065944850456
-1.9764129934395427,-0.6154193383769261,1.6481579600870553,-0.7025820445600117,4.059341542024085,-0.22912238239751376
1.6119085064156429,-0.9122742631011128,6.875201035012481,1.5177962768866806,9.720618483009703,-3.0150892614460534
-0.780031091976544,-0.059826812628119674,5.632506654592788,2.615726394083911,8.016310411421186,-1.7406442113721297
0.7631500157515965,-0.1910916678731864,6.269771502744233,1.8999504244671683,8.769277310645053,-1.243466862995339
-1.0980838502524712,0.18891083892495056,2.6552940026765306,-2.252280486286215,7.0110394329340675,-1.83511272477165
-1.4233707200733683,0.7672686287206427,3.050181444109397,-2.3873459636410606,5.058649066963283,-1.7285269947047652
-0.3249481635961135,-0.9505405081459556,4.958486007349512,0.2004962966418627,6.813547545798905,-1.2984186840948342
-0.36685487259493726,-0.904145336454818,6.131942806338345,2.090771387810855,7.156246245201065,-2.894035673474136
-1.7426187102068804,0.541414916246286,1.2612941330066443,-4.832652367760389,5.531108455679433,-0.25020419932794125
0.7238759070559383,0.5918485955211779,5.026448240062326,-1.3915208027719974,5.957581708517764,-0.5970990803456924
0.7124330203201977,1.0354027343273773,4.789880010948047,0.3376483328006226,7.862856031313973,-1.7649219406098784
0.716853858615961,-0.9193323671898979,7.051575898979367,2.4384482482401304,9.729990362310371,-2.5538871309474254
-0.5212129178074569,0.7254537938855685,4.985449832662852,0.6810204101137065,8.534831125786472,-0.04475371483275348
0.1884105024955541,0.5033683752471484,4.48845971574651,0.03851708325834996,8.275122374537393,-3.2128625085184566
-0.7038170368802097,-1.5649594517793928,4.180670665601351,-0.93141988025114,7.018945728888108,0.03534370184115332
0.6686262705936624,-1.0573238309124473,4.094343661835405,-1.3607993272526118,6.618542394984734,-1.0585102117116685
0.2932725340864974,-1.979904021672826,4.514873854994384,0.20358686069879867,7.486076501100399,-0.7403907557034438
-0.42819884325254476,0.6738334095506807,4.350520913479446,-0.5495735257731413,8.15078108237917,-2.1260164846591936
0.6445439518773701,-1.0161014866241258,5.879229504175412,-1.0433749195299584,9.344963848355363,-0.8005884675135948
0.8525441171095299,-0.19782445778954202,5.311255275228534,2.4556161357782234,9.3625793570696,-2.1538609169478384
1.3227032825309368,-1.3171268649853178,8.659773645944284,4.40035889733652,12.326311878133371,-1.2879404933837622
-1.151974482849848,-1.057917683497093,3.1654262374694797,-1.2855594304284468,4.354984243495116,-0.9357490009241535
-0.5256240257921971,-1.0815514868778011,5.062620021479918,0.6337251628846734,9.162005134509661,-0.6802712914457824
0.009275074296206387,0.9299550796627631,4.438585838695098,0.40792324225226495,8.070728811473467,-3.5850912081586275
0.7081195970686851,-1.5841272711120253,4.063581439490235,-0.619826301299602,7.361132481188903,-1.3070797059077144
0.7738372190883718,0.6604263185684998,5.061401392379253,0.3285705314131634,5.390894922955509,-0.8003657750640153
-0.9456061464799821,-0.6216526602956048,3.107895230773832,-1.3801506171689528,6.197366806867115,-3.3391481149972924
-0.9095356179628994,0.6584917340177169,2.59091190119663,-3.393261540899699,4.485727672581653,-2.915447454627087
-0.2852915796882786,2.7829199542435608,1.50279338514802,-2.8386808771528447,4.836963419203461,-1.3851539041225769
2.1402327193891235,-0.3254048522761045,7.287897229156148,4.259200818145892,9.88066126525882,-2.2268001734815384
0.3045172610594067,-1.0428162215139105,4.517029070665329,0.44131852503609836,8.134092937468877,-2.827212914179014
0.9852930623412964,-0.14285933219967284,5.100522832875885,1.3690441677601959,7.178155355060162,-1.3410765541656324
0.8289434333773635,1.9098679269027152,5.253592242124574,-0.0050679732554531065,7.538272201990351,-1.1590260314362513
-0.3577535202398462,0.9106704479514055,4.88466049380658,1.2985197908928734,9.106076701962287,-1.9815200232397756
-0.5243836559450579,0.9193337895224786,4.576464507754058,0.648817988182022,6.400099478215737,-1.6595680276421552
0.016487317824179348,0.47636730375825204,5.455767734624295,1.0430471395404575,7.061977515371214,-0.7909896434317008
-1.6819958103427453,-1.3823059635066235,3.3623249433746256,-1.2136742893581336,6.61100707220009,-0.8474032974780132
-0.14671339489278015,-0.1780181209179191,2.4889677129633228,-1.570559167112437,6.114762614599023,-1.8223482318609043
-2.2103012434060805,-0.504023747528913,2.518147088349277,-1.9321135607786022,5.108339617220539,-0.10572870652390531
1.2666112172939297,-0.059372598468860026,5.516901016540954,3.0740561919108873,9.291300706177829,-1.9172583716659208
-0.00848715829661494,0.24776951404623454,5.014224078544885,0.012663907974817923,8.747067951708365,0.31600876698992786
0.2577850924311055,-0.13802941398213803,5.580583965238536,0.908670994724873,7.881062728573036,-3.3707585923615735
1.974232377180086,0.008200566871647757,8.531040180161206,3.7328875496607328,10.236098423952683,0.11044167806739047
-0.3341724146117992,-0.31302722349810824,3.0921001830619304,-1.8246122206261894,5.181161182539525,-0.009478727314593871
0.2514635706511138,0.5035929668459754,3.492855874679816,-1.1971722840630996,7.357838466244379,-0.67723562485197
-0.46951929495535444,1.6867742510062207,2.8276636112162405,-2.961795181320583,6.043588864581379,-0.5101485815049928
-0.3366837793707064,-0.7222022532452794,5.5351190461371615,0.400424254761347,9.187447877011675,-2.1232741035188143
0.02597090732105973,-1.431325752363569,2.249674929184988,-3.1610892126985526,5.524473776446229,-1.462056964279396
1.3676420023223945,-1.8981886763831404,7.623074105039517,2.9532211716027326,9.764918941900184,-2.869064603320735
0.8409709838594811,0.4018610584550654,5.423083683395295,0.7490731678074893,8.210465087435887,0.5473140263565335
-3.3783058199614375,-1.6933530988882073,-0.4498912711809092,-6.539645321036472,0.3155398414938637,1.0942771388587824
-1.3305531435232565,0.1540745527478219,1.9246774833017308,-1.0815977282395206,2.1231488052980327,-2.859346223298524
0.9186208061538298,-0.6803784918471147,6.8098722333340405,1.219531221409694,8.63087238901148,-0.9307632308769098
-0.08659043329209744,-0.07173783163340065,5.33926244596732,2.0212754698936797,8.565212170378283,-0.732621360261882
-1.3226014280487055,-0.3189542424938515,2.2365257917197234,-1.1911511816494262,5.103945032647286,-1.504543822817746
-0.8861479035047187,-0.6768108360847217,4.411725546654887,0.5896546109193135,6.7658759839943565,-0.7089891046252017
0.8393099209575109,1.25049006485375,3.623942388964184,-2.042298852540247,8.493472879549142,-1.8095246394489182
-0.47298472358907045,0.15167829274032385,3.8458995054255083,0.3210715278608167,7.491287233840251,-0.5040309465381394
0.10765611478628605,-0.4288300171263385,4.259924310297181,0.8436371034049353,8.3905387947515,-0.2762510444268764
-0.04553522562256034,0.09892162670634913,5.7463694378384,3.171259578554376,7.6567918505199195,-1.2106508734946027
-0.7900721382213357,1.0970331835051514,2.7005638610167995,-1.499778814883988,6.257342661547863,-1.376025102502914
0.8206507067258567,-1.1300226665192825,7.219473453169197,1.9762771921587654,8.98226932316083,-2.9695330799804758
2.4367042707008935,-0.23142055706903797,9.088470236084211,5.661585187230855,12.580945622077616,-1.4896638193739082
2.6547498690616855,-0.612372024871418,7.952511792655428,4.532799863079298,10.045846217359252,-2.579558128771633
1.6896193626278964,-1.2057063859499582,7.883626145007612,4.418824055879269,11.824092399188588,-1.5440096420196965
-1.8693516344298902,0.17362194055935132,1.8567597871848596,-2.611755216668694,2.9084968909823994,-0.9956968801622448
0.43356964035969375,-1.0844318038984653,4.105916578590301,-1.0906011924872308,7.151503152344911,-2.568082213585214
1.8622811616029218,-0.6576447187281727,8.494690637361328,3.183794978248651,11.551626071707584,-2.4821533896891426
0.4296355065603053,1.1062860490368849,5.284053766902107,1.996335001415363,7.460176729521414,-3.554093298700481
0.11668923401725127,-0.9239507899882786,3.252528287634644,-2.0250022987750906,5.567261396965524,-1.1053324287029613
-0.34349389678150366,-0.9389298664169798,3.9137557155306,-0.6796755752189418,4.180477996049314,-2.2956944382871853
0.7384529600620714,-1.5199633807527906,6.059617247769945,1.0309883841519825,6.709651945042411,-2.8896995272936725
-1.1053851666119574,-0.09251299672221241,2.4190075557208544,-2.1678092001040428,5.684724894740535,-0.9611313136770003
1.00870225337923,0.36547957233707534,6.84145272871712,2.3314491608246293,11.273872337510902,-1.597673989158579
0.4955090098745685,-1.6018498150928215,5.152367108519412,-0.436788496747089,7.167009434978955,-1.6854986504677902
-0.3678123742382723,0.08495731775611144,4.608681570473835,-0.4614113432447418,7.96187497782619,-1.9249690317338097
1.2412448142865442,-1.2310580449483528,6.527541554230026,2.51954789779844,9.548385974468255,-2.9137277188410087
-1.679290361717149,0.5801127995685185,0.7309489062286214,-2.9363898534353368,2.920560898098529,-0.08851002581705622
1.4480451944715218,0.9369707153210407,5.504225880209815,-0.38426620641096165,8.10164746010264,-1.7860171122225958
-0.9705825890509873,0.11530225826529525,4.7734765651853195,0.8127471282901527,8.891859349844916,-2.031480164283071
1.4744680405993944,1.1051307821300353,8.00888302290687,0.3195714145435735,12.06400150887862,-4.032471347361058
1.0658535129306093,-1.9089469030795445,7.4903972742230245,3.192305242815992,10.172936432272618,-1.2537168846368698
-0.14234886235822414,1.3333925665094402,5.598683033306331,0.8898357055327291,8.939250542087432,-1.8065715760110883
1.1600194880921253,-0.5036650837235601,8.13831961706751,3.175208187787808,11.104764863555665,-2.6641612706974307
-0.007221451836827675,-0.2805307380632089,4.890128229215108,-0.3610598151532397,8.662710524257676,-2.6927887598583147
-0.16090882508470317,0.5231194453293639,4.705376191270841,-1.5635110289496688,8.284676275137501,-0.6484869954868769
1.5349925170224734,0.43946872462528863,8.203332273429604,3.9857471206186337,11.11216509578854,-2.8698307501866633
-0.7569939991156549,-0.8138109446047661,4.845481644088637,0.38586676597933506,8.406454086453644,-2.537961183645385
-0.6786030697214528,0.8051274462169558,1.7922290145766946,-3.2300789826244505,3.8165328745527587,0.1931400761506764
0.4224000307283161,-0.1284788348113786,4.735094395419242,1.161812040703996,7.815244994322643,-1.781287761852631
-2.227212655983716,-0.24094875366317045,0.9835534194143593,-4.722161736498866,3.8443348640752895,-0.7111047893561353
0.2783282106077907,0.8604402863951394,4.657599440669305,0.9823539174563329,6.842387884569732,-0.8030558473963985
-1.2948063811535262,-0.45767700438578035,3.0943292962145894,-1.758758205659479,6.273449369109212,-1.6762596483045407
0.5150064553571003,-0.12083756329563476,6.716135307435215,1.4624198147935519,8.908676354836567,-3.1163933187123263
1.1293766978437971,-1.286850143941733,7.4236785611733485,1.5306215179565072,10.699020857663598,-0.19703794130877528
0.2725573204870592,0.803680022361143,4.769148555559453,0.6356080047163069,6.847705534033535,-1.576531957378227
-0.6005617651606207,-0.1184416464373537,2.837177635069147,-1.993090006462811,4.859740637767709,-0.5054800152173589
-0.13190171258855415,0.21242542614008122,4.491711334511863,0.49294639407103635,6.9179991108117616,-3.9739757861845417
-0.9476772296827833,0.21006898788504266,2.659314350662444,-3.7225708166706486,5.0942063654649825,-1.6966112960909339
0.5362255120998601,0.8480469752187334,6.322580828687309,0.10366523453331178,8.427400501474933,-0.3400018618688314
-0.3569778503492223,-0.2257137641180404,4.797849615948057,0.09818645461291628,7.387429863810019,-1.4496264479852286
0.4676393146474983,-0.2295812780318622,6.046259479168976,1.0261748093206569,8.733942887967293,-0.6875582908565103
-0.40385799071442297,0.26562535439416385,5.623747828563671,2.1871561284178904,6.975886320294764,-3.8661226319199544
2.2108426212728793,-0.5513562518088393,6.814537549904561,1.0342325979016627,9.141212772014764,-2.2041022613853514
-1.5122406232230736,0.10507018536306287,1.915915688106254,-2.806179864233329,4.6739143230350235,-1.1524986852215244
-0.1411011266366293,0.803876580795742,5.411096506614865,0.4981998799241241,7.332840056441768,-1.1891405851267915
0.5491673552086828,-0.4864472138598899,5.308240765397729,0.5556225206573648,8.536979585633537,-2.164160949409794
-2.1990312750373615,-1.417335445861995,0.6142263414185672,-4.142580650080222,2.0313872590460322,-1.0015646658321111
0.9164147568112588,-2.3427200976715357,6.925025434018295,2.240186471364434,7.986706048655028,-0.6535842029016148
-0.06982550649222818,0.01411642586316417,2.7732369173314875,-1.7341240838977037,5.379979590817747,-2.2679131973138684
0.10192485877776894,-0.32393002738734655,7.0006238819353594,1.6347600541624927,9.258401129288115,-2.3597218852192254
-0.6738417274729147,-0.5409907547402812,3.3151897249567064,-2.116417612652387,5.1180156309490625,-1.16110351729525
-0.7560202096038663,-0.012974015102935551,2.4086082305044787,-2.805516331429108,4.160079668709786,-1.118814178796399
1.3102687392427068,0.44187971235107404,7.581513839029844,3.129018733156048,8.32565533913957,0.05119348575020899
2.3082018240216073,1.7764100341124418,8.288045170692019,5.235442758850951,11.47575341593057,-2.8297794795429723
-0.5740797723921159,-0.9758617763917996,3.3311039997852783,-0.40824443397401766,7.183216570317274,-0.3935389669781735
-0.9117659779798447,0.2783273624295673,4.047997417648574,-1.9330501228313166,6.5789434610235284,-0.9719398898702011
0.902230274990719,-0.3803424742693757,6.7671349883018115,2.6324370806488715,9.901407557109684,-0.27929935318939947
1.721513108519485,-0.2417356445998195,8.076040592017442,1.8088416179017508,11.231583894267647,-2.408176031031868
-1.5711667869189898,-0.7573899243991514,2.652192896496944,-3.494987242535976,5.5751628662981085,-0.5330380604445994
-0.626773871190574,0.7531883075120901,1.8711001217642127,-2.2387391167258084,3.288542657424024,0.11579774139195265
1.2282608243518314,1.4804501924141769,6.703347394483539,1.8214080504476016,10.354668666342642,-1.508031208442889
-1.0240422774797586,-1.2348256250013476,0.9597088955274207,-4.649593682183693,3.506600913363209,-0.6010962968405369
-0.7138726634563296,-0.05545950217310833,2.8113761415211993,-3.222911019659379,4.674684862957685,-1.276397563238259
-0.8339415889265352,-0.7788418595386596,3.757762583019825,-2.5091763818161095,5.221463541719011,-0.8037139392198379
0.13095340292340502,0.48040764456200263,5.205078934254975,-0.002237635091789203,9.745509104913738,-1.1664551994047714
-0.7347033388576478,2.2438757780000653,2.7335003589140863,-1.3113295614621305,5.621445642076986,-1.2730006066315989
-0.6126388121699317,-0.18558931765804804,2.587465422708706,-0.9241985983852443,6.56098651997162,-0.13709118453141134
0.031176661906884364,1.7343996635693304,5.816465301636363,-0.41279356471352613,8.497325454620277,-0.2449344715908568
-0.6171512238777086,0.0864060464559192,2.7982677178755333,-0.6702196792818242,5.634829712561665,-0.9534149390235137
-0.7450062151876581,-0.1264415895731859,3.8814709713917397,-1.2332083871977226,7.665875545889177,-1.6481379989645082
0.039823887517514305,-0.9339809213088641,5.57816656633937,-0.38772667351075163,7.382022108904929,-2.666207208350922
-1.2893619498023041,0.19640845783570648,1.2771128527674633,-3.0324295576183804,3.418289754203519,-0.0516121952353536
-1.4058407168750757,0.8514031570098232,2.326964852509374,-1.4039095606060248,5.371722546336771,-1.146683723359248
1.7203665787911053,-0.3188986809773735,6.248392213286898,1.5720174585283186,6.926344181163019,-0.8609884796093281
0.7678662498832456,-1.3343875827813727,5.1445943511648276,-0.7213702042542276,7.942132007078268,-1.8548856231190687
0.7899016046970383,-0.5877880122800827,7.922586666899305,2.668612910739297,9.656024898266855,-2.7880432319044584
-1.5679158879454647,0.7863484934754852,2.4805184985608735,-2.555171715750727,6.214790976938676,-2.812110279138362
-0.41954600126672625,0.636689550438774,3.336160650642398,-1.116937725779414,5.580584388842753,-2.229556615130302
-0.4654051445207344,1.6865730326495951,3.9652080827639793,-1.1007777312334401,6.242189445704192,-1.1163682510692867
0.36422492705803966,-0.5390416199947845,5.827177469926653,1.9686053895569233,7.599019520185443,-3.7599337109696624
-0.24001820646307062,0.914649662109123,5.020366905840206,0.031108637452421206,7.7092732675005555,-2.478687762807625
-0.38634980432095084,-1.8295069920031657,4.494501290248207,-0.20446739028417854,7.289593671595436,-1.40692976434413
-0.16486441852812828,0.19363848139395815,3.144077468955407,-2.169774729935434,5.223254378970343,0.04513361023223794
-0.8051860075266163,0.09434940102203743,3.6670066634405916,-0.2013326769990137,6.0098621146132745,-0.14351209474337945
-0.10321437588986161,0.5349887136274067,3.4745429158098147,0.26238373076652843,6.606639019239574,-1.7797735647359763
-1.2914136526460958,0.7743040154776809,2.4059180070233457,-1.6042118545885193,5.667902354196412,-2.0842036098936587
-0.6552506374593475,-1.2848137605466141,3.1967561995567157,-0.5906893404076567,5.789747598781064,-0.588997596226533
-1.8110577699106647,1.6761776233097645,0.8523725742640793,-4.860376912285998,3.725379067015643,0.5222378598221402
1.1684384710939804,-0.7200600173355178,6.450767771634814,0.5888366395494407,8.991440632791395,-2.9955155824164903
0.23043542036620523,-0.8323125035225357,6.157504479860555,1.7136623014303376,9.293687632128153,-1.7541126633122732
-0.5622586293512026,-1.083017358652772,3.831493031311478,-1.306439669689001,8.756529743402051,-0.012129937701177429
0.568359759884237,-0.4735704008530504,6.625088059958755,1.3787250590892872,9.930900062501072,-1.2037660573379094
0.41969565090661903,-1.0342423856891094,5.530194298049133,1.48878046208713,6.8754054135568285,-3.0704019647804905
-0.4826197048171694,0.9698838376409475,4.691526792809181,0.009572024807709134,7.793657108349595,-2.1724695439940542
0.3121424473561126,0.5239142143659692,5.195421024645882,-0.34528639153094154,8.584475760534275,-1.9226673976272743
1.097299054781602,1.308265924155607,5.546779331575604,1.3231609079050792,9.446222101210315,0.7418699245497724
-1.3855865214164456,-0.4971436914748793,3.987414046921757,0.1164651464255223,6.5754629383204835,-0.27654575129749115
0.25702392343992153,-0.41257773357677935,4.18908089147529,0.10640059318110051,7.884888623513223,-0.07507268178471094
0.26437863582572063,-1.138835147550651,5.287739725662347,0.506600952252184,8.18194084979412,0.02898591446291765
-0.21391456983609927,1.4736583443715017,3.379383053640116,-2.2991140434607,6.215598193995277,-1.3738752348198484
-1.5501225854088811,0.2429865402845157,2.97911615099149,-2.612162398055923,5.55653233304233,-1.169047197059122
-1.2654440853552495,0.4697212562660085,3.2371661630173114,-1.295710657904833,7.242691525771575,-1.2121969901807832
0.141135073310704,1.9235791599887408,4.714261851828246,-0.3148386226393484,6.1494270303532685,-1.1774269260879096
1.6485805288379463,0.6438305046394802,8.299454639524232,3.3365964768587553,11.297857397586721,-2.983314829280635
1.2790349547846536,0.39740342481499996,5.601033101225459,-0.9008339363911928,8.008710033136381,-1.355157394660191
-1.6037823308549553,1.8671958847506194,1.9624613224804441,-2.872216543891942,5.484585691426893,-0.8744556133100239
0.8151402882011065,1.0498142464418447,6.441917729436106,1.3879508782423136,10.012861151017153,-5.115251398543544
1.0282176418350832,0.10562719490314373,6.022929933313152,-0.04029725724991873,9.238863148496177,-1.3817512740568523
-1.4280618480680547,-0.7715412872300708,2.8800675903146606,-3.4382976809159427,6.3284154998614,-1.1276380085062576
0.19104657491013544,-0.5605606781040906,3.021286940413912,-3.1361609188380006,7.5139317413049875,0.631992026183434
0.10310136676226621,-0.0365934639412912,5.358626460229094,1.0536969164980252,8.21588308714424,-1.039773154395702
1.292649949291405,-0.3958301003524862,6.807154086709428,4.281409238426005,10.208967582109132,-2.9714581090691365
0.1778296471857671,-0.4585858497366045,5.900809716148652,1.5292516511589762,9.192862339513107,-0.10690355024114973
-0.5203630365332101,0.2813065680964333,4.959248151988428,-0.7799052078554838,7.437732112954376,-2.0604602113720536
-0.06346952337698047,0.3176740385646559,4.212869523291982,-0.9279898273048119,6.892701049364421,-0.09363241670231304
-1.886475210788988,-0.4970257458355788,2.0079202289162077,-3.186429001112657,4.875047913965282,0.17732300702281123
-1.42079829075312,0.9077801570811336,-0.044554782140687976,-4.7009951229581715,2.2683180261918636,-1.5760405208904342
-0.20320042108276243,-1.5187296989376056,6.0494717679413,1.8383180974305982,7.666843887630922,-1.0879078889040665
0.5475131874532551,-0.28015440945951126,5.547820702620134,1.506247274365944,8.428165467695184,-2.0324545320085634
0.18669651455674446,1.0564039562398222,4.313474735252064,-1.307400493045968,7.340956487979474,-2.720821677396573
2.007027234381187,-0.855522128682403,9.086830380820812,5.719976824959254,11.782934619347042,-2.9283804015089463
-1.1876120738544895,-0.2179717782794465,2.7818304874484934,-3.687123647988447,4.3436077778267626,-0.34938497445527306
-0.4795576036610387,0.30183204390463675,2.811825592897294,-2.2584340238594494,5.026467086379851,-0.9727420581698595
-0.26381399495587887,0.5060439056438859,2.85093567693065,-3.6951969540484466,6.760267137693644,-0.27035949316167485
-2.357516570426851,-1.7179543222859397,3.623951836942274,-0.2541991930655412,6.111173586942499,-0.6930722432655794
-0.8344867976584845,-2.2384854015046916,2.7721286352642753,-2.7981994784747033,3.7569536021977052,-2.078202732938208
0.8259490463803059,-0.7057999354633055,6.666752297963843,3.236954755734529,10.838063055706785,-2.9496452217255373
-0.4041037358229277,0.3654701602705354,3.3100819959222103,-1.2826111156376885,5.800242160331796,-1.2560838290605871
0.5305564264944276,-0.2913525186067918,6.035987245827436,3.2327265545304398,9.301019970754476,-1.6659617483364646
-0.8430501398490934,0.6906165182119209,2.4411648948291482,-2.9862440075187617,3.902445782206203,-0.7439823680153059
0.8385195924424974,0.2905030928713995,6.090053046436248,2.5727153352956122,9.371154443441185,-1.1688353674101633
-0.8206589408551266,-0.17929748394703351,1.6485629340955195,-1.9145252460568372,4.37488284578448,-1.5700549508046855
0.11002511064358497,2.0503224086044876,3.1931905401015737,-0.34749841686139904,5.888458679361406,-1.0976384831151178
0.10678128737554075,-1.9990680268536838,4.49057736290135,0.9400249330880905,7.971979457834399,-2.2568968000911522
0.36627416645023125,0.1795307694109421,5.515822562672961,2.0384669241255793,7.252209872182048,-3.8375758263481297
-2.2522582861007017,1.0135600928586233,2.650752503648439,-1.6411402798927277,4.3726304293603,-0.4237871908118912
0.7580033195494729,-1.6257824825588338,5.105339594353917,1.4979077579641218,7.153343218059638,-2.991260512368812
1.3982452708252306,0.6728256432633102,6.3228359855583465,4.014043817831659,10.124992133202337,-2.129732157939643
0.23296344452977213,0.9340146439147544,6.407823167323925,1.4642610419914421,7.708318180183096,-2.5995791169415634
2.339419415896663,-1.3127335240425417,10.074344073008307,4.602559888456276,10.332951458965798,-3.4045410517999115
-0.6096845018498825,0.5130959605089718,1.7287483354979705,-4.381108782732155,4.764353004408642,0.15743962338196593
-0.5846183575036382,-0.44434160958269003,4.297689907881433,-1.2664645010541538,6.154441634988913,-1.3476087017667833
1.145038437907148,1.4847362664265116,4.943074968697299,-0.967861454888215,8.536685967722276,-2.4557020075500517
-0.7254768742758381,1.009926215707908,3.504995296922984,-1.8287367585165977,4.957665915342352,0.15969591712612874
-1.2265107247776208,-0.209276447354302,4.862208459049045,0.2294813701676604,7.55708576950762,-3.54511646013637
-0.8482616818985721,-0.3051529140873097,2.6138961091427673,-3.202091541105906,4.046055218994383,0.3473449559913042
-0.03334419821331829,-0.4545076833684601,4.127326405642789,-1.4895517071959974,6.3287006949752,1.0219660142501097
-1.0199848535223262,-1.2555162565143725,3.93232662699504,-1.137965997119656,6.4674868227937035,-1.0685879306515196
-0.6898592405024225,-0.5765014227214728,2.4668993171734863,-1.3921243486065715,5.680001707529755,-1.546412133883757
0.21739984503219362,0.10465105597857555,2.905748208476739,-2.0946903843958053,6.307051051035749,-1.2457526209526724
0.2858833905891918,0.6007152568954238,3.06867910351219,-0.7954428206944079,5.4387798815275605,-0.5324478603333751
-0.6052727910891746,0.7000770395380732,2.6824847034115327,-3.4911902809483624,5.957785993246642,-1.4612548271362082
0.6405816830656459,-1.1896467622111373,5.777096563688292,-0.2666351678146135,9.026032619155568,-1.4213515474476979
-0.46264067003757026,1.885651727323425,1.6106524682254675,-3.71966323261163,3.883361068979982,1.000139321952097
0.3737719148067307,-0.40727670123034215,3.238927741956373,-0.6490198018312935,4.705261121102698,-1.4483491823384085
1.2234406270079534,-0.9100755232914595,7.1324197219491,3.4321373263559947,11.191542311561388,-2.0435423081567334
-1.1436364997029824,0.7993819531510318,1.0688371310161928,-3.8409988957261763,5.078450234932738,-1.162652416882297
-1.9364635256372484,-0.42450513716098276,2.588737637805365,-3.875686332673289,5.23364969721783,-2.5699720495372733
0.29253303047899154,0.18190917749935798,3.1490519493003744,-1.137656492447085,7.3940036039343395,-0.23861110627994964
0.55174965196101,-0.5495489414166147,5.444324905893228,0.42024484777744087,7.4377165855614455,-1.8520763891264005
-0.8511638769155653,-0.48073851158547465,2.956507663937562,-3.081550947571891,4.2157274275738015,-0.7919760299239202
-0.10832037710381609,-1.2938629644466824,6.251298680759246,2.0824905389683885,9.009354252160005,-2.630985287495682
0.7332177803273593,0.14433619818014168,5.078568586059518,1.2392768308453923,8.658209666612573,-1.5241693746851304
1.0283377898533,0.9473527885598177,4.594319690064978,-0.44467491071847876,7.7746879737251176,-1.917527798618539
0.12715440714917756,-1.4107053789277486,5.59493597869931,1.4694056747955102,5.933379382473429,-0.05218620809980634
-0.7194187818493606,-0.06322519940526575,4.264929482238072,0.8133476550730037,6.897363423168403,-0.17324042530730188
0.32397225317556144,-0.027605553846186123,6.537225091904471,2.3601607155110726,8.686961625929019,-2.10154014478801
0.29481682756661426,0.6786699768057454,5.340993384166477,0.3347590274581739,8.219984205402174,-2.082391765809059
-0.9823412294630043,0.1750607355823059,1.767197354372891,-4.118678543261737,5.181138074269742,-1.238055791388951
-0.6645877244240975,0.1227097728136245,3.4868271344360773,-0.8848262769533194,7.093350503463515,0.19757238439005587
0.10541406143187686,-0.8708519714308374,4.926886468128531,0.5482915901323229,8.122889279416428,-1.290020433086197
-1.3094491342557666,0.5190281128112105,2.733930540664107,-0.9640246799237706,3.817231705272339,-3.2033603295670687
-0.6758592861022096,-0.28710894907752427,3.2980662649766814,-2.03598374836972,5.491149038356453,-2.2645688225621594
0.7054611526121046,-1.1213089638781124,4.503576675862242,-1.23467033001363,7.1375367967903625,-0.8730263775705933
-1.7724186708919925,0.8361654092854431,3.520953228303297,-1.7632141095746998,7.38692688055286,-2.0138390097002796
0.1868602307111495,1.2080158960501202,5.029678600918035,1.0514341833308207,8.5032123768161,1.4434419696786935
-0.09019596475004751,0.35988761313133527,5.56991306673253,0.23063538997269994,7.8562478303729115,-1.7905489902169782
0.5353385219584254,-0.3659855181866242,5.090390947120779,1.7441779607009509,8.481264706325101,-1.018336244560714
1.288071003656983,-0.753034932758659,7.441100570517947,2.6866705558717867,9.944998907505301,-4.306520342978768
0.0009992657127509451,0.6405982360360298,3.491687076488846,-2.061858328875622,4.579852678889428,-2.6397535280875584
0.3301696099251964,-0.7746259629045592,5.41531226757919,-0.9555054425557401,9.102994184262583,-2.9894639659913893
0.22392286554619947,0.16035574586828485,3.44596072243351,-2.3606934388276866,7.357726840962305,-2.2949675812331316
0.9813553448545718,-0.5811252948314337,4.326704896070367,-2.2068827110005396,8.187464530255095,-2.480580750937936
-0.03526426474401592,-0.9852269400354854,5.23977098427609,-0.3214035645051009,7.635987303419654,-1.7102876153894653
0.2922366095938927,1.2511909071805203,5.189443772107405,1.3324139673302553,6.142322099083199,-2.3540391344974942
1.8640059158322833,-2.1129454389064253,6.973875217937698,0.7873070257044525,10.040365611127317,-1.3304407879965918
0.29149711678012713,0.22786334076060907,4.196899010569694,0.05048456580543714,6.816662342239037,-0.33645523865783766
0.34881457395232324,-0.3535457168186838,4.677444203549373,-0.7394357563039871,8.916514347559154,-1.6539927640601928
1.8521582284601286,-0.23630814414853418,8.025992453802784,3.7225204140534416,8.590664577533111,-1.5727022028947526
1.4355083232727985,-0.4970121866497917,5.793419058597558,2.4601935556963284,9.53878011688694,-2.2601249130215075
-0.16959546551771515,1.5506151333644795,4.205008118201987,-0.35387736463121783,7.752472568001859,-1.2792384903725864
-1.2645444083398867,0.7559243178104529,1.1455312678233547,-5.73836071099683,2.2855913718187515,0.1320112424250518
0.5099687328907554,0.47092164710544815,4.486604655021629,1.6054687423953573,7.5339933697581545,-1.2299557994930872
0.8897148119970517,0.5474992806513871,6.449878258100054,1.2562140945728597,9.506697989712702,-1.3412169497202058
0.861137885963383,0.7333079436426793,6.650906375371615,1.4983381084046414,11.789811265485618,-1.0066115122804558
-0.2948756959374504,-2.025644658629581,5.298153616086739,0.3735944796281097,8.77906801178887,-1.1966619909771423
0.07725691159483966,-0.36438565800285966,2.5721496544661897,-2.954516704614159,4.957560853151962,-0.5337967542189037
-1.6206236844826747,1.036028249159148,2.4569209288118112,-4.128001642254105,4.3255830533103845,-0.4749306403300743
-0.7700591950790759,-1.288960302707305,3.9676988392857337,0.4572910609177927,7.169189362339037,-0.7972169818878676
-0.9266030364543661,0.2542407163404557,4.305823197213709,0.11389767979372845,5.2320881484650466,-1.9712224006020205
-0.38989163139276983,2.190038677715125,0.9811339167198194,-6.440908593155082,5.044693105282071,-1.8911682934125937
0.07825626046412644,0.033018805433939945,6.042934720775881,0.46644419953879424,9.366420563310013,-1.5908494948558118
0.7650294357245845,-1.6153221153236477,7.430455054799875,2.9250792763069198,11.083341646281063,-2.6697849733783814
-1.792791194766001,-0.9309055140467313,1.5769245526418976,-3.3632169956304314,6.2218962073331525,-0.6718490724198325
