a,b,c,d,e
-0.7986255424246492,-3.51573179409534,-1.6128857357704203,1.1242723872052283,-2.7356352979517027
0.026564149240541065,-4.928727583519793,-2.2105290284325956,-0.1701568052536413,-2.6455444330441713
-0.6161677197005472,-2.7618480696082264,-2.6883440107012295,1.2996665603364668,-2.4545845832422852
0.5855425205420421,-3.842683210613766,-0.8304908240342732,1.8697850670904725,-2.424232885442362
-0.35946857465874366,-5.700402384162217,-2.1846775284473483,1.7507094824023497,-2.9137297469955983
-0.3539570639393583,-4.789840647905962,-1.1617269651215834,0.8079497963601399,-1.5550571561374715
1.5372530042019914,-4.7290768087420645,-2.450365854558382,1.0227062249970515,-2.6192374329445336
-0.7257195225520553,-3.4186774354318405,-2.585457111226233,2.021291424910023,-2.8388295516322835
-1.5679158879454647,-2.664641935490999,-1.4252065088586587,0.8521643961152672,-0.9949290553247411
0.36621519240744776,-4.032077129769585,0.06411111335275876,-0.7107262990954033,-3.121099954892702
-2.077868511409373,-3.7404137979705174,-1.6875646655044312,0.5434606383555255,-2.8832622664669194
0.26437863582572063,-5.546003427560265,-1.6715895594006176,1.2361535159507038,-2.427381390157161
0.9817201418926419,-3.8213767082501238,-1.203741960813139,2.078601153287022,-3.4290986468712905
0.0701150307541132,-5.346521357987812,-2.5195526142743656,2.673837059811652,-3.641677026611379
0.009275074296206387,-3.853305179658567,-1.703846357493266,2.0043439308220665,-2.327843364827046
-2.050609352249554,-3.6356301112485223,-2.4158091850625816,2.1071890820813257,-2.892713125491163
0.5553036855587886,-3.6445960100207486,-3.386089358775287,2.247928046611576,-3.6762977331687563
0.39629256724661155,-4.73672075020097,-0.0824560659610023,1.4652328759920712,-1.5827291702041437
-1.171997758374501,-2.564165132943006,-2.441272289004852,1.01557160626512,-3.186958836423643
1.9131707472462032,-4.315759124744444,-2.5071702158637788,0.6777887524889512,-3.6999134796809185
-1.2240162007402255,-3.9831005494752176,-2.261295655577597,1.2667144264033317,-3.923163383595128
-1.679290361717149,-2.819613887151303,-3.0361723085778296,3.2847641023858616,-2.3402093616774953
-1.8110577699106647,-1.666108890197177,-2.595242639929941,0.8916649070794445,-1.9169415218113466
0.02597090732105973,-6.185141789651276,-4.3527206341510345,2.9256275091766226,-1.8040731936414192
0.33787125014709696,-5.592093650851652,-1.3880020146050862,2.3955205781534716,-3.687399776259185
0.44097391093464255,-3.740543313264577,-3.5822770940068787,3.048171703714527,-1.4894007176752022
-0.3373599782154893,-2.7417692938510827,-4.034575049993409,3.8340035863395547,-0.7436987201724924
-0.8126750220358617,-3.0519997865438313,-0.7602807308534232,0.5552407966532469,-2.3169704850498354
0.8427645820080417,-3.153827074839491,-1.3662396292597832,2.9256641277667774,-0.5650462544366641
-0.8975853865617808,-4.898596407280722,-3.0671712547314844,2.5820813920584427,-1.2541520958070325
-1.2098402059798323,-3.3743044338672714,-0.8315411426932897,1.8907427974976008,-3.317013674142542
1.4013156674932132,-3.021890283812724,-1.5749824569478914,1.0777289847365017,-1.5026793842554649
0.1775715081428498,-4.307214980149668,-1.9488717993865599,0.6002749169862172,-1.907659078593775
0.4712898953909813,-3.8762798374228282,-2.030821636037865,1.1509575551300295,-2.536292336934128
0.6258407046445027,-3.28577663239058,-2.9691345352676812,1.9347242794624173,-3.6491753399504914
-0.5717971089993171,-6.521783786622234,-2.0035914852732213,1.7476758624661,-2.7986338265355637
-0.5328625860015204,-6.159276023813487,0.6409986222452837,-1.158688542542563,-3.7927355976606965
0.6405816830656459,-5.216829868217755,-1.8285836551665176,0.06152272367580114,-0.7157251981721344
-0.6171512238777086,-3.9606623970366197,-2.6063035009080755,3.144062409088678,-1.901512280314773
0.3360206914446697,-4.71219060974181,-1.2632324752475754,0.6052491900428203,-0.762315684941923
-0.08945955292809644,-5.98269679005875,-1.3779965539475976,0.3924389442989802,-0.2921803983471656
-1.1942715158413304,-2.0251400956516963,-3.2431064573850934,0.6822055848337114,-1.46623991976934
0.9663907689328148,-3.992846262734966,-2.2592444867892163,2.9617644217046064,-1.9819230356987054
-1.2893619498023041,-3.3956350586433977,-3.1244985570844044,2.718303272853494,-3.2489676044229094
0.23296344452977213,-3.5125201294513544,-0.1366604636315767,0.4111395310414943,-2.8606993401057332
0.06698467909483406,-2.5549987977813027,-1.584542201849356,1.3285361242614715,-2.3926699505707543
1.2666112172939297,-3.663865805254974,-2.9348771578394723,4.4249888784220595,-0.39809596826123617
-1.1196252235034803,-3.5035117026955276,-1.9505707050457564,1.638077584291537,-2.3241614889228224
-0.5431967015635717,-5.357852391281183,-0.19908344778038845,-0.8374729059276518,-2.2498691535313102
-0.10030654480682887,-4.680070350709987,-1.4867039597510698,0.7827195272884504,-2.834365355903355
0.1808470634830872,-5.776121592826786,-1.6250605741384216,1.8588699904142307,-3.278667487126086
0.8684571437377585,-4.305431868038515,-1.5191631220546893,1.5751442141272571,-2.4731725570795984
0.31109857969145777,-3.5893124343530505,-2.97904396951638,0.04346755480510911,-1.4793222069688048
0.024860582209951868,-4.398016208893085,-1.3003290828654572,1.3877757274764333,-2.077930979387318
1.0283377898533,-2.797786629177912,-3.3137857598219584,2.158564210380097,-2.7491955828047505
2.0960635427113052,-2.9770222376413162,-1.6601628249887912,0.6443510264533545,-2.851181789206384
-1.3555250416058353,-2.3911597810092333,-0.7121488402791709,0.5493931367259789,-2.322747628532386
-0.0057465866492687,-5.771900865903808,-1.7860661427392688,1.1806646568146564,-2.7319448868108838
0.7596398959857404,-2.715265111874892,-1.4905852243981252,0.3247585996621769,0.5605449056861491
0.08574265591638133,-5.226991104716149,-2.3583986316509384,0.8903754463451499,-1.681283512817093
1.434637767050995,-3.893488108899923,-1.5018300586221338,1.9080451787258519,-2.167379987158285
-0.3341724146117992,-4.6379155409773745,-2.7858657666459914,1.8320167020974636,-3.835945954604345
-1.0140036793194538,-1.9224373947698377,-4.753131915984621,4.517210536947459,-2.5967431968053383
0.8705107298823132,-4.605849795512667,-1.6465727237847723,1.042657436480775,-2.4728228322921555
-2.7728996599739193,-2.519252982278421,-1.4907435086437362,-1.329311766547371,-2.2831886682862406
-0.47575879719182934,-3.757830401477151,-2.2522036816272846,2.544927137253124,-2.488819145680505
2.36607960901164,-3.033991761111984,-2.7354726558828406,1.6421758351767537,-3.2419156314903645
0.02624358907410097,-5.543930600030638,-1.7912010400120795,0.9476791381432008,-0.8612186879085253
0.3577642351124069,-5.444716317337107,-1.2204289789199265,1.4536760177366483,-2.3435951413292133
-0.9516060778809193,-4.947173965339614,-0.2526076025928523,-0.222968203756863,-1.9337812242018444
-0.023186860180478774,-3.6715576605804054,-1.0095740172002352,0.8005532634202674,0.5482254174764059
-0.14219884196820579,-5.361060397019466,-1.058087779210592,0.6667851136710952,-0.9556001554394435
1.858336434049549,-4.53502727461162,-2.6151326883003434,2.2880631319377276,-3.2873982311319803
-1.0100823426203576,-2.802814355411865,-2.685954896753941,0.45356806861863186,-1.2569195270785847
-2.761763646265384,-2.390806704624574,-4.652700162634613,3.201191524715332,-1.7764493857307362
0.4066511241407723,-4.283656201888292,-2.003138379702214,2.4950704873188214,-4.7601674866018335
1.550015809542123,-3.9922433626677294,-1.6715060504797186,4.542069123347993,-2.109691891457957
-0.6886655550322025,-6.728768652910274,0.19601475899441212,-1.1456345352568365,-1.8612380832284345
-1.8235293939751167,-4.124588570217369,-4.812645106212182,1.7171693491973414,-2.747357406580333
-1.0728218474987572,-3.8984278997720985,-2.2455783525373394,3.558048100801716,-0.8154369347262082
0.43356964035969375,-5.302720922882873,-3.131556265269242,1.8374730125534404,-2.881631265462934
-0.5622586293512026,-5.1782822257951135,-1.8574585245854285,0.9839867034787164,-0.009028993637242078
0.04237709392178627,-2.6811104975546067,-2.8341634927803736,2.4028356004423106,-3.279263392822325
-2.357516570426851,-4.8520075103561515,0.5152728708400569,1.279838221254468,-2.897405088647385
-0.5203630365332101,-3.8523725162256564,-0.552872245203186,-0.23561880552762915,-1.5491603184115303
0.7882662526884918,-4.727298229142967,-1.5831010598466788,-0.34229468782960004,-1.797685222774328
-0.26466035739621024,-4.233858521848894,-1.7324334864717792,-0.23163500875902177,1.7340875158627826
-1.0240422774797586,-4.982691245072265,-4.075945123371767,2.385815026657277,-3.236100650190784
1.0519296629443424,-2.554462385257725,-2.097120694861128,0.5064189764466778,-1.5042355512293535
0.9869784880440138,-4.129823268218728,-2.284877264247265,1.1208574811391494,-1.1098489448868112
-0.4654051445207344,-2.4998440373028563,-1.4226886542553117,0.8205980097250116,-2.4043020781836044
-0.7418328877444189,-2.6003958749428935,-2.842780411667693,2.396158264452582,-1.1408546260247447
1.2780618028493278,-4.532302750632738,-2.9103991840325247,2.167395576335528,-2.7568168197305716
-0.549928463523314,-5.1388772975352115,-0.5953094142591067,-0.4632785440832623,-1.8088233981034365
-0.16336234778109804,-5.874795739046622,-2.3175510888071416,2.0002945846227727,-2.72354209409516
1.8009671141578782,-4.366485227935418,-1.607843145366832,-0.06294182045780095,-0.9817429707838738
0.1868602307111495,-3.299250596584785,-1.3915380302264904,1.892701772765513,-2.472042383371294
-0.4954204874742692,-2.5504036504155208,-0.16470859432858798,1.9160937955092534,-3.790240892287803
-1.9764129934395427,-3.8899998358444106,-1.8503566490853198,3.7670663069815182,-1.6160886883488776
0.035406474307321224,-3.6669070451165275,-1.6450832481678739,2.1796647105043614,-1.0973516892639998
-0.08659043329209744,-4.725393609988166,-0.8410036561191394,2.3008267442687957,-2.625298905526094
-0.6238414485498894,-4.3346202845192,-0.6137468075545673,1.6048008369813245,-3.5972696966154873
0.9255470441834703,-3.979380990797804,-2.7947659398449756,2.864475300669481,-2.7116532995577365
-1.2914136526460958,-2.816624347023,-1.9104971309999685,2.142804534712917,-2.6733400966726246
-1.5828763924013085,-5.4761335003264335,-0.2605262303353446,-0.1018428441306668,-1.9628463174910018
-0.7881645517600848,-4.296774364024646,-3.3115368561938654,1.7363537416842785,-2.392105665018822
-0.05441165846795849,-5.339451385528062,-1.091006144762591,-0.5581648193319089,-1.262874704619609
-1.529939674443686,-2.665401875005479,-5.463185043073352,4.623813748710546,-3.2802860789340635
-1.2086704953591816,-2.902899934665679,-2.109383826004851,2.115929132734582,-3.951368140828836
-0.8781133109646749,-2.843006171309229,-2.591222762132154,4.2841882442738095,-1.2956372459482264
-0.09118537353999447,-4.013718621214707,-1.3480156885093801,1.8136960709247076,-3.5415827944806173
-0.7701676600046098,-3.5738100329879305,-1.6828433800630327,1.7536764966089207,-3.0351025635335693
0.9064564536272023,-4.654278333996675,-1.8653520322899364,1.5176424583427417,-4.064323579044951
-2.2882827318596215,-2.9015433760650775,-1.1180086876596218,2.2414184853907235,-3.855372213231765
0.3205952444740153,-4.716727915789439,-2.3760010714554367,1.6499528319245378,-2.1304457126723984
-0.6827162254252406,-4.522980117313994,-2.8661260305941108,1.6394388335044043,-3.5241656636183447
0.3731579492310446,-6.51640801321761,-3.2410776153643956,2.0934058941114055,-4.24855463800801
1.8834346815045002,-2.2311863698517014,-2.071975171652763,0.48995535602763085,-2.160218855434324
-0.16320703731671754,-5.518369996062975,0.5002208654326414,0.251103190017008,-1.3023832003854303
0.10310136676226621,-4.664621540725896,-1.116608046090927,1.4345559354371782,-2.7326682580731827
0.7419676151813785,-2.0466341231378955,-2.0457614207163286,1.822658584842545,-3.2772247558132928
-1.42079829075312,-2.6152234922331132,-4.152600613569744,3.4301901076781545,-2.0237851179086475
0.568359759884237,-4.563362209073843,-0.729618588736592,0.3266219758694327,-0.7828120893498057
0.7223551976716976,-1.4478143854035301,-0.9003905667330014,0.8006366606024704,-1.376445492171321
-0.22856286932650932,-3.401323943087541,-2.535356596837436,2.1939301966966998,-4.535915171556081
0.5612705611847701,-4.936596543535375,-2.8860018679001884,1.5885269971802911,-0.6268510370717442
0.03691384056498004,-5.1906623370159,-3.2563219910221246,1.4360743161434932,-1.7911591936574627
-0.8545726205787063,-2.811082683445841,-3.6553814134160962,3.0025605241381115,-2.2051314498646417
-1.4058407168750757,-2.679221174228555,-1.8104143945570366,2.3639724244386198,-2.757227425215659
0.8899444416950228,-3.4211554559357444,-1.0289041197600493,1.135067362058347,-2.2424893635678655
1.6896193626278964,-4.600809323043217,-1.4533864886070047,2.437345319275569,-1.7939278031952655
-0.8768210203581089,-3.9357329280666895,-0.3128007087217666,0.5411803642608458,-1.7883737862322833
0.2783282106077907,-3.5297325708139526,-1.9782163153111112,2.5180613766100777,-3.463431486456842
-1.303200469868726,-1.6683602418694519,-2.6351278296287233,3.5700798095533965,-1.4275842495848448
-0.5589523163337516,-3.925398949898855,-2.2347396241926822,1.210641532129434,-4.014005024046537
-0.5835057700671765,-4.265234570542515,-1.9406123806227928,0.9740160535115261,-5.464190061243093
-1.2265107247776208,-3.836098106985059,0.30423067965150197,0.5845078648654662,-1.6574562628494238
-0.16090882508470317,-4.0200283292678805,-1.2714446471647884,-0.4567899869797223,-0.6270247526602576
0.9061158492471226,-5.637375433561689,-0.8669743132351166,-0.7494457226811799,-3.769820164094889
0.47554928063278684,-4.574887573853467,-0.23411406456640793,1.7298428238111705,-4.088609453029671
-0.6005617651606207,-4.1798324946732865,-2.6253009881997458,1.796322449714146,-3.8862417032536785
1.3397253445978912,-3.1982751037312873,0.31707448931848825,1.6827087966165584,-2.6608024223734223
0.13721146570310253,-4.6379984593691495,-2.7420874323467794,0.9408989456121244,-1.1019042131474246
1.721513108519485,-3.6226948831709405,-1.1527996927071276,-0.5110619187345238,-1.1094500731246262
-1.3855865214164456,-4.038180706017145,-0.3803083459492713,1.5684648245609925,-3.150087617779413
2.9395444609609154,-2.8701864344792414,-1.8452654334484964,2.1705593289895946,-2.922804667617081
-0.2535962008033127,-3.885972325155496,-1.3141507053622334,0.06057579019855586,-0.3569694176026402
-1.2589082602629236,-3.216763943287337,-2.3853481355858976,2.1312403378942033,-2.6847284563061606
-1.1424062960027457,-2.675689011124292,-2.5573831413193315,2.6409830832135563,-3.2452495626802573
0.8577532564213768,-4.273744609978805,-1.6118222812702423,1.9524388271271307,-4.875596124481187
0.8306096888663499,-3.256500871138682,-2.285811286095159,1.504172375470786,-1.0635833496315543
0.7384529600620714,-5.468111169762865,-1.7714711229161477,1.0441135031907152,-4.378373708020142
0.5351732085767416,-4.441541919679208,-1.5181050596138095,-0.03081738670283496,0.49791659783724085
-1.200401318264966,-2.2059354322269895,-1.5219931630564911,1.6151498282705778,-3.026616702909432
-0.21633175800131196,-5.348503627595397,-1.527364338663649,1.622498440161371,-2.412111209426654
-2.3846636910599472,-2.409047640902541,-3.266088692029707,1.580582445239261,-2.5186865421266136
-0.9456061464799821,-4.420652029383984,-1.9352096523202054,1.679520263762672,-2.7458258348139757
0.6001058952742833,-3.9226107050552894,-2.582131762972492,0.9541144012852203,-1.5971523385279252
-1.947429783761563,-4.817294825057944,-1.4650857496615806,0.7377490483147965,-2.5181185164820374
2.3082018240216073,-1.374753025483953,-1.6623166150962438,2.9596312661277064,-1.8380122453327108
1.2014718372503344,-2.1154403493054885,-1.7061325095920274,0.5029306608342474,-3.242494625969928
-1.2092202357160868,-4.343592973962613,-1.6611693350457397,1.0116772178244955,-1.191702090874631
0.6629740748829978,-5.018015767937115,-1.3062482818589283,1.5061329477637997,-4.677753015197935
0.4955090098745685,-5.75903512854659,-2.288336006942692,0.8006356325081065,-2.6366839180795676
-0.198025340901164,-4.2471527910517555,-0.23970965365165053,1.4125758639462194,-2.20456392777046
0.5313517116655844,-3.8961535243335423,-0.7351052329745591,-0.7067038246605035,-0.07714715205583178
-0.32428278770778995,-3.7333142888006643,-2.6475729481247487,1.4797694686383056,-2.3176580160016593
-0.07539493340177854,-4.203427503999432,-1.9895129612049864,2.0622274644729233,-5.345334529921344
0.49510012329116837,-5.114557149424833,-1.2722802435664722,2.1986685485438113,-2.8895901946363893
0.4296355065603053,-3.1160131882373445,-1.5800719891594657,2.6802994391513177,-3.267088249980543
0.29148490003933364,-2.7758450606215295,-2.056636996862815,1.8778963403294582,-3.1328011621226977
0.31261437078136045,-4.629762956480872,-2.9050914591211123,2.433586304637203,-1.1700119544125631
0.9380107761845156,-4.362661239399183,-0.7854635178584997,2.0141745524441257,-2.790290171020799
0.7631500157515965,-4.120244833129691,-1.3647599732102098,1.487806542888942,-3.15307443307375
-1.2063119221129543,-3.99831988571383,-2.1634017319299206,3.01250195959976,-3.756441883830977
-0.7742786533171364,-3.0164353931473684,-2.4055552759472327,1.1222562458247562,-3.726838987743394
1.4480451944715218,-2.5722985156365747,-3.1067300271472553,1.1239439680020664,-2.555163342046015
1.551163321332261,-2.807451808694297,-3.68028760231133,2.216790669134141,-2.6095428848528783
0.5475131874532551,-4.388771784229561,-1.738007180812274,2.0123933878802713,-3.0794956606750667
-0.2821247786501622,-4.307253615902219,-0.2656531717047146,-0.3232647744894418,-2.2384553661951294
0.8151402882011065,-2.8404946214034785,-1.0921806196683623,0.6743882181745711,-0.8991288708886445
0.6775242001603649,-3.3391038342609725,-1.7456909622346313,1.4026726483721035,-3.8285684972139458
-1.5501225854088811,-3.216442903673926,-1.0277385213751293,0.10812746368218251,-1.3969584955934597
0.06604825287873943,-4.308030706355923,-1.8197243991432417,0.013309847230417393,0.10455877233055966
-1.4017312084119578,-2.3567406912521163,-3.6106997006264048,1.3607708826255502,-3.6628847727369607
-0.4604503630738136,-4.5304355673155925,-3.79687387542092,3.039605487228473,-2.3884914342583596
0.03156856849625542,-5.735752146855342,-0.574837863327232,0.11501260854316186,-0.8329884314340285
1.7203665787911053,-3.7003629118864763,-2.9906537184978186,2.2375222996284188,-5.213898192315872
-2.1164952432124102,-1.2943672818595429,-1.5797035668768258,0.5712703337400744,-1.4540078717626486
-0.35640684103710296,-5.067603466334855,-1.8260795204494857,1.5330526289847988,-2.7744434256007016
0.6824882834082512,-2.738549741447023,-1.628098395286913,1.1082261204789896,-4.16951751039725
0.6673679848832995,-5.076150098119081,-1.7902072116770535,1.926460018360423,-2.9576150193670987
0.8509934901831787,-3.801622877644488,-0.305034902611651,2.176434727475473,-4.9087166086378105
-0.993663820846721,-3.0700733959117317,-1.8565268966955955,0.406275187097094,0.06494446402681686
-0.12922402664750016,-4.935950786148401,-2.02347921559409,0.2189434919236133,-1.166781137303644
-0.46256227181904747,-4.796018575951687,-0.8716305687079469,1.6351454905719027,-4.294553253886457
1.3102687392427068,-3.1388582302820787,-0.8673547336523206,1.177401645349422,-4.4900263189589324
-0.1377917909866027,-5.58660394861238,-1.3464976330574352,3.1071435270612304,-0.1954892356252922
0.01806208257718864,-3.6505564149788503,-2.476368756618265,0.35601424838766293,-1.3027362956731379
0.19104657491013544,-5.062157705672383,-3.7029492277552682,1.4230550006791258,-1.083154494805942
-1.3094491342557666,-3.062150641320133,-1.590940627783234,2.2758395517989767,-4.785048526915302
0.5175983776765707,-4.695644107994703,-2.3092687419013336,1.5853160777627582,-2.703031236977948
-1.1053851666119574,-3.7899747569506292,-2.2998555669657894,1.8106552795573136,-2.6499542844010806
0.18315619108900397,-4.625140254538164,-1.3395197897102553,0.3425359482604087,-1.6525368604918447
-0.7254768742758381,-2.9483480287806887,-1.6039468339132747,0.6470018376777933,-2.9803831563284535
1.1982847581234326,-3.028776813254682,-0.12047534563761775,0.9177490627942718,-1.9944453345648903
0.03789967674344184,-5.85904548809415,-1.6824685703153337,1.6016357904545158,-3.320833364683738
1.9309454166098983,-4.710701526444799,-2.9292206904184668,2.1928138835288635,-1.9159260291803957
-2.2340016090159867,-4.331550908044612,-0.934995624775652,1.983215321220751,-3.6272306168203277
1.3723385332046054,-4.362244060396717,-0.21324693320417443,0.04855057493311288,-1.2670341397535452
0.8599913664544507,-2.786462870304702,-1.8648185630154464,1.5417169646901985,-2.836132823544465
0.29253303047899154,-4.19124908761323,-3.620855690160892,3.208997215282538,-0.39504156156689296
2.2072121862196292,-2.071937741354727,-3.1964503166299076,1.8779547234175689,-2.559922919649892
-1.4280618480680547,-4.290865096212546,-1.470041521793295,-0.4077096845917154,-0.7096185675605893
0.21258281854545,-4.737181570224626,0.29687993002073965,1.4775304392708204,-4.163744480627274
1.247215502700072,-4.042814450552507,-0.9868521882106002,2.9664435644017133,-0.2091391588058058
0.607197538101851,-5.586764047129881,-0.6855009196478897,3.4606812975165804,-2.905620257023677
-0.378531536891439,-3.055821750463081,-1.7186685119318246,1.6416498790652791,-2.9341613176711503
0.6479513724507354,-5.094324181688556,-3.8213208336081985,2.3287286727945866,-4.4252123255966875
-0.41522164810469003,-5.466856117231753,-1.465299528720928,1.8764726686504627,-2.1479810592379542
-0.3407470939188769,-4.0090227166025665,-2.2003172750841604,3.0691067168462487,-2.946228399337631
-0.6620199494826718,-2.9659478501521828,-3.8867718628874606,2.912068750793948,-3.8813674726602567
1.054259827427831,-2.9115046725783467,-1.5813984505840772,1.5384437388669676,-3.332933374357122
0.3121424473561126,-3.826221565844291,-1.5524298188562664,0.41270947069795116,-0.7736248422208603
2.5164369153714685,-1.5468083342456531,-2.568285680508282,2.875660415689953,-1.807249837976465
0.8469467508553772,-4.454367830627043,-1.7485476281968988,1.2414847583640443,-4.7592991030542215
-1.4834137084873917,-5.161684087907392,-0.7540360102580809,-0.27719678821109484,-2.9959808289444307
0.8025632479008408,-3.338973337179208,-3.660843352935877,3.520918832233984,-1.4433813296947857
-1.0888036841960937,-4.049489933304637,-1.9852865035722835,1.6445679877221338,-1.6298741691552454
-0.27617076668465573,-3.752959384137859,-3.1489352968071525,3.3265344847127487,-1.042090858338319
0.141135073310704,-2.64779965164038,-1.52518647150607,0.9100515855448859,-3.3832963721448692
-1.0903810701019179,-2.62149954544287,-4.018763744882696,3.6045904271257045,-3.1296861265040894
-0.5054087078899074,-3.794350126778366,-1.499326880454788,1.1721722355349973,-3.125641060543619
-0.6738417274729147,-4.5406084419143795,-2.1132319458550657,0.8448511889182779,-2.915219339565385
0.14091388037417163,-3.4455502413329513,-2.5742662940070096,0.8654761045602049,-1.0133052539056522
-0.07351671562569011,-3.5838391004990093,-1.1081855952075266,1.0622814987634885,-1.742918644766514
-0.10417802988263843,-3.789263765526111,-0.69358341608402,0.2849984471787684,-2.9256197501995493
1.7063213243369049,-3.098251524774979,-1.0252197584244636,0.35353943718728464,-1.6191951684959425
0.5424521158878862,-4.983482244151963,-1.748764310522921,1.7991787393664684,-3.6625247104598584
0.4329860903627555,-3.9108530183335004,0.10772385191986689,-0.9742122004250288,-2.7858015721327862
1.097299054781602,-2.3940941665497375,-2.431776200032795,2.263861879332719,-1.9766102992010894
1.8622811616029218,-3.9784631758676667,-1.0306376412826146,0.3897999291878479,-1.084555814392387
1.3982452708252306,-2.8616908123760445,-2.239890384054105,4.0490055320601845,-0.1605624001065935
-1.0550459975049262,-1.6752949358375604,-3.6514197626251703,3.8350159327426168,-1.5071687514370182
0.528129532182301,-3.400170195616365,-1.5960578856673702,2.0415698569790957,-1.7679356739868102
0.7738372190883718,-3.2606178067391642,-2.45741688236156,1.7725892052673888,-5.566885872272197
0.9636933961213732,-3.5649576020409257,-1.463746221035556,0.28045862435713287,-2.6387854902814394
-0.1411011266366293,-3.7675513883995517,-0.5471908898265967,0.5884700128274294,-2.435542079597604
0.07199166872521738,-1.5332746311308356,-1.2367473528127801,1.328388791590645,-3.3787040288250347
-0.8861479035047187,-4.516392532334659,-0.7287584372809028,1.7505664541646915,-3.5295360138738525
-0.3685474725751162,-4.914803624544188,0.031024885146784698,0.7001765134041081,-1.2795357341227693
-1.1664094737795516,-3.28243849322802,-2.5792331104562134,1.4740283246208392,-2.5890858525249865
1.2740064530975634,-4.543860663807826,-2.3112267592485582,1.1909381320940158,-1.6199426223161921
-0.5194709410727515,-4.9005477464986535,-0.6249274327444774,0.7830321313023423,-2.104984235758375
-0.9326830231032831,-4.738955467359415,-0.9284378559972883,-0.11313244485448193,-1.7968956418696114
0.29533763342676633,-4.314812364670611,-2.542336965379348,1.5087701723787679,-3.8769176299513406
0.10678128737554075,-6.621472668441691,-2.367564207104757,2.892641909810366,-1.6487077936889076
-0.6862569008373571,-4.650828831336826,-1.6690179480185043,0.8539567591508073,-1.075614088479892
0.37664238732476,-5.407581634452504,-0.12415984692619197,1.1530272250136209,-1.6272772883164397
-0.6261906658513405,-4.436849549104274,-2.754923246519569,1.2609945433537464,-4.138909967729301
0.5099687328907554,-3.672520940652614,-2.611527213339306,3.7352660268874756,-0.9990408656716543
-0.02700581038460855,-4.285370103333386,-2.4872342602399633,1.3510722590194084,-2.288297148369222
0.21739984503219362,-4.361975992398507,-3.746216942912053,2.6256615003034853,-2.1151416246895707
-0.3810585382489008,-3.7171947979778146,-0.49260730993258917,0.12412764019516398,-1.511035109883814
-0.6694474312064037,-4.299110901803209,-0.9989726611410193,-0.27307300839865567,-0.07646316418006949
0.2550680734989403,-4.4953682468704725,-2.675617057182465,3.701422261622976,-0.6093236731199084
-1.5711667869189898,-4.206846180615243,-1.4806783376484498,-0.2310669882952574,-1.10211443066059
1.384740099119372,-3.3894998911074308,-1.3873576323787384,2.6967872186979935,-3.485177636056067
-0.4556908969136663,-4.5325882460428994,-1.78312459087553,0.9058065534638868,-4.928681952719316
2.0766775642877593,-4.903285899062899,-3.0432265905156424,2.1560258538755974,-1.9653353486900198
0.671797021075242,-3.977217335408399,-0.4054869036464719,2.0943333865128766,-3.2590566923590565
-0.09297751691161404,-2.3957168417900006,-2.2364062565197114,1.7836985402024799,-2.7275470664873165
-0.6028945815555102,-5.625655206926216,-0.5747377599660917,-0.860223234029639,-1.50240683168538
0.5192105717488484,-4.069715181714675,-3.1210657610060686,2.36917685422565,-3.025924340124832
0.46277507692170955,-5.979330019124618,-3.594518855067839,3.286802821537312,-1.5029614536589728
0.43113261764955124,-2.661761732703212,-1.1154530187645215,0.08471946611425629,-1.8724889781722847
0.8396090227586288,-2.0030213677128668,-3.812638476642239,2.1299353746214065,-1.8112675832210106
0.12075815010648003,-3.5244072615770285,-1.774131434294882,0.5814356693089979,0.3070118843183789
1.145038437907148,-2.18904601949216,-3.095555980242886,1.0918537994767885,-1.5093120302119478
-0.7671528189303864,-4.105591357901317,-1.427482494678221,0.14771488701611513,-1.950202816969065
-0.20343838848400828,-5.179832071203536,-3.0211803978006984,3.1808807614197616,-3.954729147719817
0.6195155255802256,-5.405435474365111,-1.1340519092436534,0.313869829027564,-0.14600180847012667
-0.780031091976544,-3.9762011885633077,0.44060119772190776,2.1617156662617005,-3.544536838241737
0.04339888367096512,-3.8286983327561783,-1.904505856889997,1.4658794290248554,-3.9690490175101916
1.5349925170224734,-3.027193069118076,-0.6178989055722375,1.3110453015422865,-2.5196253429063598
0.10570439160255012,-4.860046023471567,-0.23039410777682057,-0.23929528433340352,-0.26977462761782856
-0.46951929495535444,-2.4955970874233753,-2.5545046334099357,0.7852393568861314,-1.4125016261493084
1.1293766978437971,-4.969918160286836,-1.0106014330076474,-0.20124949650950352,-0.7341597176882932
-1.1359763114796235,-4.514002292791027,-2.0150255391327767,0.9404845729919631,-0.17138317162501804
-0.33158194119571,-3.391845324961175,-2.3773079397851107,2.851202224444955,-2.3282337040222347
1.0658535129306093,-5.630587189117309,-0.9559668088889546,1.3697672187908831,-2.825265779653404
-0.7700591950790759,-5.21286353966786,-1.454553767830999,2.392334454910567,-2.5756448387211472
0.2577850924311055,-4.553332568853522,-1.1838552754081202,1.0986671332216276,-2.813023004322006
-0.0698457477238752,-4.078848124574584,-2.220335850082545,0.7746740899011985,-1.3353199617649725
1.567361857418077,-2.8435781592624387,-1.5597184263872006,1.6487031320931775,-0.9356789254383102
-1.4218859205435128,-2.3357086183639297,-1.1731805746604662,1.407089921677671,-2.5796670012612912
-0.5414602656522841,-3.587188095436629,-1.783909689613749,1.1259047226267973,-1.9934142744906302
-0.3249481635961135,-5.2859228209912,-1.048668329781786,0.9507531345451848,-3.0269039707661554
0.3737719148067307,-4.688325250631667,-3.773024933757764,3.7667222715782223,-2.561133790061991
0.5519408255530851,-4.570608704647366,-1.3743374514414666,3.372719753767547,-0.8696768187643256
0.42343310643330717,-3.420479737584712,-4.413797508651335,2.2265798942044945,-4.958960463032001
1.419138514050265,-2.826807195698348,-2.733434106049773,2.1297889038771425,-2.2745396688248016
0.6719740243022455,-4.451167442330222,-1.6156357020569354,-0.6279978205850403,-1.3683136471567419
-1.2809004408809674,-5.278661222502563,-2.067114665281694,2.1585870022273506,-2.0999570712050826
-1.4450772860668792,-3.3330266826614015,-3.3317835627769945,4.25796671918889,-3.298589267123469
-0.5374815442954671,-5.6298853787892185,-1.2182948147810402,0.5213142085232436,-0.6960969295048662
-0.5256240257921971,-5.2103249542967855,-0.6794136884263273,1.123961667421114,-1.0532270767382659
-0.43677375060337237,-4.069380002197347,-2.335624291516205,1.843684839907849,-3.4979654610273823
1.048702408202802,-3.4927886359951623,-1.251286894298515,0.03198007716405182,-1.6004639041309725
-0.6312126741691892,-4.80610465097925,-0.172497366303481,0.11636177901643929,-1.8717676361338302
1.1090986359776396,-3.6948049946001924,-2.5541173380236617,1.1623256588489677,-1.5543836917720282
1.1486974898743283,-3.347394364845432,-2.763192396404166,1.520085559069391,-0.45509302432689
0.031176661906884364,-3.010410196182096,-0.2452025957514361,-0.8376335519261138,-2.0262058644676695
-0.5212129178074569,-3.4074311858535067,-0.4562667386816961,1.16277296389862,-1.6626291850995065
1.288071003656983,-4.345780750051561,-1.1599468587192403,1.0050182759588415,-2.463183970264796
-0.8457045949382983,-4.341816687174474,-3.4845336409418666,3.3660835227041948,-2.7438223252085656
0.4789268079432277,-3.8815077168121004,0.4475200267622508,1.7089815121400902,-3.1592819635906277
0.2725573204870592,-3.5934887863885976,-1.8652696999293426,1.9929135491400805,-3.881362144002912
1.2974969495878943,-3.6218635275456457,-1.2256390819265648,-0.3943460987943195,-1.9237341571654205
0.35885497175971715,-4.422990973810291,-1.867127608915269,1.837278256942072,-4.057487633420245
0.021150742032654803,-3.346938943355837,-2.3270030561518698,2.8935068011866734,-1.8891656920151898
1.055169838369879,-3.7109900194936323,-3.3289144106988813,4.203683184869847,-0.4548489603439687
-0.380089972109003,-6.276574404644737,-2.7546035162990625,2.6127704962576535,-3.03721946628455
0.5624021171572643,-1.3607607974225249,-3.2012602315024217,2.350957671928212,-0.39389919241949345
0.13273724755111255,-4.934643197543317,-2.5614192472215254,0.016747021920295424,-2.0750385629901467
0.03486168071259834,-5.224516489963217,-3.0652054958400945,3.2840470070673384,-3.5874270790704834
-1.4824354022807713,-3.1474967972034404,-2.2897211337202426,1.9099046145408543,-3.5485923528889085
-0.004171815615342664,-4.6929211267870095,-0.9420412104062653,-0.8109663234191034,-2.2237480156074527
-1.010840939789875,-2.9378804384773236,-2.346327881974745,0.43183724707153526,-2.599141696831985
0.5300001014792087,-4.044660698727338,-1.8490271484460667,0.3057820091871779,0.44598938627695417
2.3697516518020088,-2.4763038697091515,-0.4059068516703386,1.1444047470705896,-2.0327430441578804
-0.22607606380716505,-5.239827473239502,-4.189083891873525,2.2747239832454964,-2.20733163587795
0.9164147568112588,-6.161437875742037,-1.3605241139448103,1.1706923091121602,-4.162342153602923
1.00870225337923,-3.3921829076641083,-1.116259685864241,1.2293225678739645,-0.8791433393063255
-1.151974482849848,-4.727615028190783,-1.6476097387413233,1.5532557784706622,-4.533360320229299
0.7081195970686851,-5.556109366067085,-3.7292597981570026,2.924746976216925,-1.782693519868992
-0.3151938012409842,-4.205627708456377,-2.6327068753099323,1.3003682734357622,-3.597236652551142
-0.43983608931816015,-4.0968688741855175,-1.7531253870965648,2.0636783205394638,-2.731940181312175
0.820453573842574,-3.413760381176291,-2.491918238606171,0.83163239637419,-1.799960638969091
-0.5559180623876544,-3.05295935275063,-1.5942452069216642,0.8683247665017872,-0.7023435630526664
-0.5085630109098325,-4.3430460416761125,-2.2540827601836626,0.47144366602052923,-1.667014101947753
0.7580033195494729,-5.558864346971155,-2.7784047994335443,3.135481725563907,-2.7032261296208255
1.2898341448679984,-2.8275770983553277,-2.865375378820595,0.7952993281121847,-2.1280961885838887
0.06653050683970729,-4.087077529793842,-3.1187390656163334,3.3957792339553556,-2.704172109269095
0.6672692007972113,-5.085790986096799,-1.8829955847932263,2.346316834526582,-2.087387423990196
-1.41847651241114,-1.6516027967869302,-1.603575631617411,1.910810694147543,-3.2534114851740297
-0.10151807138455109,-5.4559255543029614,-2.0474626215818716,1.537229154074745,-2.295237567730515
0.4469237221098548,-3.2066625111117117,-1.6439391261005847,1.3997761065152006,-1.5587619714859762
-0.8430501398490934,-3.1794457928714754,-2.5431383301136896,1.139067010436225,-3.714546276077357
0.6445439518773701,-5.039960575828614,-1.7010220474395163,-0.8891562171943195,-1.320333722268403
0.28212910047100415,-4.877566417192712,-1.6896653611635715,1.9569348280050662,-3.8790208816686436
0.2858833905891918,-3.78037194790581,-3.6210205974925604,3.6317518480493125,-1.7541688774292017
1.185017754293034,-2.6120080188096524,-1.1252841126357287,1.1196478317170075,-2.3414309470650454
1.2655064487383478,-4.313019433701161,-0.5491430432362263,0.435590113679058,-2.502883277557239
-1.2153466392847267,-4.287768498183655,-2.66040625280152,-0.1252214962901328,-2.7705009173363138
-0.6552506374593475,-5.299745700934973,-2.393751897796264,2.6737002103001863,-2.8592646264557144
0.5383467692384967,-2.8374543592771215,-2.527023817591735,0.8144970294270312,-1.991552448971831
-0.30107630805670316,-3.4777335762176094,-3.4102792825700465,2.604289525015146,-1.794386083709316
1.9901391106322228,-3.391913040983802,-3.0781851665653006,1.5342809267380217,-3.400483640090317
1.1058590992399453,-4.991447208834531,-2.2879385187317083,0.8208729574633662,-2.9594745106766642
-0.8206589408551266,-4.0655703262805725,-3.5035991019679154,3.815297887891087,-1.276346807610479
-0.7560202096038663,-3.94757380338117,-2.8106681113160397,1.5540371416303247,-3.9722393950268464
-1.2654440853552495,-3.1354148290621775,-1.1597768443505863,1.2264926151763735,-1.301874727193333
0.37140889227276375,-6.1025931117597505,-1.9038021808000636,1.9066326734735033,-3.3480022157755487
-0.6052727910891746,-3.357225676092076,-2.6431711406825884,0.4662003580119942,-0.9408158021412211
-0.6758592861022096,-4.285078708990922,-2.0836366828830184,0.9238731070434301,-2.6468917457855996
-1.2653410882988532,-2.63398997435125,-0.5047207339369066,0.7712480878550261,-1.6306790472360078
0.8897148119970517,-3.289600882816704,-1.2811488758113656,0.6231048621422841,-1.3447256391403632
-0.7469561739715275,-4.9729156441416045,-3.4826311520410362,1.9728524704283483,-3.2114942949899272
-0.905830245760958,-3.8352499383976695,-1.5811390461431556,0.055744537739358835,-0.5036940924377753
-1.886475210788988,-3.8078623714557738,-1.6073430577365078,0.7882013897113629,-1.765690080639506
0.4047553694405423,-4.070806516524241,-3.4326002496276464,2.0909067936272945,-3.1547277363804316
0.23043542036620523,-5.282083564962124,-0.6854229893460688,1.111406630637517,-1.9970505616748948
0.7312358941629121,-4.424565890093539,-1.9278614167134485,2.5882574458240066,-3.991279486338592
1.4355083232727985,-4.012577490667635,-3.007101512181796,3.5944127574551885,-0.4125176711597024
0.20713375767440378,-6.291558005360902,-1.7111495093693896,4.491093033376989,-2.0434275352810882
-0.34434811242514946,-3.865701963579294,-3.177592855930391,3.798064810444612,-0.926256376264708
-1.6037823308549553,-1.5669972361353446,-1.7735158879304012,1.2392182839243575,-1.8039400699071182
0.10765611478628605,-5.049902439275983,-2.2941010480048627,2.977344398377083,-0.8673346758941016
0.35253229335396485,-3.8855701107829765,-2.683358422842467,3.515514321839892,-1.1960089770166715
0.25702392343992153,-4.828824266122588,-2.6227716755823907,2.542035549766693,-1.9246236908109697
-1.9473343190393224,-5.769942054851258,-1.5279525727402103,0.3450232535393115,-1.6590362753787724
1.2354574916025496,-4.603997924506075,-1.5651479512424933,2.0780732486267,-2.96248965897135
0.6211648700272079,-2.43919054793539,-3.0829595116198845,2.29261373152316,-2.8089798445963097
-0.38989163139276983,-2.073700277507396,-4.452136361741153,1.0445001433833174,-0.9654548071757005
-0.2841491410620493,-4.39427756461511,-2.574982024348996,2.219798739324564,-2.132984069851186
-1.9202481241946172,-4.138102631676889,-2.316909125434707,2.1399226924973487,-1.7670238191346026
0.3231218010481889,-3.545527762303922,-1.8288978696289766,1.4869207463664609,-2.690942305291046
-0.34349389678150366,-5.25332427563551,-2.0646937835390933,1.6527197654992765,-5.547458710349851
-1.1304130983967469,-3.4003677424662,-1.785393780754284,1.3732130840218326,-4.8771839183269
1.974232377180086,-3.2672436186154137,-1.0735060165894152,0.921751804233362,-3.131610578145117
1.5448740435904276,-4.240999612623923,-2.5628346556030177,3.794095671164248,-1.1227728829893189
0.7238759070559383,-3.3676821701036825,-2.417840660019723,0.0598226822700485,-3.0332739247367844
-0.02110657370657157,-4.827313073688971,-2.2793364041945994,1.8503451649309093,-2.8138400147995575
-1.2412753647340078,-1.8769254306706566,-2.8687804484906114,2.3158786039234998,-1.5900728080713609
-0.019198865269160332,-3.6396358292064304,-1.6338407776372292,1.3426295622925477,-3.620618457064248
0.46986388122599015,-4.105079026724804,-1.5795693663476473,1.8743447833687583,-3.944316279832031
-0.10832037710381609,-5.913925007563796,-0.12809940832887845,1.1830354317138965,-2.4846075310597113
-0.03526426474401592,-5.723021486665715,-1.1806535283790092,0.2079098707308079,-1.616586846259565
0.18669651455674446,-3.4510849076578367,-2.130120914924981,0.6662397348019218,-1.4314783666044995
-1.1436364997029824,-2.8752280268291703,-3.461538071486921,2.427527697743735,-1.734440860257513
0.8206507067258567,-5.016301518703911,-0.6755816818868816,0.30813715605964026,-2.3119588954079657
1.0070949475046054,-3.7079964761369086,-2.30453035618199,2.419699146598448,-1.772378111883724
-0.4301830518281966,-4.993620275849394,-1.7336382790510283,0.5493678779330605,-0.23074619681658137
-0.6943542642478197,-5.125048874643164,0.782833040161784,-0.06349632222258955,-1.2446589261695142
2.1208310224669535,-4.932008067525297,-2.1281286878711123,1.4303676575858606,-1.4295320891158172
1.1412556248351933,-3.816967150659112,-1.326898013852299,1.0415167728533237,-3.75869636189031
-2.3199520109902276,-3.202619907297402,-2.284584369644416,2.2660432006306968,-2.7552641503585247
-0.10212771418096107,-5.030825817807331,-0.7419980143014026,-0.6579338185148924,-3.060481634818899
-1.0199848535223262,-5.0059638166836145,-1.1131475375201134,0.667610772224206,-1.9256639333124626
-0.9117659779798447,-3.5435668097454993,-0.8976617693989861,-0.3382878253807595,-1.5668095147020198
-0.6898592405024225,-4.5631103179924715,-2.9443460635446668,3.0165721547005586,-1.7232705059667865
0.04291468099847176,-4.043606446276597,-1.3823823569841134,0.24353730343506275,-0.3795168509582938
-0.13190171258855415,-4.372413907625991,-1.5769954898391387,1.9676217820081296,-3.53233827180358
-1.2948063811535262,-4.046764054569266,-1.4024392107822594,1.0233133669396661,-1.8166779361503385
-1.0862697314845238,-2.808934258077096,-3.683805394329249,3.6431867084638387,-1.3908232973005357
-2.060181566014477,-3.9937487049375013,-1.702880554163194,1.2042910889013947,-1.9572728966242936
-0.09036444106772928,-5.348912309227549,-1.4138671725596563,1.9022675702111478,-3.095131675577154
0.26839828651095043,-4.3502364125549375,-1.0338439033987425,1.5852875078216135,-2.9879828674471303
0.861137885963383,-3.123848607855714,-1.004990416518074,0.5367604354425282,0.8443443856662851
0.9811378317472554,-3.9649536010298188,-2.936748528485359,2.002105002443107,-3.722779114073717
0.09847901155065533,-4.523438994814908,-3.363057513351694,2.363386630657483,-2.910819135651661
-0.40385799071442297,-3.983354815511623,-0.05681290250352,1.8917546932391471,-4.593184943820791
2.1402327193891235,-3.537144908431785,-2.6375607138003607,3.6069997735007178,-1.5534712097700984
-0.9266030364543661,-3.5575507522379346,-0.6218263026521116,1.3382374343478247,-4.539472382351337
-1.356798720287458,-3.3380895553175387,-0.4918514462060879,0.9123202292743433,0.2744497775832291
-0.46167113887090205,-5.866387268715449,-0.7636679774925499,0.07985126391403907,3.35337346868414e-06
0.19456183364779014,-3.197118420776061,-0.7859675129008119,-0.07376576561920634,-2.9463978922379326
1.350053117663414,-2.111851570703376,-2.4601210057669984,1.769516738539182,-2.3619187424510946
-0.47298472358907045,-4.027297901890588,-1.755052429400909,2.538677259814807,-1.9789935561083287
-1.6206236844826747,-2.3903738735990827,-1.3395982927759231,-0.7397060092743812,-2.6932257843847722
0.7332177803273593,-3.8078847599922456,-2.4507871348890156,2.6614756223453035,-1.8892294697646141
-0.4517323517031473,-3.401901571507054,-2.694708821034829,2.6913669266171114,-3.208282962459623
-1.0690223297746488,-2.7120109721203445,-2.4844930154273306,2.215833417307847,-4.009650323580654
-0.9127473779520334,-4.222036940583926,-3.685319235555353,2.400711482977205,-3.6491465448454012
0.13095340292340502,-4.105824463928955,-1.2308079402951915,0.5853742243789937,0.18701578746628122
-1.7676436507262105,-1.966037658133062,-2.300026251347134,0.9909974025279552,-1.809861972334645
1.4744680405993944,-2.39099718847232,-0.6253896460656254,-2.1577565479789267,-1.8747550635309411
-0.16959546551771515,-2.980378290290686,-1.6035521884157458,1.4216374323715717,-2.026579779198806
0.04405962035919022,-3.2462182669816384,-0.2792153690025012,2.244575812774846,-3.537293000613917
1.0464228956474093,-3.107838466212775,-1.019353458129593,1.2209036955433992,-3.9712360376581586
-0.7506640625414507,-4.84263083794173,-1.2351083112857628,0.11887293948498967,-1.8545894427860259
0.0585803456805668,-4.053209652540577,-0.60959828695735,0.7330782402240854,-1.9744633207266251
-0.08871758293689884,-3.697466814443385,-3.2534653058558742,3.872147946345163,-1.6697566801044066
0.47698918267848217,-3.2823592892748685,-0.9331286156991292,-0.24076955213910045,-2.145835677375243
2.442351512956595,-3.651739668890022,-1.9805322869640578,0.5886496565149805,-2.3621905356223323
-1.1017592933715903,-2.9113122765543937,-3.187520994944375,2.6716586214047613,-3.5328258825366223
-0.07236749992454078,-5.189004720402687,-2.8943128161539815,2.752175503213908,-2.6656228416528034
2.1126856844678112,-2.456237406129583,-1.304368861804901,1.1921240385184706,-1.218902598679772
-0.9033886819160328,-1.8625685016133833,-2.001801444270139,0.030205886389653935,-1.0723831897568359
1.6119085064156429,-4.342700545644321,-2.284063189947509,1.029544721310562,-2.1601556477229384
0.07725691159483966,-5.032824573446297,-3.916333368303478,2.2849570000400803,-3.476859193868649
1.0282176418350832,-3.639588375376768,-2.0071502953399425,0.14759798441202654,-0.7707959803391666
0.5597047795343086,-2.7704968537804113,-1.542166202711422,-0.5117285408188261,-0.8810377280011541
0.31701041473769603,-1.033044859433656,-3.530006599720335,2.118759181758561,-3.427644893343163
-0.8924376729648258,-3.3174930515244596,-2.572788875488312,0.9356645227682792,-2.0399597155441285
-0.14918916095477025,-4.419977272324113,-2.795630409648624,1.3628954561591786,-1.6061450190745465
0.6837552286904686,-4.115645980566146,-0.7866924796444064,-0.6888732449035968,-1.4661195051494385
-0.38634980432095084,-6.097023613422772,-1.5937798575875743,1.276338425394371,-2.5845533627715773
-1.0866663467080582,-3.6873278394209525,-2.341898307001353,1.6512283234014957,-2.656939290063013
-0.9823412294630043,-3.5996646157950978,-3.0909452154361454,1.1129441918386815,-1.7216699606377865
1.413398937920676,-2.1288604496920316,-0.3494309954567729,0.15253934686849036,-1.2177834044916727
1.5955825955438594,-5.490276668490414,-2.3453540478127537,1.042331499532342,-2.8209437136616407
-0.7194187818493606,-4.026262484704893,-1.0158914746031413,2.242566842733151,-3.256513329440197
-0.0221924776536988,-4.524208911386636,-0.8314963355663995,1.1376047445322808,-1.3594673603669452
1.2412448142865442,-4.849617528080944,-2.0805650068579586,2.2480157202572117,-2.8649018300797198
0.2922366095938927,-3.12231947058842,-1.412989996058108,2.024668564802544,-5.006432174143444
0.0660058646169402,-4.507736499196135,-1.8453045271963051,2.2924674168588424,-2.268231000062897
0.6171086076877786,-3.435638489569751,-2.887442753438386,2.4527554328629866,-3.255462519946616
-1.1087758030262194,-3.84129213838965,-2.7002488162523934,-0.6691405330145608,-2.28868458871558
-0.6849214547382378,-4.319180009184837,-1.9520473040256228,1.3908398623399532,-1.7663948574102997
0.7650294357245845,-5.5430444753516275,-0.46295913244869924,0.9643074887838923,-1.2503104300958365
0.20128902733725393,-3.782663314843302,-2.2479016651269363,0.6700752657856206,-2.0391003954363316
0.46228116872644603,-3.147897872741126,-1.8907388579677638,2.2826897529321464,-4.548380536043005
0.0914747607264241,-4.0392675549038835,-0.9394418992122098,0.6409938377475688,-3.517033521068608
-1.2907781479490994,-4.400380898589695,-0.7427430734022911,0.41861574728578704,-1.9596642910863886
0.4238476368216276,-4.874474467785258,-2.9677270241670266,4.265164808037344,-1.8880531553015631
1.2987734361633363,-4.848792471808524,0.9322164522051994,-0.04745770576309649,-2.739428077336469
0.516596132736983,-4.362588779220951,-0.8344836392104314,1.446189021795147,-1.4894238300438136
0.7332479172284545,-2.544512459491342,-2.42396329876257,3.9415222311148286,-1.8051022429660657
-0.9379262480262793,-3.1475274141241547,-1.591120195303187,2.127266374367442,-2.2583224348575124
-0.24933977404008587,-5.1241109910022296,-0.358142453249249,-0.2101446681687964,-2.9861733013346488
-0.453826275315285,-5.671455249409685,-2.3937415731087257,0.03303775421770805,-1.5466214873179105
-0.5050371587864727,-3.8928269553890695,-2.1375106793787864,-0.2417380437110972,-1.0376340735017537
-0.6189478848635087,-3.5842756206906845,-2.4858597076961764,2.1753188387161604,-3.4509403369075553
0.5931559241100901,-4.299490280331866,-3.2233829866013886,2.773915108157621,-2.949658725073721
0.553531258741302,-4.4617575107903225,-2.1815991000128623,1.1285277228220356,0.6199474105383604
0.8461155719684416,-4.406838852717583,-2.03030110582943,1.6440472166514697,-1.6070709739216003
1.8034384617586279,-3.5783301336124715,-3.1264560201177614,2.0799862282641857,-1.2536612161570337
0.17577272999221608,-5.500177622961615,-1.759230258130197,1.1778511516499186,-3.145926729857372
0.46927003678740353,-3.9490037923927517,-1.8027810578667722,2.7140745288040486,-1.7814670290477563
0.18175314788049945,-4.101475556953817,-2.1996258900956627,0.9236147456815593,-2.6439921585804367
-1.6122818589151047,-3.175217251992976,-1.3640851993402712,0.0028903150823278434,-0.2739995400197489
-1.0580105661610741,-3.6046652844959834,-3.082202432197523,2.494316108973624,-5.1462387878134495
0.4707056805773103,-2.8840696593924258,-1.5218817702789074,3.1813125482335347,-2.381596371811759
-0.437141464675605,-4.4910833234019325,-5.219964331587186,3.998763777012548,-1.8954751207145204
-0.04911903933134915,-4.697445975079197,0.43588295216948336,0.20833129287054822,-3.009899559369126
-1.4225701443150534,-1.7592916613436749,-2.27648221926381,1.1442723126544518,-3.3154964994504548
0.28946581448468073,-5.797775221613253,-2.163996784985243,1.9506045178707891,-2.526957645778853
-0.2948756959374504,-6.396024469948727,-0.9616976033115522,0.7457925143000903,-1.0897574547530096
0.1884105024955541,-4.001794872267851,-2.0455701215363975,1.784396188052858,-2.1160617761462803
0.19387747710327205,-4.721044607191332,-2.010651265400532,0.5758333472310638,-2.0682755358189056
-1.6234675201544997,-1.5169934192639263,-2.3538157549262007,1.4871149715684475,-3.077708974633167
1.1037008105397497,-2.7359195697009784,-1.4831018070952529,-0.5550157565554017,-0.1147239279037906
-1.2645444083398867,-2.8497076090201205,-3.212952307677974,0.2219819638042857,-2.880057883164702
-0.2975785790035834,-3.5552467096886406,-1.2194640038630669,0.6076708112764222,-1.1780277894438922
-0.46076819388017914,-5.214521913297354,-2.1699134780805474,1.7455925302152773,-3.042013218107894
1.0341354600003758,-3.6431915058432893,-1.3487359721068912,0.29764551176436793,0.6313314321111267
0.11002511064358497,-2.5671513044174414,-2.9728832789466058,3.3584429520469876,-1.7332352181891373
0.9641250685967201,-5.0387247018251875,-2.8749397034107913,1.7864096434827175,-3.9401648123181974
0.2061449855011161,-4.523571078390016,-1.9282802195590387,0.8535691970305145,-1.8123713985878225
-0.021637297425890836,-5.8041054943423145,-2.7271508778021136,2.455807595530446,-3.8170564022163345
-0.8039284152812162,-3.297627825620906,-2.6054884541339183,2.026268946022747,-2.5222006981109057
-0.4686290501164739,-3.2698619360318464,-1.2128734909231882,-0.03063614469525633,-0.5271970089679381
0.039823887517514305,-5.664007686938264,-0.9511617750583523,-0.3001202444002342,-2.2651151829351726
0.25987811431618657,-4.426611618513293,-2.4012192317463548,4.809026300312984,-2.9671121707094774
-0.6401952141174423,-2.678652252713374,-2.3486749422713733,2.737258421010191,-2.216430547677691
1.4107394301102836,-3.446915580224685,-1.5638150413849536,0.8440266554042561,-2.122638305760042
0.3045172610594067,-5.401841498940451,-2.492856561705107,2.454748828464678,-2.099755605521117
-1.1063040766640437,-3.246635449258491,-3.712685111098728,3.052496019262914,-1.4525039671195559
1.4902573795519576,-1.5345845430411542,-3.3456915815428805,4.2623506374208215,-0.19813932206897
-1.6819958103427453,-4.780819495355114,-0.712147747755637,0.9899445138391718,-1.694735191200001
0.3978745954057583,-4.703147098730268,-0.09170616249394481,0.9046247303026796,-1.8112923904766878
-0.541132268905428,-4.409521737374386,-1.4382875189018245,3.021763115772904,-2.6369293804614897
1.5766157426996203,-2.944201889871531,-3.3406287697437405,1.0611585276954623,-1.887630340099469
0.8385195924424974,-3.582818055791094,-1.5936664087293677,2.457908939182793,-2.4324659011720833
-1.1624234720330822,-3.0833959768675876,-1.6208339505007112,-0.3694813942992359,-3.3801692175039966
1.008820044498519,-1.9032358880138769,-1.799249324333755,2.3888519564737276,-3.3839945042944044
-2.014866599817774,-3.3104128647016204,-0.23970571607001223,-1.238395209400018,-1.5165833320082245
0.8383592428327026,-4.715728153289259,-0.7067955157292369,0.4175967862031834,-0.42966632636792834
-0.04215892553906014,-4.641381539325144,-0.5077561277788956,0.5636695324943238,0.31113345679204296
-0.9069400248225659,-2.3231793411841206,-2.836110517304346,2.3176599693199416,-4.788016903426023
0.9850627727538989,-3.9516125834506095,-2.1701000763963223,1.62479964338661,-2.6310813134604287
0.7793011530249265,-3.245869412226221,-1.9459496840175832,1.0316327404856698,-2.2417803424601095
0.1972033888135102,-4.3537229882063855,-0.9858522451135864,-1.1886537000199542,-1.7827321210481681
0.29039297456566826,-4.561893154560767,-1.8011820108882337,2.804147688636669,-2.484823733517104
0.4076736652094989,-4.656392554648554,-1.0264100869773176,0.604687248680744,-1.162570574274569
-0.3498880106481805,-3.4026970763016218,-0.9064288302799905,0.961430739612626,-2.5473980556465623
0.5646336313065202,-4.603833443736849,-1.3694523902496014,0.02153870047931461,-1.0788458210786442
-1.857847382726279,-3.527921576712515,-0.056591641399896586,1.392381005532168,-1.5767115178466364
-3.3783058199614375,-4.526448233311307,-1.9914526011108087,0.11154672376797414,-3.2098647044111646
0.4676393146474983,-4.4137993018354384,-1.0950406869096772,0.7095691028085342,-1.8312624998966613
0.3921994835190462,-4.457686474069105,-2.599073473615813,0.8212322965968119,-3.6980206112068164
-0.6645877244240975,-3.8845015068777227,-1.843248367053459,1.742045446441551,-2.2719548163617356
-1.077236848903781,-4.270587010403531,-0.9528209389949551,0.6981623290557564,-3.285857314114719
1.3227032825309368,-4.891200814013625,-0.09752285960027485,1.0822846199382727,-1.4214998506337644
-0.5116182885285732,-3.8159663246384143,-1.612718756778131,1.009818379677279,-1.0492736162651142
-0.602477043062195,-3.5272012383092326,-0.5911893492328861,-0.41490000093100243,-2.1258854194473495
-0.9670376240251601,-4.504555075862451,0.020446018201878857,2.11291951028372,-4.382360817703247
0.7994547607474799,-3.704388587228234,-1.8901269110286896,1.207495219750573,-2.1666340244345537
-2.2103012434060805,-3.690046500879516,-0.6087135938262689,1.0747931440396619,-2.4861721566253374
-0.18841748994512025,-4.73085888516855,-0.2424935861664863,0.5348501453014214,-0.5767730523284679
-0.7147330443015798,-3.877384600144894,-2.0578133305817223,0.40175215307427825,-1.3995779994759232
-0.14374809581162779,-5.164680975928138,-0.9235985359046601,1.76428177719587,-3.2432993021252217
0.6686262705936624,-5.061214091881055,-3.533808366705128,1.9530488925713367,-3.4329671178927637
-0.4865685059134496,-2.306682836893028,-4.087627474150105,3.876190374829332,-1.9035074689012739
-0.27595105006837256,-4.606587460258058,-2.9779678831102734,2.2487430756147493,-3.2798964895560925
-1.8693516344298902,-3.1442691060577896,-1.6823627009424305,1.554673170897067,-4.672617981291952
-0.5481179079620868,-2.8477049221874458,-1.3516130053910973,0.3209202633447734,-1.4758783131408897
-1.0563408734633022,-2.6603755551395194,-3.877530978882128,0.7768877639641825,0.5779638449581785
0.2309111164672157,-5.458043546302489,-1.9050902460283883,1.6157911685563746,-4.260917349979003
-0.23590552810443383,-4.976156397614129,-1.891448617073088,1.0882465464366413,-3.198920829641085
-0.4410960156619166,-1.311005907173279,-3.627467012913781,1.64664876648367,-3.8585300668188283
0.15613522401563795,-4.4942128170394335,-2.1304323028510264,1.1270140490055813,-1.5193777981440144
-0.9003161812767706,-3.033576232526488,-1.0070163136488666,2.7131693349386046,-1.1979263719548314
-1.1357147823297709,-3.4087752643050564,-1.9573987229543504,1.9955628164419998,-2.1391649155292516
-2.591874928410129,-3.3066704507344586,-0.9849891809407391,1.3590575297048257,-4.80261703322628
-0.07696814787922203,-4.640166158715639,-0.9547538411577119,1.137728719585865,-1.7970287128923568
-0.00848715829661494,-4.5369019425592345,-1.21478973865125,0.7835500552487904,-0.893082008306061
-0.06346952337698047,-4.373010198798196,-1.930566292040113,1.0239486990999633,-2.3169632971568093
-0.5905217046236114,-6.691191599196031,-1.2128172923658953,0.9945029613845363,-2.6002348601933596
1.035534544363398,-4.2807973837117395,-2.8630970334181876,0.6769365261544722,-2.0194459560937954
-0.7569939991156549,-4.747665081173647,-0.5093606238928241,1.0274163968058276,-1.4412624074376352
1.774771445024047,-5.236663594062688,0.11901934411353254,0.4711342569840413,-0.9920458261166696
-0.2984006698080406,-5.3046698254861075,-2.929377463928226,1.980338161788639,-3.10944257855079
-0.8344867976584845,-6.11471631367509,-2.7373867713627797,1.140860251131832,-4.193750371177847
-0.4079575176165083,-2.493138782650619,-2.1486251562824243,2.659650125631238,-2.1687426134440773
-0.08879907801137794,-5.183136387208552,-3.011434003360052,3.1634458989252305,-1.7382458109324614
0.36422492705803966,-4.830484948006789,-1.191968434196972,1.9158049238676806,-4.179222887291195
1.8591938074130026,-2.6130989922553463,-3.3513434167429503,2.711482826235836,-2.671161557399494
0.12196828466499483,-4.876012670808286,0.5819629118910763,-0.046151995606665386,-0.7591282238102739
0.6957732376375974,-3.363542649184817,-0.015049729669784906,-0.023736244863432954,-3.5423903222947772
0.902230274990719,-4.208783898819473,-1.13181065177278,1.6117587238170934,-2.6447267495105233
0.4224000307283161,-4.358195544156949,-2.311515122521415,2.831992707159837,-2.142878415081058
1.902679680584606,-3.6938427512719123,-0.7050167092362958,0.5538506346294372,-0.3378581492933972
-0.35032952435190357,-3.4726012329641316,-2.3603022493995502,0.3466880398466987,-0.9321266488189063
-0.6405642352059425,-4.619247689366059,-2.723866079670898,2.3558143160443645,-2.484617183273153
-1.23390873278405,-6.17395015358187,-3.575489582328042,2.9536178627777576,-2.4065362878083882
-0.2889729771287878,-4.355161922194306,-2.7020753693871913,1.9893905143157553,-3.255245399721652
-2.1187627551759,-2.2838614183093346,-0.6136087640144661,-0.7394804216537452,-2.7353226519228646
0.6052508281143466,-4.8221113856031845,-0.287421379867268,0.5131074796884683,-2.5019233190747827
-0.7145331538111578,-5.074147249420575,-1.1216944929063677,2.0683989220695427,-3.3480077571873275
0.6296747482810737,-4.691038570182221,-1.8019249952746996,0.861462845384905,-2.641865439277735
0.3405207881413492,-6.688304555921962,-3.0255479480643612,1.8250012171714582,-3.5554656596880156
-1.216822922129052,-4.713426765373609,-2.3837215384034445,1.386617177053835,-2.545973549835307
2.082980964063206,-4.039011536209896,-2.3769158782812747,1.7226121352593942,-3.546997056646722
-0.7847947212735666,-3.2553326546131505,-2.1733509253432954,0.5386885774113492,-0.7435471675644467
-0.8643216538152726,-4.370052355161319,-2.7575889501360216,1.186541987678008,-2.3615886477793238
-0.42819884325254476,-3.549934256750946,-1.2307374916859093,0.8925629297285158,-0.9910773747791501
0.45900156138376874,-5.595668490218244,-2.374264466749041,2.759033609195463,-4.918811972396433
-1.0916907712938273,-1.2692973502973728,-2.9777982445341005,3.3359890531629564,-1.060627688331241
0.7887330188382642,-4.827403266188279,-1.1633356966025281,0.7125187524560302,-0.006927739139953593
0.12242440519926155,-5.6862232406318425,-1.2046020141350078,-0.3735869600703119,-2.2544234848299323
-0.19870929713806423,-3.220508520435227,-0.8904622205543906,-0.4968359297784668,-2.9267247745740317
-1.0624504036661464,-4.887807461334391,-2.5374309410809017,1.4433913064088182,-2.4876481262367323
0.08647492437627122,-4.422331185372933,-0.950213142393327,-0.8584865457543018,-2.6008713645832886
-0.2852915796882786,-1.598875973874661,-4.012160044817139,3.5791880240509117,-0.838210312315857
-2.044650786356941,-3.821723927223884,-2.171694944070609,2.254439130313294,-5.402125486492688
0.2932725340864974,-6.352184384808723,-2.6589395936159628,2.3403743881847077,-2.8501880214175244
-0.9549774061713578,-3.7920711421807876,-2.081752654945231,1.0769645851193568,-2.4698467870306895
-0.3366837793707064,-5.044252479360595,-0.4129528745050488,0.31657890911153563,-0.4286680554586587
-0.900054332965019,-4.811990056231541,-4.05657322543699,4.527265256496774,-2.1764259182927814
-0.37373994360567103,-3.8145601082447778,-0.5881013918449236,1.7287414057191428,-4.303428316533565
-0.4826197048171694,-3.1997129206872192,-0.7687275885679978,0.9069356337424894,-1.7114901531578897
-0.4041037358229277,-3.883252261561728,-2.3538829674914448,1.8411825238472639,-3.4385202401654658
-0.4795576036610387,-3.870736074851259,-2.7552632323844755,1.6547040311461245,-3.601155228914199
-0.7038170368802097,-5.540368741047769,-1.3913607173956166,0.7587670787607619,-1.7512391107486895
0.9813553448545718,-4.356494468707045,-3.7380206536855534,1.0838263731579163,-1.2296787007986225
0.41533186727317417,-3.4795262367046194,-0.6150503616662324,-0.4131606441703022,0.0997553493821155
0.5026451184657768,-5.320342932514631,0.14719912553806647,1.0128703304882263,-1.2930562253909232
1.2790349547846536,-3.20027204320147,-2.8023957156257286,0.25979610751517646,-1.6343592109737757
-0.5740797723921159,-5.060549474290023,-2.3208302416638826,2.67218162183419,-1.6022173680767953
0.39879259054239263,-3.409892523755723,-1.363577176235105,3.61469539376386,-0.32423770408607666
-0.577661120492356,-5.050081538161473,-2.558820431972672,2.3715163233560768,-4.002914838718926
-0.8862967688644503,-3.1231478951641702,-2.7124958231276244,2.1239047221044816,-4.208334622855713
1.271716427514705,-2.887428628002389,-1.3100294347404224,1.9920716770180902,-2.6989451682466257
-0.8980426854370613,-3.8529758613629106,-1.9396116708917637,0.10553845914027793,-2.0582147030029225
2.4367042707008935,-3.338597509529788,-1.3048559478071784,2.401358191157743,-2.276411584715331
2.339419415896663,-4.453031612746764,-0.3360467861344907,0.02608969039955289,-3.627887317888991
-2.1990312750373615,-4.607450249360729,-2.68231974681447,1.9124395806581311,-4.533185463425155
0.8807365714224208,-1.7741704397039877,-2.0610480634619566,0.9614035995282274,-2.8636166674143846
-0.879453019786741,-4.74192526656568,-2.960433588462847,1.3654987911865912,-1.920166677222932
0.5338549927225598,-6.111417378913654,-0.6072297268178865,-0.8910135838218955,-2.2029305200796405
0.15598846300327357,-4.3171571409106955,-1.9663304423694254,0.9413048161795001,-1.3405402860195426
-2.5713039557202544,-3.6486908081238467,-1.7449432329536552,1.3520172086783102,-1.989592496070621
0.07825626046412644,-4.633826778199037,-0.3758156564946862,-0.13869934320678357,-0.6601298837016752
1.2898758036215385,-3.677666449009301,-3.4280212237259344,1.8533595807659315,-4.369200584663246
0.2219495164396724,-5.7458520836047065,-1.2979216495325043,1.3117434163130586,-2.057644132719998
1.8640059158322833,-5.433048999863724,-2.8123761684138975,0.5829374563573284,-1.2838869149473853
-0.7450062151876581,-4.06951396810803,-1.3725110118291621,0.7467916579220817,-0.7877126415619082
1.8824148875418243,-2.199419480601011,-4.072107464546212,4.498991300820336,-2.1872969568536353
-0.03334419821331829,-5.195591399226019,-2.1950310165695908,0.7117334406102921,-2.3206238079050006
-1.3305531435232565,-3.4158152049757766,-2.4221650708798816,3.474518405175268,-4.085319407896598
0.5357948219461336,-3.4344794902472806,-0.7565790317766792,-0.6280112196977787,0.05915610094971013
1.7007088312285177,-4.060179881136878,-1.471921084660693,-0.9556996914392659,-3.094150538435847
0.177383732670357,-5.3798097801531855,-2.9120901483452024,2.5207476665612094,-2.1869744913312474
0.21971648196402116,-5.112456196978996,-2.435664039930881,1.9706421472846314,-2.1283538839538956
0.10367688514977508,-3.831714037780713,-0.8281524925682224,2.6397106496670095,-3.294927167199564
-2.190293539939402,-2.773725446918816,-2.417396031970859,-0.15286010114124893,-1.1811220058565906
2.031079517603636,-3.0675857102531636,-1.836638750633624,1.0530844778514294,-2.418764167449659
1.9033862872737035,-4.641098567709857,-2.294401798605307,1.3652269074906698,-2.8843789335533687
1.498549415748564,-1.6652268483598156,-1.4231657822172838,2.734598331575451,-2.2448491809693634
0.4311140899882478,-4.229369158556589,-0.7772572263173161,1.7730524507405048,-3.397253176400022
0.10192485877776894,-4.953762665333779,0.47588232177520196,-0.1971180420974613,-1.749729257542711
-0.3152539979674902,-3.7443484299268417,-2.587742524862672,3.52658890202213,-0.3855437305858269
1.5847369280933918,-2.8408444601602163,-2.7290191318565915,1.215211999426819,-3.7892014518071706
0.8267670333025422,-4.063154395019949,-1.7224299392327584,1.7347059516424266,-3.053232967469832
-1.1574472408081993,-3.072454004757011,-2.4221517825279064,1.6110517952495573,-3.7535344831081603
-0.46264067003757026,-2.303493066950657,-3.757211955840658,2.3074723219987794,-3.573759830304199
0.3557780043899124,-3.781746246537626,-1.0021992169125844,0.6065014897516487,-0.8544804759122233
-0.5482145906788486,-4.3929386405071,-0.7234078606197907,0.5731246802629414,-1.0534177397573967
0.7054611526121046,-5.095407249603014,-3.1979325916643813,1.3542213438258577,-2.853264622959343
2.0207140473929583,-4.392078115091542,-2.3114833765465903,1.1398756953274591,-4.391949973936554
2.007027234381187,-4.118055182165226,-0.7068756415111686,2.1969731070128606,-3.2169420370768944
0.7037056977054853,-4.655800606031726,-3.9794263752435213,2.418473697802373,-4.239511554059093
-0.8866956282659619,-5.1472584161777934,-1.5898553186008901,1.315695164708122,-2.604918626177953
0.9876791079327726,-4.127567565491165,-1.6774468442913713,2.2124718100897227,-3.729264531867449
-1.217832924329929,-3.8454892088708137,-2.5204128906013286,1.414909938065193,-4.641639781781891
-0.48253437717641945,-5.279018649614227,-1.3803409561784843,1.905869897729123,-3.4652489914030835
-0.6776924374477974,-5.782461066320757,-1.1979164881039024,1.8877367543326153,-2.84415392875658
-0.22150115648316573,-3.6101661439360635,-3.3916546225101865,2.228924165233828,-0.6004730502698026
0.3336981015489049,-3.6517702206486646,-0.898544752303269,1.9310343484267651,-5.1316297597422755
1.0897315827789928,-4.095325942710825,-2.0858607942365834,2.485493890515917,-1.4156171053970141
0.32397225317556144,-4.364104583144705,-0.3227634781283186,1.2417422360078527,-3.1800125795790835
-1.6351199312347813,-3.3363879550541635,-3.3953956386986466,3.435947740858542,-0.9675927522222231
0.635186820294512,-3.380670420850422,-2.468342900321895,1.5218964384331757,-2.5466263128634865
0.8161022301164726,-3.389460845843447,-2.7622201357383602,2.980370305632319,-3.0002991919859303
0.8525441171095299,-4.061091972261097,-2.4742260404124243,3.661621755854865,-0.04812148010040618
-0.6633188228175585,-4.515650460831766,0.3849643554187461,0.07553341655987461,-1.397494306388511
-0.15879206011572816,-5.36850370368279,-2.138294657432427,2.187164253333223,-3.98713264820801
-0.4328099584029045,-3.7430060695162775,-1.9377020688709972,1.6193907001951582,-3.3983313460654854
0.8844480662718696,-2.1031493549616167,-2.3491113718598506,0.16084467079246467,-2.611361667540965
-1.8607540822853883,-3.280719875382962,-2.513781186594753,3.2671029087595675,-1.2319221024120433
-0.4644651642266837,-3.447439121349123,-2.619912880214507,0.9124413901780062,-2.25137742916044
1.3608434184154983,-2.4684588114356387,-1.460686048993988,3.343591784759457,-2.5705462416118823
-0.4677206726338463,-4.282669847175124,-2.605521322013163,0.03499840663900833,-0.462436956790072
1.3676420023223945,-5.448542432911242,-1.315444197764328,1.16354320372544,-3.071335703343914
0.8259490463803059,-4.588219130326757,-1.1610165228375455,2.3301469686019747,-1.6581245819575108
-1.892726090744174,-2.3401361953772053,-2.4018251460490863,2.183451534428089,-2.851473935928799
-0.8689498021791634,-4.081280938181515,-1.5783576439628935,1.2147284634221605,-3.7106123446554182
1.9368980230737098,-2.208448533789368,-2.981632623215447,2.9290842983071226,-2.99391751712014
-1.7168595187413649,-4.277803278074392,-1.9983687382899995,2.082091724349893,-3.558564602384805
-0.6096845018498825,-3.540393456846534,-3.6188964080247743,1.3838518220272011,-2.490564560397089
0.10494133628210447,-5.410649515053859,-2.5830601268750204,-1.0512651669685955,-4.2449625910427375
0.26274593171208344,-5.142027280678855,-1.482056151529959,1.5306824745737,-2.2696250944274254
1.6485805288379463,-2.7697709990416213,-0.6814903274907123,0.5908245464422045,-1.3618367247417766
-0.9849259206912685,-3.173637546162759,-1.49448754178859,0.9866573068828944,-2.407097569086009
0.12715440714917756,-6.002536574755431,-1.1803266500300769,1.6434015017962018,-5.468039374542874
0.7644791448383285,-3.2187636848219117,-1.2476690693433543,2.5709008628628025,-3.8365290897083684
-0.3164345384837742,-4.281901450008246,-2.6606387048651556,2.6805657521276967,-1.396148731845172
-0.9095356179628994,-3.1649299762659693,-2.3013753410136295,0.41431403564872893,-2.2693867940598675
-0.4679838702178159,-3.445218883780758,-2.3908745904147417,1.829616271852502,-3.083794166713377
-1.222921465772533,-3.4214761720450984,-3.725996963609691,3.217415094296968,-2.4836622728898803
-0.018975843275670857,-3.777308590390262,-3.3002040069085643,2.3602268589859094,-1.8517179660705283
1.083582266564287,-4.156628071507891,-1.4883785303206665,0.024728892325823315,-0.7327228654287665
-0.5243836559450579,-3.2105940963586255,-0.8320960913977709,1.6874418429761586,-4.017608880719932
0.6659331403452996,-6.190355428204122,-1.2642996737826735,0.42678621346359846,-2.4213197230107375
-2.0335286972851616,-3.4143351837689595,-3.0926120921548863,1.774687911536612,-3.1077036206511406
-1.879404818766328,-3.949904293742001,-0.907658844008285,1.253383578401982,-2.494653782882831
1.242360217324116,-3.578283726530557,-2.4634948655318074,2.5711864806584384,-4.005959688781962
-0.18613078356401136,-3.102494467537221,-3.3752638216352495,2.009933726900095,-3.601207025347191
0.4193349647928997,-2.8613018940376396,-1.4302807677426421,1.4461598929669965,-2.87411357222877
-1.5038294405419628,-2.468970991231847,-1.43788219877112,1.230608431318637,-2.573628652336893
-0.9705825890509873,-3.66712910437972,-0.11125782423561015,1.385514424676483,-1.4099361436267284
1.1677765927166985,-5.52807325783327,-2.07954976929105,0.43041858303603053,-1.6686852894641089
-0.0595158477059934,-4.383913047972242,-0.5209892021190297,-0.6182239379029821,-2.1907876270283335
0.6271851009227474,-3.808161634352371,-2.0846364910055644,0.6858069822076609,0.5668738858339091
0.010502126254843615,-5.283001180789969,-1.1529638558716362,0.8697718956781489,-3.5033691799376534
1.1600194880921253,-4.1686451797209685,-0.20928189469553815,0.4161521911035442,-1.1995082268805113
-0.5721317579419812,-2.384400653756336,-1.7211128728733822,0.001710515763470033,-0.5916669286733482
-2.3246750285921083,-1.9964825435018367,-1.3266224732997216,2.047928743768722,-5.104626971634471
-0.9782713846679173,-4.230537063335373,-0.5561024261587917,-0.9346607304022083,-2.5804198943517265
0.5362255120998601,-3.2709136325420802,-0.7633431368039165,-0.6322268546837684,-2.3086627720460675
0.2481641245507761,-3.94334728493938,-2.4523027967799402,0.6204769535029406,-0.61082098434728
-0.2837488869932348,-4.466525914791064,-0.2020992039047056,1.3427264288227632,-3.148958680858345
1.1684384710939804,-4.380127292824536,-1.947477273668917,0.3129414451697712,-1.5376153638490297
-0.6239627042306389,-3.9372784850677456,-2.525385626761558,1.572796627407956,-3.8104869174054237
-1.1876120738544895,-3.866939738016863,-1.835316433259638,-0.35982765468019773,-2.5535963205016547
0.8602170162987389,-5.738518883725774,0.2274468438385151,0.48907407387022866,-0.9400344890694139
-0.7138726634563296,-4.022877281581919,-2.4762367679435062,0.48439441521214643,-2.3721992896849864
0.21955932669292413,-2.801087067451024,-1.1858867514176574,2.103868103829323,-3.715255281049564
-1.4759664982225214,-4.706642089534423,-2.0501483531221703,2.4550501221463072,-3.5008526017869603
-1.5150413230263151,-2.9296378828775578,0.247680539144568,2.2195884449309,-3.7521931305075125
-0.6786030697214528,-3.190605560101778,-3.412910741797826,2.2683123151883655,-3.848924610880837
2.2108426212728793,-3.737182855355552,-3.261018389340296,1.3689051619233616,-3.179996927031962
0.46076418728538626,-3.537734738290409,-3.42297522428397,1.152911949036504,-1.1555694690817742
-0.293395594640803,-2.3111214667225695,-2.37002586464308,3.526468147406315,-0.20195781060334062
-0.42491000101477067,-3.7949025037268447,-1.5251872933901363,1.7884044457109796,-3.2743261851767915
0.22392286554619947,-4.297801027638841,-3.207906449573679,1.2947089974459685,-1.493880820445301
0.1286898364445479,-4.560547513114027,-3.870239181671937,2.5706412864025334,-2.6782194219052213
0.7124330203201977,-2.9331552632227593,-2.571303328715561,2.1346733230848507,-2.8650873056192774
2.038136953286192,-2.8011658685010725,-0.9052968902442364,0.41911677113957496,-2.3060659900497535
-0.33442759114913295,-3.7447300485898367,-3.8577736838039627,4.338604449538153,-1.2040555023600346
2.6547498690616855,-3.6490729439386023,-2.8523449569308403,3.3814528553691905,-2.304921845454191
-1.9364635256372484,-3.715028207101688,-0.9395891148744095,-0.8036624579633367,-2.0109377139457587
0.2206639941814508,-3.566141451747507,-2.1701898337240433,3.017478977875331,-1.6772839510603328
-0.7347033388576478,-1.7071876721176644,-2.2189641820607067,2.2993007492685282,-2.9643873247017454
0.5239610336347269,-2.872275578828851,-3.451355707823583,1.6180153611354768,-2.897318414129295
-1.3465811833901866,-2.7588842413251724,-1.7856490494244528,0.9802574362785358,-2.549809659842043
-0.8339415889265352,-4.655466804108787,-1.4776293263947884,-0.3523921081331165,-2.645480699831523
0.030028618895724703,-4.175566094902213,-0.9961723593178716,0.8201259333553976,-1.504258580376655
-1.379486669349002,-4.116570002568328,-1.0190338689902976,-0.0015241350063632808,-0.2444804040116324
3.147821283241987,-1.6004581078734397,-2.4153136776571915,1.085119398240486,-1.3410515511897843
1.1685909102208334,-4.124634424727544,-1.2095194482800902,0.5341677126610823,-1.8407115694598264
0.8281845870546302,-5.989180922380571,-2.892137724971972,1.2950834332438736,-2.5431163448846226
0.3949577144977871,-1.6499862534390486,-2.760283607152485,2.5646286289282183,-3.8312946280471976
0.508774149764312,-3.7237610253295355,-1.2091050548439504,-0.8143922327218411,-2.9700867880316446
-0.14671339489278015,-4.741351713997572,-3.6277498541116167,3.4432146237771093,-0.6950047747063974
0.2514635706511138,-3.9195720855802327,-3.1521577732073904,2.3619798103055403,-1.9386861809177842
-0.23817349266045224,-6.10360934056149,-2.296425473151978,1.0400944290667138,-2.576674059084685
-1.0584455163394633,-4.077662335274855,-1.3257107987246264,-0.2905085635862039,-2.9279456651974254
-0.1889357035441851,-5.454466255546694,-1.2699319144341348,-1.7323296989528865,-2.131927771342601
1.4603965935409113,-4.444603619448673,-2.907754377330531,3.3561013050994486,-1.3660136788029371
0.3301696099251964,-5.104054563580852,-1.5884307747204265,-0.39835868300209754,-0.4616026099644064
1.643898637997348,-2.6602056618039898,-0.8499164408934341,1.358955932626249,-2.8674796764180353
1.021744879874816,-3.568207884950424,-0.6720328700349898,-0.2796637300467244,-1.6016528012178384
2.294506018606842,-3.1993098316625868,-3.806172803086758,3.1313466801755525,-2.1756789397194924
0.23353053831582618,-5.080381071339131,-2.185808861680813,0.007269076813118502,-1.4691037938892835
0.1778296471857671,-4.9781928094442405,-0.7817228510213662,1.2226616552714746,-2.0097012176242415
-0.4072949404138623,-4.731401764297447,-0.6187589593894245,-0.5549602978347248,-1.252631694001591
1.2374940854038339,-3.293681820037478,-2.372686133255508,2.3673957094958404,-2.379409988798173
-0.41954600126672625,-3.5959681752015227,-2.263038146111802,1.9199242603137037,-3.7074830847286275
0.6632556833256636,-3.9279394970394277,-1.0761492166577564,-2.157533665733741,-4.217505446194779
-1.7063388642650443,-3.4756711767185022,-0.34422902762745444,-0.494756656280658,-0.5977417893507907
-0.4566300076222906,-3.372365189152067,-2.448266730035918,4.336005024291089,-3.2881207365806446
1.457572316750053,-2.5685930904589505,-3.6064993757196935,3.4407934998729353,-1.926063367291229
0.5353385219584254,-4.485763453235809,-2.1896334481411244,2.978914986276899,-1.604611241471025
1.371342345385974,-3.7738532704355334,-1.144248724349616,0.3912101646840498,-1.5509012988079764
-0.5067242258509396,-3.4061361217693955,-4.368531433925194,2.224639716557731,-3.819057615308493
-0.21308960943986335,-3.039503712517802,-3.0274254699922634,0.7667361088521851,-2.010893713739221
-1.6842753263579673,-2.447254136707011,-1.744844599948923,0.8410989625693333,-1.545785074515364
0.0009992657127509451,-4.157584752133035,-2.6831065589611223,1.1162952524138952,-4.05262202879298
0.8409709838594811,-3.4696954779139433,-2.2476853193986557,1.6889015443382982,-3.0549433460351874
-0.218468165740855,-5.540779517085591,-1.448866795473081,-0.1670623709752148,-0.8178280495292996
0.10541406143187686,-5.495342235997463,-1.7058407334328791,1.6575129003250597,-2.6220668902505953
-0.9476772296827833,-3.5875460524289524,-2.244276770255284,-0.021211071197431597,-1.5256624249702027
-0.8482616818985721,-4.171479633473496,-2.5187618388005673,0.7329551458223103,-3.1200286219076476
0.016487317824179348,-4.294067177090716,-0.7749840367489471,1.1787327911215866,-3.6299672559535034
0.7897587295057411,-3.491847969757028,-0.7044889056890402,1.9937980662220054,-3.0826157678733566
-0.3577535202398462,-3.387880910988307,-0.7593958155345619,1.998936414428244,-1.7385784699515536
0.716853858615961,-4.884393122572643,-0.6320997024699337,0.9210531727532201,-2.1571659554264677
1.171687086261581,-3.4370633013074574,-0.873146071172409,1.3848697505316874,-1.7495149242175538
-0.4730895348819523,-5.80177197839239,-2.402623785618437,0.1619740671060148,-1.922815828290633
-1.1542982215909845,-4.0092884057442255,-1.9069557051656834,2.1858028298492247,-3.5423101441667213
-2.2522582861007017,-2.157373876616692,-0.20648343027101146,1.0864137306697854,-3.372586768006018
0.2514287559052773,-5.357122407460631,-3.0299657053955737,1.8205410955162125,-2.398444039645247
-0.7300543061050095,-4.125520692648951,-2.784152398182682,2.862586787685232,-2.6684635714936937
0.09110548408229241,-5.78899661229287,-1.7834143788630983,1.5398797187171525,-2.065545124886608
-0.6710217253547835,-3.7518980562098885,-2.4901933663583953,1.724245015106517,-4.228823071132188
-0.2477521316251737,-2.368605594589521,-0.933799911468431,0.627108630250415,0.3810006535160162
0.38657690269731915,-5.54585486938357,-2.096323845806651,1.3181563854263725,-3.147252765134364
-0.3634289256622862,-4.665434874611572,-2.410502419505872,1.8924769449569108,-2.65770466337126
1.0288354334745726,-3.1019643061626954,-2.9877089812900044,-0.09601325152130569,-1.5918149353892401
-0.7900721382213357,-2.8118169681287,-2.3037590710106195,2.1997384944759575,-2.354943735396649
-0.6366562809208537,-3.5971203200923916,-2.363191789831299,2.861735391622534,-2.1809783450468094
-0.4094008287292764,-3.3822361580109024,-2.210017067333698,0.2526832931365526,-1.8847239485493437
0.4334432414383877,-5.061979036139125,-1.8908432885332218,0.16187122641240492,-2.9223698013599693
-1.0980838502524712,-3.512972792868667,-2.0303564920219457,1.3174187220188898,-1.0815295317786997
1.1521749878488483,-3.9168031762471833,-1.4397338481222186,2.4626423876720693,-3.95881784168135
-1.792791194766001,-4.280960531838507,-2.2513489961588533,1.4251787090205164,-0.9334512569922151
-0.17514303411539622,-4.645051487925397,-0.32443794258079106,0.04952710165360219,-0.42853700397180816
0.3466140234911681,-5.086664351963732,-2.5150896704344157,0.82221830200867,-0.5210853945173537
-1.509280162547058,-4.520573915214566,-0.8158129785838326,3.2606557132282843,-1.3819764091441966
0.36627416645023125,-4.109672217468695,-1.3822372919836083,2.3889517137516703,-4.043797962235272
0.8289434333773635,-1.9703765311174073,-2.2012792639129106,1.0739914666870922,-2.7904345508049833
0.2339609967766238,-5.742200278309068,-2.0732886491731315,3.6702530861060723,-1.6353661340408605
-0.06858494391765318,-5.870459829837683,-1.9590387280423267,1.6606138012934928,-3.5340515815915254
-0.08980287039667242,-4.3925569735560135,-1.722911163165562,-0.3244844293651721,-1.8099535097840536
-0.020719369106818847,-6.337053435533202,0.15490830027629232,-0.5470561491396674,-2.071575373439409
0.9538746192604729,-4.57046849759824,-0.5049614151421273,0.6413906196201141,0.9151727790501281
-0.26381399495587887,-3.90181842275668,-2.986955643308834,0.36468483566553345,-0.21014917445223147
-0.4930481247014775,-4.79225023899454,-0.9180431602142342,-0.5400371560112835,-1.5914653541432038
0.8700590687059452,-3.8826400693305567,-2.3256937048059094,1.3988753317786926,-3.8174888686233497
0.593055487478399,-2.4398626274604815,-2.098692985840925,1.7995005172382283,-3.4285876202835803
1.0547723701858929,-3.128859664203248,-0.8403279990150887,0.4723384045486598,-1.5728349445158998
-1.1376820161697374,-5.085029339486338,-2.043768660141384,2.775898771499568,-1.3280303226275443
1.117104762301571,-4.294906564472554,-1.3913632571113168,0.5364142671034481,-2.02921278053643
-0.17293023319343265,-2.7899414668434828,-1.2662294079121483,0.7476154327305771,-2.261356558800783
-0.92668265902352,-3.9106265952273316,-2.2572109987795246,1.385456548314499,-1.5841216305300931
0.7678662498832456,-5.259954141666933,-2.7004653585238487,0.8170210577757702,-1.8783569295819023
0.3330967289547293,-3.8273374885696914,-1.655776077498655,1.5564961449775134,-1.7821637552452354
-1.083839622836006,-3.19059966684296,-2.1032496141038592,1.1373003732248135,-2.2642702245972224
-0.23534262862978175,-2.6012905240424704,-3.1372416979730664,3.226912785212455,-1.697912287982235
0.6391165565584743,-3.583178712389669,-0.4229050026729999,-0.7934071847325466,-1.4835553340778929
-1.7724186708919925,-2.522625529924865,-0.07431498350038757,0.04989847477408277,-0.09709340388818477
0.5454650814609122,-2.794703259087731,-1.132291763247149,-0.7403232343045383,-1.9014046134349993
-0.20927067915440192,-6.060942050304312,-2.8331793486949994,0.6362122314644871,-0.4861457145747421
0.5150064553571003,-4.25953624770632,-0.4872653978367776,0.2250229668120064,-1.829218091522327
-2.227212655983716,-3.420862331606883,-2.0771866639087957,0.5481915856697938,-1.4472820039890286
1.598248936722595,-3.534529475802557,-2.6363264567769296,2.81074197495976,-3.399919288688458
-0.6126388121699317,-4.236533257808681,-2.868842756043178,3.3026871361813335,-0.5310714532358105
-0.5846183575036382,-4.519693140524648,-1.2436824742276298,0.23465745000949234,-2.1703479285388756
-0.24001820646307062,-3.5229088573953025,-0.7859090362067915,0.6066829187382852,-1.6914395330058807
0.5491673552086828,-4.593557773272137,-2.0162646707545653,1.4637589697961986,-2.3961203415041306
-0.14234886235822414,-3.236230165114339,-0.27709789083578595,0.6938741193764992,-1.1563996029228687
1.5541894267150047,-4.433082733454006,-3.2480130377977163,1.9834874522283488,-2.9060058168741274
-0.2354841970711421,-5.064079068601029,-3.085720294785564,3.7677336317932673,-0.40507322316323924
1.6447274013414663,-5.643492097803524,-1.7141439255402378,0.7997624883119432,-0.48015615391093713
-0.20320042108276243,-6.004046875037133,-0.24045086524160952,1.1788282242415402,-3.6189489165376916
0.006399756764930209,-2.8746722718342683,-2.2218765165433227,0.8917337798011005,-1.4503073875942243
-1.5919462680806649,-4.6630952661490435,-2.2720010961443706,1.8826159961127087,-2.874192211815716
-0.8051860075266163,-3.803280903169074,-1.4632420047218593,2.038837253251555,-3.615381965748509
0.29481682756661426,-3.6917795592477343,-1.3520029472707684,0.8450883421162888,-1.8394157087473764
-1.4536193257708823,-3.0905210968546597,-2.8557406512098593,3.1926525579814853,-3.403002356464693
1.6895970698146114,-1.990919232451239,-3.148309430230493,1.9631152675815753,-4.769680336420695
0.21479833854575237,-2.0950473290460447,-2.532187639327079,1.9374447684719809,-2.637907494425421
-0.3569778503492223,-4.52512050026451,-1.0324082707901248,1.0018206203663313,-2.372481797856965
-0.08947034656855166,-4.958417357784141,-2.552750013247482,2.8356418245892665,-2.3906247949207957
1.6742488575386238,-2.3507596046620396,-1.5118190658789548,0.08867245174978367,-2.5988474029972393
0.781920494082445,-4.584687318845991,-1.3435033276944273,0.21851429065669892,-0.07384984749798895
-1.8999672352172603,-4.977852187115803,-0.5808973397652368,-0.19197046567299159,-0.8048588799895955
-0.4186273167853506,-3.921574670063193,-2.0712900609155933,0.6982151297357836,-2.5318238384605305
0.9186208061538298,-4.497592454387455,-1.1677575234482842,0.17273457933781355,-2.1755479218958276
-0.8511638769155653,-4.344990994177654,-2.2016387620425966,0.2948257685810769,-2.8060084415396522
0.3575587417769611,-4.951789205349074,-2.6392981787241143,1.4490598704534845,-2.934200124438276
-2.27309542684266,-3.4262519139328513,-2.123329536207405,2.2758281922227406,-3.33986143731896
-0.5886784069273416,-3.808943867514531,0.10942094891524357,0.7441360820442007,-3.205275039125101
0.11027547542371377,-5.564556223891528,-3.0445780503177358,3.987950465720213,-1.8038945643444113
0.7261242308715109,-0.9448823330126408,-2.6648142082802018,1.0551382731874055,-0.982399301490952
-0.48285014006630134,-6.4754279641886505,-1.5060496882471923,-0.23354996028870056,-3.07326028756144
0.9266637747403811,-2.4853774629344816,-1.8540904789820873,0.38809056728952185,-1.341046077405804
-1.4890909189542605,-3.802004800171457,-0.6799727698240419,0.09679283280494055,-1.5963927504020754
-0.18690954925715858,-5.239169223614285,-1.5103321817097546,0.9120376418619688,-1.5220325225851985
0.1843298530189374,-4.750851596376927,-1.6852421895233956,1.2648047401283748,-4.581136527811414
-1.572285650916123,-2.4654081061924185,-1.6561561332961028,0.47221156099467765,-1.9831884224097782
1.292649949291405,-3.9860871033413785,-1.7415759526656012,3.5302147278070635,-0.820222644292812
0.2917528213242217,-4.509159577232762,-0.9701417890708889,2.156886768663715,-1.5945140864449525
-1.1074903745751576,-3.9479396631868036,-1.2833260458435807,0.7773919404165681,-2.2255865216529775
0.5533058660220288,-4.982775495767116,-1.7430194936495047,0.35147266491432816,-2.517124165587857
-0.8372839418384364,-2.7744630430547375,-0.9180903542652497,0.27278844998817275,-1.226594062151632
-0.6520130705560024,-3.366202482581544,0.17690684675618273,1.3030758341676298,-3.7915561214676106
-1.3715142564124576,-3.351071739130659,-2.3798140917409945,1.9289528106793445,-2.055557593008096
-0.3617354257846716,-3.279057518375345,-2.2669700465081464,0.49847460128549326,-1.0116346018415245
-2.1991157567824207,-2.2591454537350866,-2.527547090205877,1.0494377211931636,-2.9637005245276185
0.21564256771912424,-4.168532710413081,-3.39599347482499,1.4094965009506744,-2.1880008283460497
1.8521582284601286,-3.5613328061433505,-1.4157929601799737,1.579636694773074,-5.184360815262716
-0.44631585578423233,-4.219800716521895,-2.637647497282697,3.426732747884705,-2.4392111091214357
-2.305578677547338,-2.6058191326111153,-2.433937024494619,2.960006977540518,-1.717748962694325
-0.48022981601583614,-2.9731717895213574,-3.537694836352622,2.099428721417038,-3.6302688397212437
-0.06982550649222818,-4.666251207932709,-3.4145656953767203,2.7848382214481946,-2.6869263383677895
0.15182494000866575,-3.8351677388297762,-3.5408152730976035,1.6485347106579158,-1.2471942150642399
-0.06626269379466766,-4.06691251835899,-1.9264342350002952,1.7494408638590466,-3.1947346155616025
1.5220886048551887,-4.968355569009693,0.5425725616321844,0.9348531931694397,-1.5824205025063276
-0.18877292827354977,-5.817772243274142,-1.3846708507929895,-1.1145268364222345,-3.687565859117832
-0.3969428521187948,-2.8793302981427304,-2.1952836320890823,1.1370799516187913,-2.3411827274931714
0.34881457395232324,-4.661999232341577,-2.282163926659707,0.9688076074473755,-0.6711820154947454
0.4445315705222947,-5.109851982914836,-1.7637700458428902,0.4265844450956823,-1.6402996993931631
-0.21391456983609927,-2.997523985521841,-2.380520015368205,0.7735595229027351,-1.7749684668551595
-0.2442125687179792,-5.806959323999477,-0.48838015463257634,2.8791143580004426,-2.6292872399893685
-0.6516838194732355,-2.779906464990792,-1.3257499990061603,1.174313466716955,-3.165513701648514
0.7290862445034916,-3.273664729621451,-1.2578245346758494,0.48375390858428924,-1.4238252937222302
-1.5552717553133097,-3.1806049358543884,-1.0848824636001773,0.14194069095843898,0.2389870548463744
0.11668923401725127,-5.531370034277328,-3.4100574221435194,2.010369476041382,-3.6451590323992074
0.8875584764226782,-3.0781788162367674,-2.462539481650069,0.8253479785799177,-1.3106424183266818
-0.05673875824726703,-5.465497665251881,-0.6912608379424797,0.7646121708843806,-1.3668338005840783
-1.7426187102068804,-2.830293566268447,-2.4165183865176,0.3829281660293329,0.13447334461377758
-0.16486441852812828,-4.343956299807042,-2.882645914163943,1.5115851699214744,-3.5998439205427926
0.726894075260342,-3.7414901737907296,-2.197449172791867,2.178026120506919,-5.098626660871558
0.22723934434071735,-5.400621376756051,-2.1265787307233355,2.2776644987948504,-1.498304252608392
-1.0843671937600106,-5.030004268947259,-0.8337947431664801,-1.261265019123953,-1.9069938223557776
2.2854574569225288,-3.407745161964574,-1.4491547308303545,1.7224165893742964,-3.06755910663712
0.9306540575935757,-3.223068133533641,-1.921182188793014,0.6287072691512208,-1.607781141861095
0.15247986536770342,-4.937437648691559,-2.1831015739810837,2.6215432247297357,-2.1733562356496896
2.7728710213685908,-4.481221069238421,-0.8677306867240634,-0.2789785495153576,-1.13941903219904
-0.29265271785321445,-3.968568959215853,-1.8958681502416685,0.9864404378073587,-0.8132934353420367
-1.5122406232230736,-3.3725667099395653,-2.1677871872027987,1.5889941831233658,-2.9999744179432546
-0.16717128230525885,-4.471022353698043,-1.8017083134999519,2.0999210512332462,-3.808560059948227
0.06748698813722104,-4.775137392046515,-2.424117422808062,2.514813469887512,-2.589209108920342
-1.5734125571645121,-4.7429756360492,-0.9641408706979205,0.05713522853828079,-0.5481312453447515
0.6914599091111667,-4.700665128239902,-0.9214040252203232,0.045364303119319604,-3.137071646910802
0.9852930623412964,-3.9156594921711974,-2.897580854821203,3.1060092070339795,-2.719056782826279
-1.4233707200733683,-2.754430235431982,-1.0722642860846312,0.2818169074430099,-2.047828069478461
-0.6515166675759476,-3.7806658208876143,-1.4250875641698857,2.8159066741398333,-2.406842390181685
-1.225880103101535,-3.4529644831253687,-1.7157556326018533,1.8622350680403903,-3.4156064080375517
-1.3056389595265823,-1.4747244850534482,-2.093854777539022,0.33850523782691,0.5064910715011237
0.4402550486588439,-3.9170093542137527,-2.3913796467279393,2.5378172918897577,-2.992634222248654
0.09019702117990704,-5.42930123398382,-1.6239108884351416,1.478596434069064,-3.850147504086186
-0.22140759497397527,-4.257717302017207,-3.0561266254217125,2.012912952757234,-4.225320966808322
0.3080847036193516,-6.984229388581564,-1.3442938395666126,0.6464423203246674,-1.4919374691808482
-0.38874862859558923,-4.331222401656204,-1.7310711954560676,2.010619901960972,-2.6855097314550695
-0.652791878154664,-4.221663558094218,-2.680966234254439,1.0267116165825447,-1.521921863398459
-0.39988904221631655,-5.824666665768777,-1.6997990358972046,0.4584168586178592,-0.695783345946262
-0.24970932297708429,-5.9742771739761285,-2.7072729020897417,1.2517355952192668,-2.5271408368134503
0.017887362690840125,-4.037393989845476,-1.663479244723028,0.692965883821242,-2.1047923141043503
0.511050629185058,-4.435764633233331,-1.5775270384084217,1.3492729989146037,-1.9794974503431408
-0.7338201104836352,-4.506290910121053,-0.419734993797761,0.9370019062830259,-2.3603638182067095
-0.29374478872514825,-3.7996323640044043,-1.0420373186326952,1.6462536461024528,-1.9141131588157756
-0.5769650680082941,-3.807915339893421,-1.9278755968741506,3.4511832481362883,-0.7083252058533112
-0.626773871190574,-3.2856655262507326,-3.4159166206168594,3.183649455908398,-3.2604974170650936
0.7899016046970383,-4.496765481190476,0.17563665782903004,0.0013727641859595519,-2.226564091160788
-0.7096683976363626,-3.8489941172282545,-0.6821308067770637,0.9444140475830515,-1.900023160203022
-0.15572354779559697,-2.486772436537622,-2.3841734633628,1.6334533605811021,-2.2573663759371305
-1.0225986181624567,-3.3382113639562143,-2.1870034487178565,0.24621941999496677,-1.1956119857087129
0.7031777003281438,-4.296026940379657,-2.873677531781863,2.339128633835716,-3.420760239690674
1.1010713024625505,-2.908115927159403,-2.8516827781362517,0.8236343574861194,-1.3673597624065374
0.16963615178700292,-3.873291213123531,-2.982631940703069,2.306778574697153,-3.3141817610484843
1.9366044978141381,-1.35784461941008,-3.3510606326306034,2.1337021547982875,-3.882624066665914
-2.108810798412961,-3.4117629941518164,-3.8691095978852674,1.416728954871054,-2.3550791996999747
-0.6942316613557111,-3.7115762920055357,-1.1773173281275033,1.7171474298875173,-2.7085118650831137
0.6552905521072878,-3.1089003166446414,-1.1901393870973314,1.493947366076103,-3.2765149221891594
-1.5589923652879358,-3.0076417987014774,-0.5408623747633248,1.768207882317439,-1.8300931515292476
-0.1686600244807973,-4.853386248915657,-1.859278522851865,0.5184496039672934,-2.8966668665501807
0.07132602046546374,-3.3894542421789593,-3.1819184888605765,2.1425371990005115,-3.2552442962024144
-0.2491832915764341,-6.487710555294611,-0.5542584963136992,1.2123906955963322,-2.3748622250235907
-0.04553522562256034,-4.621459653367393,-0.4592507337681173,2.8931980424913597,-3.2188270086573496
0.849414686363401,-3.545810877312446,-3.3126148182196204,2.421881288453491,-3.502194875485372
1.0831520167678566,-4.962159160016926,-3.3809557799613157,2.0069928726469213,-2.6795020550910107
-1.4115222146074682,-3.0978671228192693,-3.4631813016909962,1.744082088414317,-3.020592625172702
-1.3226014280487055,-3.8930825979770596,-2.1961120008304285,2.901632968806288,-2.24876393798216
0.4439689561183711,-4.949293461622715,-3.0910041929442675,3.3671177604051357,-1.852346453217026
-1.1769673780778376,-4.05994715490375,-0.5482101310746839,0.44517288189270454,-2.497958625512997
1.9106268464094318,-1.536111250818081,-2.902241933714542,2.3830345320658664,-2.5615104941579
-0.10321437588986161,-4.092866197864996,-2.5786431748626044,3.3800999838984858,-1.2679186485209366
0.23049754611116052,-6.563335870550384,-0.23930581776314375,1.1681687198387403,-3.620053676538656
-0.17655206030319096,-4.097622539129536,-2.7515597781150998,1.2186361411261042,-3.5465851034623457
-0.3678123742382723,-4.2025673073976755,-1.1529343604851419,0.6861064623858606,-1.1329992777612508
-0.7324563000493662,-4.479841783557847,-2.3831893880788546,1.9177829392130605,-4.6097401324877625
1.6880239171963218,-3.5584047673470747,-2.2475728191472264,3.5099666524020066,-0.003858238630654043
0.36465315060056,-5.232316754914038,-3.766255959392372,1.2384337525408107,-1.6812593569299688
-2.0175231004583267,-2.8638200624790526,-2.7300926977386997,2.40555405849245,-4.631945269260962
-0.6366455810258583,-4.598918087628156,-1.0866213804385847,0.9897561563326263,-1.8164257586516976
0.5305564264944276,-4.415548517194508,-1.2230013232008807,2.985730789237362,-1.719756376837307
0.41969565090661903,-5.266745685511074,-1.6743562138283001,1.9773906387781393,-4.614101153367805
1.2282608243518314,-2.14538651452733,-1.4759610057422643,1.0317511337106982,-1.3577120118327448
0.26875660583177413,-6.826275703144732,-0.26162914653184943,0.5499953875283479,-2.636461771035287
-0.254476244520485,-4.749426045975549,-2.3140998196112963,1.502865194900399,-3.830389275770374
-0.17487161139742652,-7.5944371086190525,0.1829537911912682,0.8904077991293587,-0.40411684035541007
0.29149711678012713,-4.146526007121474,-2.563501816421078,2.4348133891397232,-3.1171396799898354
0.5440022698959368,-5.218055249152174,-3.511533262705699,1.6346255916570103,-2.4586824393889466
-0.6400141910879154,-3.6444602293952886,-2.4316345998803204,1.1346177418730723,-3.0076713621899485
-0.32589846888601637,-5.086791362041135,-2.1126194359667814,1.8229354636937858,-3.1067503152472313
0.5696122925578565,-2.2036990447647486,-2.2671731687723433,1.7641498179342623,-2.504833473722056
0.14384367564568892,-2.9904498894013822,-1.6390707752367815,0.7854428073164907,-2.926849024128413
-0.10494919406997687,-5.407176910965833,-1.4467761822126324,-0.8554030771704171,-0.594062458870936
0.8393099209575109,-2.622261832666516,-3.9249479295206813,2.1550482181809647,-1.0613701320796736
-0.7411941979169708,-3.3505810310617887,-2.0218421912235454,1.0449795425631545,-2.5307364924920703
0.6046089792790238,-3.798121672707231,-3.306560703452562,1.9447813411410348,-2.915793807878438
1.2234406270079534,-4.538627375190397,-1.3894193526074972,2.169605868062499,-1.8660514336770957
-0.007221451836827675,-5.067473316108892,-1.4353468585061426,0.6417948812056885,-0.653541310035658
-0.09019596475004751,-4.288115462555687,-0.5302872683979416,0.15566206906289815,-1.7033799990715697
-1.057149153860268,-2.513369564552869,-3.466809152369171,3.3455212592772043,-0.9566262094091169
-0.36685487259493726,-5.192714375068947,0.19345213365696012,1.208801059566408,-4.256920214589005
-0.6615107374909754,-3.797720668876018,-1.3136377141916102,-0.2463482631577123,-0.07586864760866918
0.9998350253575597,-5.172787810769648,-3.032106842102092,3.1925587207508257,-2.7119643857864593
-0.2603878234972727,-3.5954316603062066,-1.9163145033341458,2.2149266844493254,-2.9833227441191603
-0.2846689731543289,-3.887347943347306,-1.217004472931774,0.3510727356300296,0.5390956093882393
1.0808554344295003,-3.3684416696023938,-0.7416017498451783,-0.4592696108376326,-0.6981211584141876
-0.07705812778566497,-4.3257394067910875,-1.1354328701836938,1.676367238760377,-1.4219209253533809
0.55174965196101,-4.654311763139724,-1.895675205886856,1.1201339675903403,-3.1533201068010936
-0.35934863253585253,-3.7613632669076553,0.11650486394250703,-0.20077260235778915,-2.163232797319714
