a,b,c,d,e,f
3.9976760565555685,4.043204268954494,8.164092679350832,-4.915281302374243,10.653353047249592,12.667495720900975
5.933422150575967,6.334624837345048,12.110852738235398,-6.460884414140714,13.585036412556121,18.258110295568994
3.3528238451252754,4.572143463473204,8.094589100996435,-6.602757473704584,8.63136658759098,10.775194712843726
4.4818105419244025,6.106105670422117,12.02915547653372,-7.700017092623878,13.86682094705114,14.592895170456458
4.988671864032246,6.329813922584408,10.656455712530986,-8.10536727756639,13.349762150876611,16.934069722506422
5.464887898942051,5.989352621512338,12.150263911014088,-7.9893817054605245,14.420627966803588,17.198571486428705
5.613965357835833,7.804149921855797,12.43825620215458,-7.393297400513556,13.497385113544166,20.40678178549126
5.714107235143833,7.74351990744478,13.014367049096945,-6.992625123805489,13.795891982794886,18.33440744231189
4.468475554065374,5.598827246643356,8.942474967908957,-7.422782136658362,13.056268366495653,14.504567978488549
4.360484697477702,4.997568552812989,9.751454567450745,-7.556740961567074,12.118225771635634,12.83595569001677
5.794173043515439,7.632600964345238,14.4452813733018,-5.560047966030509,14.533652084915346,17.345498043931723
4.622521591656353,6.100495179142458,10.573246088605112,-9.28283668810368,12.371270952577117,15.176812504352164
3.6600267278816565,3.501899468466609,7.063000224096055,-4.388707179996008,10.233052968181127,12.83097622328411
3.773976807111037,4.995996551126632,7.839925825784504,-5.5419436787771765,9.216408792885979,13.070610433539539
3.9517892331293436,5.503825045203725,9.381914400934772,-7.152256757931081,9.197195946189096,13.98003444810357
5.361096081581381,5.751401295093627,9.105668879247728,-5.589227776131529,13.297440490840254,15.756574219141593
4.966886548194971,6.446729941032414,10.314851846959588,-8.749631242956598,13.127855176155384,15.7364412486479
5.588951342322574,5.424128857064785,10.700678278856843,-8.050632664846493,13.134240025652876,14.935325876132142
4.393561378648832,7.019747478661003,12.838803549098214,-7.782641032180799,11.724812146591512,15.423220766929317
4.9841484474051825,7.522098432464614,15.219104252110938,-6.109673383206755,12.624552889842715,16.985419830555223
5.51140533349051,6.548887999187545,11.06831792746802,-8.936084437653397,11.926706411536328,17.94152842242725
4.506521629018048,6.159975966857121,12.08345650535017,-7.461759266618405,11.23825272173181,16.055451384977065
5.314682937899704,4.194760972099829,9.21855804397229,-4.814071771339181,14.204664886993552,11.376938611587178
4.177088418615858,4.310740758350525,8.290171062652895,-5.855797074811357,12.02092911761925,12.854381093479132
4.454711470346774,5.4509325501946435,10.277843584239442,-7.402823457991081,11.074184741399154,13.136125142100491
4.436827418522258,4.6546943970953985,9.028893279256852,-7.253389016630733,12.420447819036404,12.681393893508018
3.723490820995412,5.727887303626071,9.833417562741975,-8.528010877685114,11.906174430012925,13.458420608391183
5.349349104554328,8.636645635302322,13.428233060294374,-8.238320008027891,13.9650263764847,21.584748277226172
4.353870508002769,4.467255788573468,7.316444044387835,-6.315930582350372,11.759204459369453,13.20392997271318
4.829865510550212,5.282402106465019,8.335515089643913,-4.032519139808498,11.966785389526468,15.974004052469226
5.342183460992992,6.867631829302922,12.557429984597347,-7.839753825092282,12.947606012905887,17.40611136589813
5.302973951513633,8.204090100013254,13.061483010806642,-7.176932961942668,13.571051843431103,20.30586999034227
5.5588293333966226,5.626455020856719,10.0808680864477,-8.1794088871603,14.521441960096425,14.082625586294366
4.715827772750635,6.254863895057577,10.88148738053128,-8.989534790793236,13.303239446460818,17.284050766724032
4.397303549174396,7.508602399987504,12.849744927423158,-7.918496732446615,11.789530523325057,17.67648198117311
4.734921267995878,4.373162119816611,9.013364989064113,-6.985080245354391,13.679888014768714,12.874974306321992
3.349602485235634,3.358533278389802,6.267515778240584,-3.125328887859642,9.90335064292572,8.790100788287306
3.52740337042695,4.393796763966112,9.381425383219643,-7.621880381819897,11.490442912006902,9.63806918410468
3.623166554428021,4.39257814157261,9.78853227886403,-8.29424932202662,11.87204849742023,11.515897259648215
3.886150602734806,5.988751890488451,10.596263565541452,-8.230126342491207,10.308399658516281,13.875836077891316
5.249857371064934,6.781517090885772,12.730434415627244,-5.383281481056082,11.372038112404846,14.900634926915261
3.963695967174622,3.4787339075324937,8.652723616985512,-7.6675275935430545,13.211000431140542,10.760616566376447
4.44024410911893,6.24565451201974,11.833204317795012,-7.919548347247854,12.310456421484512,14.22725439745126
6.371630558954906,7.084091671599255,13.351304823349658,-4.633598786448955,13.412800210494636,20.19036686085223
4.461228466730691,7.025675683671929,12.163846052981087,-6.477057031052002,11.0399645177549,16.24544414764144
5.645830940611528,6.3082434041746085,11.990227829451513,-8.036486137972,15.076165914066934,16.569859939790568
3.9397552625967287,4.593139979494493,7.514242955408058,-5.004660763837606,10.661555746082096,13.898544401115927
4.6084770205637335,6.439608631368265,11.712813236977961,-6.307998450874219,11.646688296380411,14.460877998028575
3.9258649883190655,5.978791470656002,8.758070425113546,-5.971207633075286,12.215640735126772,13.531536264774754
4.477809696797829,6.215909060734033,9.897871045217782,-7.474182343914956,11.02740248126225,14.636324396332308
5.77217442461894,5.376577107234132,11.831895280972276,-6.823390012136713,13.854007540687721,15.51108249890757
3.3208892831966814,5.148923723124932,9.69866280515445,-9.070825484101409,10.525140588873505,10.13396355967983
5.289168271206707,5.544860219532308,11.919013526275968,-6.793105789027568,14.094295123230106,12.758125323461732
5.06986213667022,6.5951382482584835,11.177546346183183,-7.423048151940556,13.590505483043476,17.05137508285067
4.238488741106874,4.1047543057078135,7.100256821786736,-3.840720368167525,12.367126269443007,11.821156453923459
3.528204399416421,5.264526546959485,8.86425529077702,-7.069843117901238,10.570884157533719,12.162394289610711
4.892279044854945,5.375680140547573,10.119044496453297,-8.190185694021721,13.633044287082436,11.751859909661585
4.297904716275148,4.305270066014626,8.584517823735538,-5.509036643038053,11.602600846767855,11.129148458225568
5.064342550946516,7.068162687428916,13.0952964876032,-4.2006213747439105,12.706040339123861,17.14521110975856
4.83960655471683,6.371251076393581,10.71036505000132,-9.213929248036575,13.006178593079365,16.436062474872777
6.800493893524001,7.476517092131105,13.76572456046975,-4.949531543503255,16.077845598026467,19.304111055362917
4.574945567138096,7.316124416159161,10.959416893118975,-8.346899980365976,12.853346912127808,18.701574811974517
3.8642487001002936,4.7135962785305505,9.149401467700285,-6.7442140494579235,11.69524126256957,10.986548987226534
5.00644990242724,6.328557576398175,11.124977251867447,-7.224086642240319,13.06654759056361,14.942035504880463
5.0505360990230095,6.609449546701611,10.703797605053584,-6.4268646028926275,12.145700593845847,17.769627199708044
6.454417499687171,7.124751565558557,12.593711994102534,-4.500225695290823,15.326266660617163,19.17161008613262
5.76571953584555,7.52685582924548,12.68421443815277,-6.14039650250899,14.006203440074964,18.360059088333585
5.20158693831675,5.958134591152026,10.561131999242328,-5.985755668269807,13.549191073504495,14.978328078135334
6.60073524684426,7.479096924628051,15.07198333328193,-7.823257989337442,17.9824517865159,21.189791520209315
3.7291682785506723,6.381810918354014,10.340645500257386,-6.988868955790764,10.073206068339093,15.63795562861491
4.1970783559689995,4.446492303456567,8.35708594705234,-5.39452807888241,12.02150559045777,11.312559511473152
3.9457328648032823,2.8229525338737917,4.588092365898196,0.7556270214359877,11.536252772722172,11.333269349606581
4.429123350944078,7.330060345955973,10.984449968660098,-8.954970848394844,11.963444578715299,16.983906197352614
3.5812967615516857,7.420624714158689,11.222559635676596,-9.427353004366472,12.642449185170793,15.051572625469074
5.52276174237046,6.407492476921129,10.821515934242255,-6.5826430892139065,13.525916356192392,16.35484445257659
4.591852601633053,3.9450145610128677,9.665047973828994,-7.498703135635266,13.154276017543646,10.673576698744208
3.5094547287933966,4.488970752597452,8.083524087635174,-5.759759661082367,9.507630766425764,12.31030127517711
3.8708422909737963,4.874619341133128,10.166867859918163,-7.5448167650197195,10.942777190196395,12.582852725331493
5.1532565436195945,6.253332702597337,11.18672607518083,-8.894432824037015,13.731633753719667,15.326829008973652
5.769463888928554,5.946075847006705,11.184739565237448,-5.560643262575409,15.224746899109991,15.588562219235232
7.4040659567616185,9.273627099238096,15.633815345378764,-4.409958631676655,16.807287261525943,25.016298154803856
9.02041022227275,10.834917597558837,17.455634180539654,-2.862759332183617,20.43355789820314,27.16971202224574
5.266425725535648,5.062020105716342,11.610923839091349,-8.638634123340049,13.87160918206391,14.035859145152088
3.892605810951547,5.881802542646434,7.669265415085292,-4.313679717482913,10.148233522537305,14.999659857992885
3.043761870589788,6.386446852535679,8.045063209767289,-8.62954427282856,11.947570104603303,13.802395060746086
5.102688184900877,6.564648517337937,10.891855200084747,-6.492432851059452,13.464345710978133,15.25080045185516
4.043459137747208,4.996133975678702,9.125520215320735,-8.55491224480869,10.863307198008412,13.910833018985599
4.404828166213342,5.552824951805821,10.617483958636097,-7.9377018324480275,11.468328853864227,13.206534038694443
4.22214283771232,6.127399604680881,10.920795613002781,-8.223799765875716,10.76325726740805,15.91234557712868
4.673068924819967,4.232397319312749,8.259447141565907,-3.984321220889367,13.326674694518784,11.845934133268454
6.059556262477145,7.513946965454447,14.043788517823854,-6.210499113153353,14.229556087890744,19.536339363298868
4.982548581741125,5.882084632278315,11.651545829745949,-8.047442519756125,13.298951417418426,17.109092718330697
4.655150169944455,7.7929751829005,12.698387879200896,-7.94871124715135,12.008249472347872,17.02405757298294
3.854148140037176,4.969975406232218,9.935336686501522,-7.259726442004246,11.934468624833006,9.692302000076937
3.3587388861586107,6.316626497278131,10.425836699437285,-8.433040533429581,9.218245053256009,14.236966715708585
4.338052063663954,4.524311365881947,8.206086558953531,-5.76283177594168,10.786520796106684,11.738064615028307
4.761435056707432,6.638694223510225,12.015625875516461,-7.719138062499529,12.760421113596891,15.916472025391975
7.048169467448199,8.657569731239429,14.95530242074961,-6.432078474052678,16.779851603423438,22.11826091037689
4.953909241598957,5.374861993734175,10.053206780052133,-7.06026722111609,13.478653818565757,13.950410183362369
5.951924767095962,7.419320881732903,14.332129698194096,-7.914821482961347,13.77729751323503,17.976874145685148
4.325938603906238,6.8284574407378384,8.821190872129776,-5.30405697408895,11.968824273276066,16.46029683048111
3.7322360398133583,4.698444335526758,7.188317058656345,-4.252035304972959,9.668610961009716,13.089868171325378
3.9131269326308815,3.5111642834611185,6.229712263524161,-0.45672435669925626,10.031455555660909,10.485009657581177
4.120546470454381,5.392983643976935,9.225008477229595,-8.188148124689755,10.659038293769985,12.566904254565413
7.617079087133296,8.004655992340783,14.208372732422736,-4.466465352289037,18.510578778735002,21.764625957615433
4.036113380759406,4.983772442095523,7.585932074951527,-2.8565384570962298,11.450976147227365,12.12554418651376
5.769914365021423,6.978326595336302,11.28776828831817,-5.208416106342801,14.690993200069137,17.414037935339902
3.9658743190707466,3.55022210305523,6.629107518867664,-4.107531434162082,12.302086917721267,11.461852263414622
5.886716631947433,5.561058292626755,13.253273277568566,-6.23977686267922,17.574522463091657,14.787530185862147
5.233129255530518,7.005196091056043,13.792620655205935,-6.947202018551194,11.540146783023022,16.96327749819591
4.657152061508024,5.424433365338344,9.5220311462088,-6.7155900713064085,11.748592177484008,13.746874837117318
4.774801231571008,3.5000568897504407,7.540863433832366,-4.71478336291595,12.13407094477713,10.909795806195056
4.183513039964784,6.258357076572919,9.418842779455762,-7.304298715328075,10.588451498275724,15.598156686469856
5.302449946736656,6.864819702010896,9.96994403107387,-8.446914497662519,12.482877960786228,18.500602730098034
4.36740772298184,4.943532898945356,9.124667152771382,-6.599514746448797,11.706427686161781,12.291609819241641
3.6997043395044504,3.6728741284462094,6.4714093336749245,-2.971922874060209,9.177386274919376,11.185727490563362
3.658253144818712,5.784061041133049,9.661562827167867,-8.426144376786864,11.051962465003975,12.915111068443744
4.999246399186022,6.638597021746452,9.855427816188048,-8.625831158011382,13.10587428621357,16.698141779068685
6.767356524802849,10.439958807486923,15.383092326075394,-3.991090916601604,15.555094457805144,26.571954491462726
4.985706746768801,6.695895345493739,11.658862935016913,-6.879730617921148,13.364999293514591,16.8321356046987
4.695410347050335,6.37311348831235,11.356241301333593,-8.311237686758528,13.141269599008568,13.560019656567057
5.122628196958935,6.24570026685037,11.5164096038451,-7.4423523692798135,12.908715961704715,16.05763155743209
6.3809293276767,8.487705194877492,12.952048688311915,-7.074910519940763,17.1590459986638,22.78837675698324
5.049868285995041,6.964953487243195,12.695408637107768,-8.168601839861397,13.273306623468166,16.710201508784937
4.409031475161183,6.950756483726378,10.653351126253389,-8.342910584056693,9.999006043400692,17.116828434344004
6.112373018100032,6.8810500994627475,12.998378873519721,-4.831298466146658,13.710629119829823,17.372648236871704
5.282718564102213,6.137311091158251,11.063007179923586,-7.650452828011623,11.888898235854922,14.099880338264182
6.704509507993456,7.515406337081476,12.024020922977066,-4.727138723617391,15.66862969719044,20.17602110263516
5.010718914555499,7.091520635734488,11.639776758811593,-7.705378038223935,12.765896791054221,15.376896007408334
3.7006099196166566,6.488984359913388,10.904710447747021,-8.346856255154231,10.184154387320767,14.108272278068105
3.587877600511655,4.419037107362354,8.830684835796324,-7.285581941859922,12.723738322998273,12.273156106642242
6.872838134871837,7.738064407078745,13.599748424497081,-4.291971748069028,16.41587125932446,18.769086500742485
6.981318193908684,8.585395417778482,16.259024448446635,-5.4779521941814115,16.702609749029094,21.200940373678307
4.634265491882301,5.6785039918694,11.20495410741594,-9.31102927442065,11.766479911352516,12.85842451891755
4.435443056203227,6.677496709343117,10.914374269382117,-9.195368111259706,11.065296257559215,15.552589186262917
6.598094421226734,5.636317130607687,12.04060224881083,-6.253119013100223,16.111474685449046,15.83750315554755
3.7953596009673993,4.258654554050504,10.097035517664327,-10.036214489655064,11.725665954948639,11.469024566355806
3.972882305748662,4.480465971787217,10.468464247365318,-8.16525863306699,9.789387714995437,11.50508063282214
5.532491903072453,4.502135890686308,8.2081735438076,-4.618856302682165,13.806785318749503,14.472154085489468
4.424552892368476,4.750914447999672,8.138204314736209,-2.777465866729929,11.674588484043976,13.311997155835346
4.8115816769217,5.186425561075774,11.24884002092103,-9.35755014496793,12.941657194300301,13.530617778148578
4.65033371449838,5.73922905997955,9.214672178949135,-6.277458638509668,11.501432894095272,13.740995333901495
5.1800213454424995,7.582987237102763,11.267327335506984,-8.056742696876535,12.577032194468297,19.165321252088905
6.521879814201457,7.566819163010754,12.86432904921952,-6.042178640563781,15.251569132287619,18.801282870097758
4.911757135794746,5.170943415523592,10.225374171156254,-7.3772480327728,13.240774816942604,14.0644792281533
5.533220938153873,6.766266396940344,11.802101810183126,-8.996539176973556,14.68000205536058,18.31621684863903
3.0978920753987964,5.437065696840146,8.39261539288147,-6.5919326717859015,10.50095507606095,12.924703120046233
4.766629388898763,5.080670572783858,8.94836350817118,-4.12590780052696,12.15547599155071,13.465690462913756
4.017176206955284,4.396601323033836,7.729920577728238,-5.4301639402435855,10.74741984348431,12.669727465430162
3.705119058058892,5.553668017333115,8.642957563908311,-6.321386046476576,10.967104820087812,10.640093853224347
3.987085102103261,5.05554898637246,11.424690631641935,-7.461159283479823,12.068922739098822,12.175933546205187
4.482545493174749,6.420030183884223,11.215220357660714,-7.962327718152058,11.659384864822044,15.052810966085307
5.866888977087086,7.14324218529179,13.3956886430833,-6.859443058043854,15.181609623600462,18.229163544014078
3.6202867966678323,5.611950444757399,9.047714858733986,-9.57219977354778,11.709479800138327,13.92399293412885
4.848763094807945,5.103684980767305,9.509342546838923,-6.1809720439902005,14.162170517777398,13.303161407020141
4.340049843740537,5.617965192952269,9.24725698831713,-6.980775067250242,13.617471161599639,12.821547781356761
4.488775061460033,5.568085047096877,7.340993902063214,-4.74075490820098,10.810566723564289,15.29510489843056
5.977632855348691,6.05174193124456,10.005416484310945,-6.179714997651364,14.81710766578856,16.33219917215801
5.408577316445346,5.1350993685766575,8.243614475306462,-4.837757529183655,13.634551926182432,15.161705426766632
6.4242086648263745,8.399957700101037,11.952211140757822,-6.069496705331225,14.942156880200676,21.597370607572287
4.659290517928989,5.5983381357110105,8.929218094025714,-5.435728060402372,11.599104792312643,15.584100395503839
4.146607735656268,4.414327454008938,9.86160509093201,-9.526233867339982,10.621028596589754,9.820080252483738
4.590235359110622,5.78405642218729,10.242521840763953,-6.7228149591579545,12.42268695793484,14.220378745988773
5.075061890565231,7.493080747914534,13.72155767407585,-8.446271918607327,12.21336708069117,19.29287427849945
5.003537965689373,4.01280012031745,9.006986728146732,-6.678362451244311,13.508084099009427,10.0498207466821
3.8139194892353854,3.6072807993320595,8.246568200743628,-4.1768823032753035,10.163442117755068,10.268976845788531
4.911656540662678,5.27877009876741,9.021723205936254,-4.841504321955175,11.652204077410882,13.570161631873757
5.05949506085948,7.810673927579809,13.292092670553162,-6.925728484233921,12.955458490712566,18.238901227107682
8.282513490702247,9.855100473621542,17.59463157492913,-4.3783782585071025,18.13328446186502,25.664406888476755
7.2153991626130445,9.272716403074272,15.03554510143283,-5.141958036808802,16.788095108319638,23.95048757674378
4.008525150692409,4.158364231566178,8.737101970424899,-6.52460652366461,13.663127629138337,12.895549396046839
4.527882181711297,4.6983463064407704,9.633556897987825,-7.3626574305013515,12.782135205209455,10.832831588667773
3.515023554616949,5.25283727133966,8.534753666307976,-6.737091079199872,10.762846044239854,11.586437982288157
4.241631783868869,5.589906114804316,8.750375667509655,-6.223353779764844,10.449194036344023,12.847197015038972
5.155577220108739,6.994316038972866,10.749910938245222,-7.244869487926641,11.849929900116415,18.846025091937307
6.2448157010754235,7.347144710146972,13.036886382605406,-7.304689751213221,16.674317605368955,18.68021052878026
4.117125417715915,5.685269144170542,10.231885978210437,-8.78678657317127,10.75290612246995,13.24723416328171
4.184090671272969,5.632209756178078,9.093355393114512,-5.870143253488629,10.370470017289895,13.509111460544002
3.0337892306384733,5.101556619723398,8.666879810594919,-8.73733033206347,9.592456395624282,10.49585850650856
4.651111711214318,6.748119993158788,11.94363262118587,-7.7716548498778915,12.217521973291479,15.783002027589841
3.83200581130971,3.502133816917941,7.978079945665489,-6.4930960616173286,10.314490106117974,12.558495954526943
4.297954020704431,3.3406854653635754,9.006040609377356,-6.71695157550151,11.969449464338725,10.992315548154435
3.988193992842542,6.279939390494049,11.755267283685232,-8.714401247674775,12.508753761409624,13.434139452748905
4.72011738363839,7.197842476900326,10.902024949575079,-5.975165907880749,11.338681870134984,17.635866990594163
3.299218752875884,3.568595733362547,8.806902435571212,-7.008140908857259,8.961360033325366,7.292934149926236
3.5122977042211683,2.9424622976755392,6.033440068358901,-4.334117339055062,11.252399295483068,8.250875036822418
7.618354076471304,9.007388897478506,16.60157207505936,-3.560906732948653,17.362862483864614,25.108459018992274
3.6507900897632592,5.871628316113789,9.90551974267781,-9.352692378715277,10.18248337517305,14.30013512674409
3.8037529069395406,6.891347429373855,10.625596005585468,-9.013255711411206,9.229339633647678,15.680643732971728
7.153632444583608,8.959930016685059,13.427733676270275,-4.403148659802704,15.35300167674179,22.958628466041993
9.003344909264985,9.92162821267929,17.184950288977767,-3.178490495538893,19.13899253986032,27.41291263427949
3.7430008522170044,4.139870230632141,6.4440158103692875,-2.3807749981911335,11.46147552293501,13.117639406138608
4.449731576407127,5.751182868077782,11.136932876363689,-8.693632764963944,11.235983632488619,14.199998810678032
5.1844631424011824,6.175198438515926,12.574747577714295,-7.726173718911076,13.359243957040864,15.146548486308772
6.988885744899525,7.263817839170709,12.494204187441108,-5.763522257209407,17.024758768785272,18.267089931825552
3.8948534053360127,7.233609056199299,11.765619588871395,-8.863570563553036,8.500063320161901,14.935858111897325
4.569115922053538,7.644284324125668,11.576965626080057,-6.4508620826007075,12.832048069407668,18.762571182668992
5.694445094145343,8.120493777700771,12.84563164216135,-5.700261068318895,12.52606441625205,18.79700746789368
5.289558235618194,5.658707837809066,11.330430023735808,-5.3561790443860104,13.864410339049291,15.289674869614032
4.442162710304967,6.587182034602245,11.037944527849916,-5.550594539988339,11.981791363229304,15.777728809872173
4.680084768040556,6.6097111775384585,12.978682390911455,-8.600967267770567,13.564013840092127,16.530982699992578
3.582677488941592,5.315223113145645,8.709313658211956,-6.772066497746708,10.964049795688013,13.70603259862994
4.576109865977859,7.115775133021636,12.72967494973523,-8.787756387393426,9.79986681313255,15.792356593388945
4.5483966189237846,6.473767761785062,11.111890312279295,-8.501167601224713,11.472397249907692,13.735406965638642
5.063790505826828,7.093804742131164,12.785023672046762,-7.742183672776985,13.128260556994357,16.669100233424242
4.274065149852948,6.200971433225158,10.110858991800185,-9.098741483470466,11.677153234145983,15.369400523801165
5.331602899449848,6.962394307451954,11.95178063925196,-7.905225026496317,14.01763207751463,16.728468419483193
5.99046251934434,5.496851389630157,10.670537396617654,-6.5095173029436655,15.788270349730448,14.493118187313863
4.980811838520365,6.354432915930922,10.299145629860732,-8.510405945639413,13.705002240043973,13.823472945454123
5.1958621246843535,5.929670165835228,11.459022047659076,-6.2852779308789035,13.168097482234359,16.823049573361246
4.872333972971088,4.882493015331067,10.11812009661246,-8.514525453264254,11.415756809829114,13.43847232865224
4.816978096813259,7.788794716114083,13.19718823162161,-4.466400277091122,11.57170914086657,19.04053485013168
4.123801897150864,7.142797238036568,13.034419743725005,-8.525304855954252,11.714708871897354,17.120074260235565
5.156564397727713,7.805784998023325,14.268457799763803,-6.85196897868037,11.806078819562552,19.29511337287716
4.71704519299337,6.262258609849245,10.506803406822696,-8.872691016402461,13.293853690197114,14.897115741675398
7.559405108319571,10.200030229272228,16.97750728125953,-2.457720980303203,17.310252947855222,25.808710128027673
6.75900366015359,8.061056840755416,13.403173390054274,-4.120788159940682,15.683018426588271,20.748702077083422
5.234138414199234,6.7269356910970135,11.711515499645856,-6.6874199227960665,10.231067037745525,19.32245293119918
4.087120392680777,4.283649022218794,7.759957812854473,-6.3133279376114455,10.176442247350233,12.666218280757251
3.7909774799581575,5.477968784456998,11.109823222569911,-8.42249037593907,12.968073887557495,12.002790589577804
6.225068159096489,7.575454087520907,13.551482638016715,-6.9748018107701535,14.417956323678844,20.03372448068018
5.097239481317246,5.084587364482781,9.600569998345811,-5.249386610790041,11.27355482669406,12.565984258589358
5.341489651075944,6.580292539259347,12.784201437273113,-6.0836328974348906,14.70712319075094,18.03430039524279
3.308567407771242,4.518837843914433,5.99388693657864,-2.8696901022274734,9.396902625709473,11.75741638356457
5.881478761655573,8.969039928300212,12.493408608742175,-8.462477348063056,15.227293525984898,22.395498180593684
5.311988996004061,7.496202324517471,13.367652806626174,-7.787561010587577,13.635083617676349,19.364122784167503
3.7925945555560565,5.094039994647523,9.132676884505681,-6.631943985547131,11.35631658113551,12.730138565749854
4.351881365549199,5.890668675350281,10.515366348411103,-6.788891573965633,12.227249389850511,14.058382548229712
5.098301898121685,6.4325142762258825,9.96205955867824,-5.993785884658005,13.738010027859271,15.980480046894343
4.871611721462517,5.958697736666969,10.61728162056489,-9.049622223368358,15.322632155861099,14.675559744531093
4.5232171123726355,4.730789914984348,11.103536342910411,-7.674531378495315,13.534177995199462,11.311282520686278
4.710751039011336,5.8496991614044065,11.252607308353241,-6.6219503223528235,10.948535366989843,13.871540185790803
4.562530068241904,5.106431811589391,9.701984659355553,-9.077209374974682,13.093943886614051,14.373098924407604
4.97773847116677,5.0174229322436235,9.237025399317337,-6.280698785808012,14.252008902623054,13.455598937156584
6.612383452874922,8.413605267422456,13.931439292288538,-5.071633960465456,16.491619942603183,20.90611391994687
2.7718673410716383,4.453132001004873,5.652399049716845,-3.291100571467761,7.970901887606444,10.197938842769476
4.577414005734754,4.080706494366677,8.680510623106997,-7.785335263504722,13.844726813443762,12.737034806727868
5.003472320242841,6.170787682747713,11.79365562841771,-7.619919221466401,14.023530639865028,15.986294598873737
5.133854739712912,7.419556125612836,10.809332598780864,-7.324892752021057,15.570426044031773,18.490157528139296
4.446221156776196,6.795444895672517,10.644426314906422,-7.935056776630845,11.17907628066793,15.603895056832025
3.299933854127692,5.61577069701293,8.197687062904734,-6.854858053822297,9.248741309495925,13.412006363190406
5.16934910712603,6.49826231402749,10.435977209614299,-7.523808472078081,13.008379050566658,15.514621544377263
6.986858529742877,7.431813201773727,13.526535964006131,-5.12710628048123,15.749960628185093,19.955025382434776
3.4621326399454277,3.6684338125873674,5.242227631900104,-1.2949497623333042,8.74562112584885,11.91500407083126
5.801478171757277,7.436083076507635,13.404458331369607,-6.6122134460006805,11.408289250985526,19.651164709182982
4.487951602734344,6.157231637099507,11.388249483958065,-8.236618664728693,11.762123980588083,13.673137434471125
4.753709875983987,7.331040987589053,11.816883816505868,-7.30828946109546,12.676864227002241,16.43615034134232
3.8398648541289573,6.229844504471041,7.85694361528369,-7.0413768165565145,10.096835221087176,15.680562109501594
4.482224384618551,5.639995728087379,9.070866860691613,-5.96433528325091,13.912079402352042,16.0335048999314
6.372750475117605,6.418544596256735,13.245310819590749,-5.85221931023845,15.431004983145444,15.553723269800251
5.460692462977121,6.431585865966223,8.719635941701341,-4.739515502431501,14.734935357707108,17.59526766291407
6.994325871195137,8.501557066005661,14.295882795045832,-3.9799076264938096,16.13341128801284,20.95510165131607
6.206691984319541,7.294608738930137,11.691004097871925,-7.861623650138205,15.915431500852085,18.358212443036663
5.294481062168011,6.006586954090356,11.742549097600772,-8.989662071794168,14.097240608844572,14.977814777338732
7.011850678790627,8.554735493760527,14.036421129754077,-4.641874341333267,17.32644896193523,22.03677840739591
5.294374458285759,6.080416716875149,11.422345427935264,-7.013456989900415,13.657661106898024,14.953761831693463
5.756883930652506,6.418817846927133,12.22096455209812,-6.31578628813546,14.808367825490736,16.725676614218877
4.51893438815842,6.12038722246186,12.448429857345332,-8.261974316449232,12.632840865535748,14.085007215172558
4.886401171200952,5.774408591071747,10.245276099889388,-6.801980002583763,12.605880584508903,12.924536968422352
4.145285559179871,5.679389948158223,10.2908450374394,-7.309396337793044,11.987758461330785,14.075516192593918
5.960702107685132,7.523906130537255,11.49320942561555,-5.648386738162945,16.58476132875086,19.89702381568313
3.737575601901066,3.888146600809492,8.916287207278708,-7.454237445768822,10.882210992707508,10.903775686623211
5.700594198444913,6.509353074579501,10.961030638318341,-8.639861463520807,14.836223921652442,15.287415982760326
4.623171794805444,7.350948734721906,11.45321959774629,-6.763273507799419,13.261700374255089,17.470556749648942
6.1984593411895705,6.326379828455283,11.788612636057,-4.821428834657963,16.151920175320754,17.751067514115107
5.662086182898491,4.83543173392796,8.311746230722752,-3.4943282764546604,14.057802021589751,13.684768842107047
7.128621374241253,6.556776220998741,12.830256506877493,-5.93478150316918,14.421417361941014,18.672940480123977
5.637642941488225,6.956752888064894,13.140159826978916,-5.865055501150936,14.426412447330316,17.51646093279311
3.433790578524421,4.754707856557119,8.787163922688716,-6.33040133342726,8.020536963143709,11.710360288000661
4.747952348064478,5.920341492639357,8.938087024675573,-4.363945068392034,13.697487698462238,17.2052671141376
3.742645829032141,6.246835657960643,10.175976153686085,-9.45909608478997,11.0724222654722,12.257937764271478
4.308293061710258,2.9254586286073203,7.74958878395342,-5.12545750007049,13.087313792199803,12.20599822708493
6.669197393197649,8.355131267628472,12.417238803803764,-4.547287569071265,14.455233927098561,20.730803695775897
5.525595845147546,8.377034046951119,12.581046687544582,-6.412211781956224,11.8473194235837,21.274657297901133
4.143941148015411,4.306160383123697,9.29374428753529,-8.430445901219727,12.211678139775271,12.074808806295454
3.872394157161619,4.782587645371724,9.049104578806205,-6.732175527924247,11.091236824842323,10.894481963749136
4.8510087331808425,5.3881168159522215,10.418603976759563,-6.974344184934777,12.450250719396431,14.076088575745603
3.7069166874169333,4.102570641339404,9.801308485385084,-8.498633054310018,11.336973149544791,9.692013583490107
4.168809843075554,5.132547838052514,9.800939630967266,-7.756784936124017,14.55176458839889,12.946711323541914
5.151587697062998,7.869072980747502,13.543098423744496,-7.179591086213669,13.738685404311354,19.06768306487006
6.177229770687707,9.304616446175228,17.755570720548196,-4.199574262472824,15.214721591752808,24.112654204574444
5.491471964897151,6.445532739857003,11.316879867993991,-7.656556803687201,14.787261961315497,16.52269483783888
2.941173876795513,6.136234090859983,8.916493243960282,-8.309095630870246,10.666287523107064,13.349699151167373
5.1431177310649225,6.4686942080495475,11.781681369038795,-7.100672976429166,13.04045222982119,17.163995454813993
4.892177996307638,7.93586902300872,13.24655150232683,-6.300439663111107,10.25968825597892,19.232515095681098
5.265837110428503,6.462538460775011,10.891637054347086,-8.483430946452426,13.41123774294678,16.937335436770432
6.821655762761865,8.242713588808009,13.228721134647765,-6.462438547575678,16.673797443916754,20.945979128262653
3.0891894025652786,4.744663875208114,10.593257899554786,-11.489057119315428,9.140817818879968,8.416006735372724
4.241269783522696,8.71012346289023,13.600814519381537,-7.716480847542624,10.868925763729816,18.815570214538738
5.470401876106541,7.61168745095133,12.057287028276669,-7.744272516193134,12.9293871541984,18.098093181543508
3.4267344321015996,4.009469902150136,8.593758466242175,-7.375983349673966,11.996504515252045,10.942027302695847
6.618731863079969,8.877729733355826,14.7264447383829,-4.617223125799667,15.888775478607117,23.58996449796259
5.214465681614701,6.14263314453036,10.786978776556788,-7.722100759930758,14.159143235123937,15.357505136762345
5.779979083756303,6.5802289008550945,12.407110242425203,-6.209909763876483,14.926095950919132,18.495544435691574
4.259718782157168,6.4583201420492795,9.538323580253182,-7.597413964660929,11.538185060665931,16.675240774249133
5.739280073702363,7.060365661473516,12.697208217670678,-5.748579672998573,14.259776572282401,18.204240959420247
6.062807407417586,7.631383321929392,15.06759092493699,-5.538100471161057,13.318229487972326,18.658558409707314
5.064562600847995,6.368547822713287,11.665341097446632,-7.897523000348447,11.001905429191707,17.350182233215268
5.066223431351701,6.692806557957136,11.1773566345738,-7.3303767665737745,13.203754984140797,16.354604154396224
5.105580327898307,6.820546225334457,11.208526695367336,-6.060837855250769,13.292372698633445,16.84144926037579
3.999816222833825,3.35284929012841,6.884159162138477,-3.4090718970677782,12.337714871755923,10.469847679442577
4.6662947945759266,6.62286746318546,10.991413837678408,-8.979705649123819,14.059560781055369,14.900138225560788
4.661280347960109,4.969260928129809,9.062230480720082,-5.674961114503359,14.019241272788648,11.742138371686105
5.23137515586118,5.079076020301769,10.80670189360298,-8.286014329259993,12.863480376017087,14.07092577370241
5.973858538125025,7.205447294266343,10.905566399653846,-4.747704487515595,14.012259056529004,17.749437532320602
3.8352069231395034,5.209187926453957,10.084434905667859,-7.598443598886273,11.629718620427388,15.050583890341311
4.688974409956241,5.285468245383961,9.421079020100576,-6.53445407148466,15.082894652574895,12.519459956267116
6.626583432489636,8.747615290157611,15.075266842811157,-5.130196233378992,16.71792602326803,21.109851434266478
4.104288396230486,4.052113229859579,6.990302780159759,-3.9796158528790966,12.338186074391576,12.747112592321379
4.035363223194977,4.918419474422419,10.350218963422959,-7.775657397034229,11.226302142923135,13.191742975877332
5.031336188997614,5.736462054064613,11.736553588720918,-7.6927618277661205,12.380559711530871,14.553650054027596
5.777243456695256,7.020656186355917,13.282906973761271,-6.151184064737725,14.972307507288164,18.50117212447664
4.828754979642049,6.397619264289288,9.579328110474174,-5.9123026335360835,11.390455368234461,14.007934087708342
6.4125489348199425,6.694655985196398,13.165574477125695,-6.336575862585518,15.233023747092442,17.384270445625464
5.7926988141251,7.806981491581329,13.594230225651916,-6.884805367536269,13.974303997270308,18.42323036251027
5.774053699302996,7.127056067637696,10.83217101218826,-7.570572881649473,15.885685778074933,16.239600116448035
5.427242352026035,4.825296098714125,9.703075928002681,-7.630953837670729,13.835386365777872,13.510803790520516
7.950840174847178,7.282248734450148,14.233672910995287,-5.94233759587039,15.722493064366109,18.85322739856991
4.6087507502089515,5.88643145727964,10.96536099737915,-7.007921848822897,12.871992871115589,12.94674992000836
3.1291634931936843,4.19819617540733,7.888210024195183,-4.356771295111219,8.805227167730974,9.16272509311223
6.8041193483954645,7.990699234820831,14.267482804871456,-3.777637227155658,15.666423119947623,20.26141726168843
4.364854626403973,5.626872169873756,11.458517740729794,-9.648790841346836,12.15373449219955,13.856469321071213
4.930081478739451,6.445641318249632,12.43123020447166,-6.609228033969713,12.515060843259567,16.068192992916384
6.385806830359114,8.623456440207413,11.556280527651623,-4.129463277579593,15.508881572262354,22.722692266182175
3.4115218947701322,3.590416993852574,6.894798667428301,-4.851022127787026,8.581554869274395,10.141233887804155
3.679018942248613,3.7970473493478187,7.4279615697493675,-4.827446567925169,10.107589404876032,12.036987231202852
3.4122429673091674,3.6089191094217856,5.4807241775820925,-4.178860269055281,10.558275412845457,11.61966001603412
4.059863145709503,5.6387798128782105,9.915173678781075,-7.935386091954691,10.871523804562047,13.476819384442154
5.295107968749675,7.8300553473961205,14.174680722947091,-7.841691326461058,11.639700488088996,19.44675445816415
5.3923832181914255,6.251043779951915,10.174652127108025,-6.683574575957569,14.377908473882481,16.084920470089838
5.112104036735244,3.9004041925755892,8.872861849903707,-7.269076323665573,14.81927918534755,11.396179723844128
3.5535848455333623,3.139591982922987,5.8874109944989685,-2.182037688206434,10.060003545934155,10.240117157584969
2.929284215344206,3.386247492548195,6.038082588097496,-2.5479020720505807,6.969714128863842,6.884441201067088
4.873591116021164,5.6058622285259485,11.734466310555593,-8.284618922504997,13.766581468777405,14.46094658165177
4.351645980529992,5.233257353275265,9.00564736366561,-7.663270126493766,10.33638046014183,13.300387332637811
5.317670915949246,6.646252038930163,12.110876342695065,-9.064809234061336,14.017761803346849,15.967501283513734
5.6027683247480455,6.5810219939255985,9.871701485671782,-6.6886006328790595,13.117921685623807,16.28140378036105
4.962413943994298,7.301753554537704,14.019429023357672,-7.771079609877577,11.591544361855703,16.27820078632953
5.673390942980315,6.287373637298946,12.066456457890931,-8.14006816822947,13.929494453791708,17.336504357152105
5.0605660244107975,5.488248064935254,10.054818842287428,-6.871125990103124,13.11501149199743,14.114356907235413
5.399210529292124,7.1680860678125855,12.840302430905044,-7.206932347878124,12.90098715722449,16.89536637975391
4.138820557959985,3.8931784880338656,6.5542610466258955,-4.146827423704701,11.876197167557434,13.09285988770301
4.634173498049455,6.313865203369457,12.07246444229405,-8.210571226211481,11.98242588467243,14.581557308463792
5.025349233476055,6.417902417202321,10.906231414670213,-6.168258436353748,13.909944177606839,14.417693199717124
5.747645274323784,6.890202784405616,11.959885779061482,-5.831262061718551,14.409845338699407,18.65704900917321
4.42537598235684,7.303652089506103,11.356043232363135,-7.872414028035152,11.059224260837972,16.300056325236252
5.388877479798411,6.056670034503693,10.46666787314652,-6.292984072857305,12.846391902050549,15.147171403117547
4.548933979795726,7.899232150319804,13.263215363758517,-8.698609777655566,10.274063183356176,18.202366811829975
4.6965186203659695,5.76108717113787,10.579472666456764,-7.631274388048099,12.916078643971527,15.2716836667782
5.758781705178199,5.771765260207971,11.603065664033085,-6.42080302935295,14.133473229315177,15.466128533793416
3.1362198008815225,4.496139381876348,8.03100472127093,-6.813709406342194,7.333592161302578,7.7853777389669645
3.643683702492039,3.857438502173271,8.15114432589143,-5.657377036842801,10.177489048138646,10.987989612533068
3.500867275504654,4.039111427691154,7.334285732051019,-5.714284274594908,9.407352634321578,10.253118440151976
2.914492671557339,4.601525971572831,10.255800899927191,-9.140053464215356,11.309402741511212,11.558611194827895
4.162420422182235,6.00800251083236,8.714996165242471,-5.612351846643481,9.505981674372824,14.495755911762899
5.660336993535388,6.32816929328113,12.761637309489942,-9.514350769229068,13.032872131779747,14.187069141978332
4.530319308523354,6.8077244535697545,12.73591230405555,-6.508461229746761,13.050581759626608,16.34557170208658
5.026446453981198,7.473954212002332,11.529790228426045,-10.148778670191819,14.40772947340822,19.850552263761884
6.089948404233283,8.816250160796574,16.691156360279546,-6.447289648292291,13.603887001820684,23.423670158479243
6.410789612944185,8.230203020069906,15.004669550329144,-4.551612271800647,14.273701225559304,22.915617566086187
4.7457195115807655,7.399148223666464,13.108727887336203,-7.717306359247613,12.93267446321749,16.39633961937
6.446637805390083,5.855839377416025,11.469937035535594,-7.3148899238536735,13.515642047165505,17.363054092062246
4.9133878278806575,5.885481279252195,10.367713376336999,-8.517835032696809,11.227254737087906,13.916736730404516
4.022223553860068,4.445218297536642,8.288768778514171,-4.815692596790997,10.925741583584257,12.187680972958047
4.238260246374584,5.647486107501976,10.32448139639393,-10.07192328280756,13.583565699974104,12.073272703616153
3.502110334326875,4.220661115130137,9.352930884435334,-6.94925079827786,10.19532774420201,9.465181694164647
3.97852590995237,5.1023680680026375,9.37044043975667,-7.555504053368978,11.465191484453126,11.738798485721102
4.459545277539706,7.6317201577437555,11.313667609776433,-8.856940074069847,12.970902909534308,18.423689229496254
5.726716265543662,6.846996469123284,12.929148647744684,-7.044487777806693,16.328543810344645,18.325896009805792
6.9769667572951075,8.680759074485323,15.749818856814956,-5.952449901404588,15.415134584512668,22.939814549966936
3.5770620016891113,4.634792671764877,9.101279501651186,-6.685886707664615,10.594313262448596,9.850201751176773
5.242011275841647,6.607724563798481,12.308285221053483,-6.259296382826463,15.11861480449975,16.150831713260096
3.8500923654371895,5.146109045873261,8.891384301797617,-8.594045175334477,9.637316820456963,11.650720275723419
5.335229869976776,7.073553935949936,11.19561794764138,-7.238743340769764,14.479946777499885,18.36355745188753
4.682842780141303,7.138150315688479,10.94843922594162,-8.361898057759234,11.310252693356782,18.003409166495874
3.2476460161240146,6.185040013727344,8.309865055856875,-5.153847570843633,9.461878977610418,15.045581823610071
5.882565989689428,7.482186071598595,13.124419703608288,-7.568371959438495,14.164070031363156,18.21141764905331
4.228598372344956,6.108145258380558,10.347016604368289,-6.496255688210209,10.592056609809719,11.502403050981068
4.293828149563588,4.432963640378021,8.202362990229213,-5.462076366877165,10.788606997446351,10.566721833014899
3.825956451493455,5.028079709077835,6.064042800415974,-3.63809609581479,10.585427746908454,15.917859631483898
4.183967404611198,6.414256869494787,9.490923612729643,-7.984684436210963,12.47337343456058,14.760897089917927
5.281733686259154,7.437702324676308,13.611341723330654,-7.644531841713603,13.172133393118399,17.39526405858338
4.624572223533188,6.126181956328239,10.015164221983898,-8.964905357453652,12.603008263403582,16.403216860113353
5.17009097725511,7.346484936823062,12.686913025601946,-6.874936391909863,13.610116598743323,19.09524626328099
5.207246468099423,6.988013177093242,10.566451884554043,-8.206009975527317,12.359529825612382,17.193675371874765
6.401101353912334,8.891407612171655,16.16297856489549,-7.681348824626171,15.775035019648689,22.08201355668723
4.47419288403892,6.053552040996031,10.36937593737357,-8.234296034958602,13.016125383459379,14.301911626476537
3.5048852149085032,4.439186899337469,8.481587541408308,-8.481822568159297,13.23393768757987,11.406762047042587
6.061177079767466,7.68701833670049,15.540112485150349,-6.759836092135967,14.232525973644055,21.18810944193588
4.48508951839289,2.844495142540114,8.538291726626003,-6.874794326931289,12.249986251979799,9.614979107043593
6.123310571583154,7.796196307968204,13.062808485916515,-6.800700663259299,15.470577629768124,20.60497465706795
5.231356288599948,2.8729434633851647,6.89247483760744,-0.6084427659555098,14.091445819856197,12.52971677257745
4.682791482337271,4.249328074931853,8.342241649911806,-5.215219946643434,12.001991892514784,11.174669510607185
5.192528949767514,6.934297550708498,12.399949369613957,-6.7548654911520245,12.768778620573281,17.80031338608615
7.331543321650623,9.099072658917418,15.385060190526477,-6.292029229382889,17.125551607913643,23.62508723581946
7.5331044316959765,7.660675651556047,13.644092885576287,-5.148977734287781,16.37904990707658,18.815823244461733
4.889384988733871,5.467282946854933,11.582362956246566,-7.287884048571461,12.614583609060738,11.657427549573727
4.985920342961673,7.646461331575805,12.432266758557564,-8.14499098655763,12.836147574468574,17.17823403009889
6.072956529433296,6.87892639786062,14.639933653776707,-5.192531499443839,15.67188894534175,18.54171519828662
4.015074373145454,7.547994685548439,11.966799907424335,-9.335930672439915,10.470184857459342,16.931739831108175
5.175000406236225,6.4630805530598785,13.151576432677007,-7.36591524554408,11.475687683920505,16.280135892311815
4.790143075955714,6.488179252836981,11.527717792357251,-8.058740968872366,10.744799368196968,17.626631163441516
5.153694112149264,8.060568510647872,14.058122834902203,-6.72950049872012,11.555802845223035,17.947737167938595
4.025714519060601,5.446741635254021,8.867251751964307,-7.257512955223947,9.963054529387994,13.460630315684844
3.4208570594839314,3.70851307879313,6.492617127797781,-4.0087130462018985,9.815249032872686,11.242545604269901
3.0827145996634475,4.262987147969158,8.21433641410617,-6.953253895035329,8.511095119977027,8.55535579263397
3.7869209521501976,5.041310215960107,9.999995530108945,-9.428481830872828,10.581307313409996,11.629754695168062
4.363937651166947,4.289195998965382,8.566563978549558,-5.461960317258239,11.208362232110566,10.270179013959956
4.522223495068637,5.556391423727813,8.712962943919429,-5.610742362110767,11.553582008479815,15.862647036941375
7.3098216559474904,7.857629561950054,12.764254416685775,-4.788005796573747,18.02626401731479,20.76589810476711
6.111984360517802,8.326342117705236,12.513527435212792,-6.302689966826942,15.16004181085519,22.940915056489533
3.9156768852177177,5.240288759402974,7.535385228236138,-3.869626047314103,10.63958183290214,13.917189115459637
5.191335726394517,6.198539977246947,11.19686865595508,-7.332948248585728,12.950431358323744,16.622606906776976
4.41268674175304,5.596504811130464,11.104592476056995,-8.284084318373345,11.767773779509882,13.405289433874568
4.530826761439016,6.0439487798451825,10.52236790474107,-7.6928450644498145,12.578689825326595,14.45344391299008
5.012975462283194,6.919789661972974,9.509681742336943,-4.7206762702899745,13.161715208438052,16.571718692944277
5.503793364782675,5.794081136113293,10.636988129602894,-8.168218494600321,13.272777651474712,15.298091672544329
4.477592390158485,4.726004757537213,8.905549775374876,-5.535555473940124,12.170298856265292,12.93983944673205
6.0567797222177795,8.451458937620309,16.14102123111789,-7.805998385463154,12.482293616025459,20.304386859302518
3.766954006084009,4.6446171338792785,7.110328086537583,-4.012179083964546,10.66922077085884,12.779995722132348
4.8234692234571455,4.696627130860271,8.846258119643645,-4.284807593059096,13.417911640771628,12.419120607015476
8.426770976476597,10.1605836858597,18.81337984690099,-2.781757369761799,17.776168836106542,29.330324660916283
5.053889704901348,6.807259510934035,12.121147237107428,-6.988924788990395,14.784378345471158,16.536315906608074
6.558113244208369,6.317397986951662,12.57298256093459,-6.234331088964739,14.946516931392159,19.041404343925542
4.912746296404365,6.432228011867972,11.2951058218745,-7.3226344726721155,13.048482433879643,15.51941733418554
5.458484773319369,7.484067865747742,12.973498680847538,-6.9068946763372,13.511214280638049,18.71225276050759
4.758359947065685,6.422746398771948,11.858251874238057,-8.299908830613347,12.54213971693777,14.186645469355604
4.643365709001148,6.565347192762543,10.359894232439071,-7.9037138001445575,12.23780628965122,15.201567542855743
4.072692308321391,3.9584232102306416,8.874901416886008,-6.575745968983576,11.775996610937492,10.848634976768922
5.2844760200479115,6.905516175044107,10.539005705540326,-7.6764896651255565,14.291198823704823,18.686931440255208
4.0099979144734545,4.997378155003008,9.421308952179421,-8.367779863548327,12.914422858205716,12.431459663598831
5.559068856675926,6.366278697951281,11.66224468092526,-8.056786284482305,14.127317471440234,17.75735340130165
6.084797002495942,8.245352611915669,13.220323520243618,-5.520038221791247,15.204552136039252,21.357526098721834
5.212416951027442,7.981691461701672,13.020560249525094,-6.298267388453459,12.19985662557446,20.76048219927046
4.528988424027239,7.613358478627598,11.622833874974326,-7.363744876793841,12.588198673679656,17.51463986290454
5.311468921305365,7.91627679281127,11.957692351659652,-5.784900535261346,12.28987621433736,21.51528007648255
4.507175134070177,5.687440952439994,9.779857474306652,-7.434750885671235,13.334275184173288,13.428320180714426
5.8917556709217465,7.53447583394809,11.84580831276637,-5.809998863171593,16.44560490984704,18.314397477204594
3.2472962415249205,5.304119113309164,9.307719117684691,-7.825030975626544,9.843759697037735,10.628011213851538
4.481113580288539,5.892291529588,9.191558149665909,-6.6907414278500505,9.806127142680072,16.886984360539994
3.1377383510640064,4.55850253897555,8.820633034091525,-8.104739859990595,9.368822098591023,11.021110368655645
3.4911759256279677,5.60492905750415,8.272775641614926,-3.9995531606711747,11.071830243898475,13.277697920790093
6.460916907013144,7.691634260987212,12.884918234962681,-6.0472941117016346,15.836812249063183,21.333860817574337
5.840777775521571,6.401490839147909,11.060672716258553,-7.067682793243993,14.797563608437788,17.47437802437548
4.125647113708799,5.00117404787294,10.489301767007447,-7.916421023206348,12.784977048942693,13.901729824410019
3.485586095459938,5.40949647319368,9.568281036764468,-8.026958592586295,10.921014903130452,10.726445099074699
2.5443082969441213,3.837301588144077,6.766623740760241,-6.458904068292731,9.794141561421126,9.639740892211753
4.284966758098286,5.915176734966624,10.751542801880351,-6.9448330090493675,12.668000631454062,13.468036228821331
8.111229467586561,10.07130870978875,14.817320743870516,-3.689628223736676,19.078662379497498,24.672017274047
5.289692846441104,6.204851383543494,11.108176269357342,-8.10591678352073,14.029900539217321,16.787309703018526
4.270160555996716,6.316408719626522,12.679092804675768,-6.841817379418062,12.51553919924299,14.432524500176884
5.324194513674186,6.99303711713258,12.162789782008215,-6.231309254092199,13.043988313611017,18.06143163242025
3.441993243062886,3.4971801561514075,7.196195620350844,-6.112682655244284,9.755583253897269,12.34480406382425
4.518202400864163,7.250507192050407,12.391738611478356,-5.876502751885636,13.45082960721092,16.492462405565973
4.921170143393058,5.710425399636142,11.294247612085716,-6.780042081986259,13.189190702757298,13.882212629565574
4.728419225360007,4.363323882174823,6.821039489389501,-2.8317242071630293,12.97789070618493,13.85372484529327
5.710981859224566,5.955938149638263,9.442015579664929,-4.127162379997883,14.180049661311344,17.14517200286936
5.187913067741564,5.456867907063242,10.487266889075189,-7.037758928478327,12.974440701838784,13.562570694249144
5.5623502120386705,6.904523530696204,11.357217209543782,-6.651274297713694,13.871574336192033,16.807017017026563
4.153371840314782,5.169521334768545,10.675759184500201,-8.960289346977856,13.326447960162005,13.358259944919434
5.844086559664801,6.797254592024208,11.803403320026748,-5.76509730727503,14.880878023574052,17.94901647291678
6.840374161416782,8.75007612689926,12.890469256228812,-4.590301749919832,13.871537665386091,20.588178183915197
3.9088891051860615,5.538764466378765,8.356395032516772,-5.908664902190738,10.623320947648176,12.704650533886811
3.978901281797542,5.584949152441829,6.965681299973594,-4.451794284757239,12.427663086028215,16.622897908949888
6.42197697033815,8.121805427666843,13.663389021670074,-5.449599160788943,14.82980863184457,21.286696879395034
4.622482118825905,6.5286167868281435,10.92884779929732,-7.709922021083797,10.502400875871604,14.788607323981797
6.516741897756055,5.698788555978612,10.886927116933302,-7.130387651768245,17.88769786040854,16.05662891330527
4.379128217552784,5.304689965288323,10.720885467374625,-9.521700591757337,13.017359844490151,12.856012329834062
6.589010761726074,5.6988006972366,12.551838838305711,-5.1573214459716175,15.86246923590297,17.050963863142076
4.955201363028457,6.2812612898262525,10.870203173111008,-9.931466943454966,12.837640184670077,14.111167008993647
5.09228099218841,6.377648019964065,9.090465649753252,-5.5424768786019545,13.975608946023636,15.649560346808732
6.746446700933169,9.08197897572285,15.749577750571405,-5.598585688948689,14.883235755482993,23.445119312175866
4.455942531919562,6.933576924640683,12.017405744880268,-6.450767585039654,12.912551486549363,16.045561849988555
3.9333948696651726,5.42616991791754,9.825285805092864,-8.71236811806527,11.911372320936415,13.237697024207982
4.37344802000372,5.163086942606821,10.465844368351709,-7.414663022605386,12.393724289503142,11.327380463980377
5.309603365268446,7.084764477814184,10.95713513621212,-7.2570029928954485,13.54898227822359,17.841830803192767
3.438437417082759,4.200519779758445,9.901615648029845,-8.894130302956873,10.60238689635024,10.683321811280788
5.525521005391481,6.814128353948132,10.992774335788654,-5.936040147513466,14.788436326555647,17.70178703100471
4.289327338866382,6.56546365582715,11.71338816859495,-8.441038282034679,10.87843720582498,15.356054495158064
6.167263862316649,6.899492516327226,10.73011218852698,-5.00422931019291,13.20640809763941,18.070178566624975
2.8766859890948426,4.972364628337344,7.478090631292663,-6.6749061977844235,9.635613260949057,11.062460784883354
4.066485911678387,6.033887280370689,11.771867611102852,-7.982521321964694,12.045347295009527,13.8258721621381
3.350227286690954,3.6854354695601326,7.019356665100449,-3.7179095250853527,10.357921063554405,11.833160652153504
4.031907267586106,6.295801395803506,11.360852341758562,-7.618643841141522,11.655308995167331,14.25262710958783
5.0807131780550465,7.069279523426552,12.209283712526116,-5.181414211822439,12.451214804950997,16.28514674902905
4.634557435818627,6.026483323191284,10.47195197905313,-8.456402326402609,13.313124511208795,14.084085129620167
4.5611548358654925,5.08883137783784,10.876146331577923,-9.269611691288212,12.658554740983291,12.840457011372377
4.654598922748502,5.085392904172932,9.326086816090726,-7.73095344178412,12.157863960790586,12.865277334046771
5.032508463657921,5.784845886754899,8.763598817920963,-4.712893894741681,12.495609290720871,15.97368286855065
3.8767164204412663,5.7093108837332265,8.988404295173446,-6.428643481213108,12.884244547609818,14.288245099165215
5.608677446025007,5.943052278623609,11.602151631095932,-6.598208774725759,12.447308549838004,16.489382653443666
5.555575943067544,7.283088191687414,12.876309282280966,-7.703912362828195,14.358334306193074,19.59904586043164
5.233227247694117,5.281471718815725,8.545017726936289,-4.121995149389927,11.544258238031698,15.89703231196267
5.430067277214597,6.5159986927757485,10.847535076501831,-8.034655652058657,13.740458362080252,15.57696043882207
5.134323433563587,6.5339711881375955,10.838214837334615,-5.95328102659472,12.649392641234792,15.282263383002364
7.465441045619304,11.20057119067822,16.18448621234497,-1.4031572998722512,14.035662188615445,25.782066599195723
4.727407891817215,4.640092236296848,7.743683526215999,-3.868689870297245,12.705378299233388,13.1543550021447
4.508718184179883,7.270732750670017,11.231784136935172,-7.077716877049877,11.46135344226167,15.735652976558447
4.0955147539339904,5.535357167921271,9.000327385056373,-7.235397135052288,9.299145955026995,12.664550518462363
3.856963110776432,5.558135028792395,10.386939045395962,-10.36498376324408,12.182555350728082,12.230508068249227
