a,c,b,d
-0.12182388148769023,-0.07705812778566497,4.77717316660793,0.6698616888967908
-0.5558634579022823,0.55174965196101,4.330061017680546,-0.5822212018441627
-0.3566913840585801,-0.35934863253585253,4.619208177792724,1.8456654827698311
-0.7986255424246492,0.38675324594033383,4.972782385105672,0.11153498914454446
0.026564149240541065,-0.17594198455757956,3.9291350539589445,-2.579669199056286
-0.6161677197005472,1.286063779924522,4.9414279054462185,-0.4327045646538624
0.5855425205420421,0.23185374311620394,6.042450672590885,2.2978176100155103
-0.35946857465874366,-1.403739724110971,2.5589644788639014,-2.012260764206315
-0.3539570639393583,-0.48709572068247553,4.567157995338876,-0.3851663892095034
1.5372530042019914,-1.2634988835876904,3.2108374824079307,-2.266928353355028
-0.7257195225520553,0.5394065039587306,4.186095158749512,-0.3898543886165815
-1.5679158879454647,0.7863484934754852,5.414174983633452,0.3784847693218514
0.36621519240744776,0.2571902606811787,6.856481433670938,0.856061678598302
-2.077868511409373,-0.5052142568451553,3.5683505592787217,-1.9142311741818019
0.26437863582572063,-1.138835147550651,3.560265504041148,-1.2208732693690152
0.9817201418926419,-0.04624580989987505,5.546852352903459,1.8455490138834685
0.0701150307541132,-0.6666211354553445,3.1169387823419146,-0.7587335859431054
0.009275074296206387,0.9299550796627631,5.629013648428807,1.598351051985974
-2.050609352249554,-0.39000109621469126,2.9751089174248007,-1.394084962873857
0.5553036855587886,0.4569445904142489,3.7201167574123084,-1.2971027840339902
0.39629256724661155,-0.47977295765214445,5.92294364623767,2.0514393901470984
-1.171997758374501,1.0938323900260782,4.847154277666438,-0.631381297622351
1.9131707472462032,-1.0158219762259706,3.576920480575492,-2.2859439930282646
-1.2240162007402255,-0.35487329748933516,3.400167849282956,-1.7049903465280953
-1.679290361717149,0.5801127995685185,3.5406252749798766,-0.12671348468408206
-1.8110577699106647,1.6761776233097645,5.2038468589253934,-0.5089026276246844
0.02597090732105973,-1.431325752363569,0.4445199742751984,-4.966244167608343
0.33787125014709696,-1.271382584961192,3.7381855085285265,0.2645251470645007
0.44097391093464255,0.47024186552249186,3.4818966642418285,-0.9265510317043176
-0.3373599782154893,1.5795181348482883,3.9751409901163743,-0.13750937943206387
-0.8126750220358617,0.8401173124975979,6.3267158306610405,1.2965183915576384
0.8427645820080417,0.7164403256393284,6.165582286420195,3.232885833407072
-0.8975853865617808,-1.0669501905496,1.9064601839070248,-2.489900477444922
-1.2098402059798323,0.26194831708127286,5.514079195166602,1.7899653718093678
1.4013156674932132,0.5110509879343542,5.97940627313118,1.0918151873339113
0.1775715081428498,0.21274698010187362,4.696091551737042,-0.8793384903286388
0.4712898953909813,0.3043553712341252,4.86600596739894,-0.20831474890964297
0.6258407046445027,0.7538708738151534,4.500609049935292,-0.4606945243927716
-0.5717971089993171,-2.4350623337606,1.5943271078348675,-2.8666587405595174
-0.5328625860015204,-2.037213067756645,4.6699191918829595,-1.6133192743781952
0.6405816830656459,-1.1896467622111373,3.526631989962171,-2.5170997415407346
-0.6171512238777086,0.0864060464559192,3.6900638295407964,0.22157643238343883
0.3360206914446697,-0.38939181072930323,4.810169656779791,-0.3927362146645501
-0.08945955292809644,-1.3335417717923606,3.494381306795306,-1.9773765681923945
-1.1942715158413304,1.6200014567046792,4.642109091770719,-1.8086681513981682
0.9663907689328148,-0.20765337431435324,4.307296637303442,0.8985413523416466
-1.2893619498023041,0.19640845783570648,3.1276090883992653,-1.1819333219865786
0.23296344452977213,0.9340146439147544,7.330466216330194,2.3869040909977115
0.06698467909483406,2.12996672621398,7.123548066041381,2.4816925464190898
1.2666112172939297,-0.059372598468860026,3.9268258573715964,1.4839810327415295
-1.1196252235034803,0.1853817523545074,4.333363965693588,-0.2052779749743302
-0.5431967015635717,-1.2452923148119632,4.671630959013039,-1.5416217101324403
-0.10030654480682887,-0.04775016472006895,4.7627957049611265,-0.37369781202169255
0.1808470634830872,-1.2606549549434172,3.434813114145533,-0.6983771494153357
0.8684571437377585,-0.4534506986361352,4.734971324226343,0.3741005987077288
0.31109857969145777,0.7620356358032825,4.340066099357091,-2.520707558458592
0.024860582209951868,0.35773127831167434,5.416326148684809,0.9780563662242598
1.0283377898533,0.9473527885598177,4.563412100029322,-0.47558250075413466
2.0960635427113052,0.2512758510796099,5.898262428210484,0.531552573793211
-1.3555250416058353,1.165534522499248,6.612592598721848,1.5960415497884273
-0.0057465866492687,-0.9823053388680124,3.4734209140053838,-1.4269087741661532
0.7596398959857404,1.216565807433494,6.5630211098213005,0.9665667733883212
0.08574265591638133,-0.5720015398579555,3.388128588914927,-2.158442845514224
1.434637767050995,-0.37748413222627136,5.081869381762865,1.0628934776399057
-0.3341724146117992,-0.31302722349810824,3.135376227280709,-1.781336176407411
-1.0140036793194538,1.831828481505509,3.4176732489423256,-0.9519260503179953
0.8705107298823132,-0.7553158997673116,4.280421557747814,-0.6806003202250654
-2.7728996599739193,0.48123808973857846,4.663721688760757,-2.5868846254283193
-0.47575879719182934,0.4184362650713393,4.439281560649936,0.6183262349780789
2.36607960901164,0.09712006199088688,4.761292776871193,-0.306249434584033
0.02624358907410097,-0.7905883322918046,3.6883879347801654,-1.447839703903976
0.3577642351124069,-1.1461767692012084,4.049263210482661,-0.2848353211538176
-0.9516060778809193,-1.1521797447713973,4.614904617730086,-1.0022549612344827
-0.023186860180478774,1.0871083938613049,6.488677758798728,1.5978777019320738
-0.14219884196820579,-0.7912207865487701,4.383953400421063,-0.6622268157187969
1.858336434049549,-1.2125718372322847,3.232742593011053,-1.0982587660534104
-1.0100823426203576,0.9539627952352223,4.483186730733862,-1.7352377584367769
-2.761763646265384,0.61304184566186,1.655056998398051,-3.885809547981806
0.4066511241407723,-0.03760168452016572,4.487465354832307,0.7741494054772062
1.550015809542123,-0.5327630614277886,4.790537653690112,3.3153601107914032
-0.6886655550322025,-2.7411961077757008,3.440373167314985,-2.9544633468665995
-1.8235293939751167,-0.7875715967331114,0.20745177198941134,-7.050185750358342
-1.0728218474987572,-0.1810922813868478,3.646350996184671,0.8428707042107615
0.43356964035969375,-1.0844318038984653,2.2405775444394083,-2.955940226638123
-0.5622586293512026,-1.083017358652772,3.1828466872174523,-1.9550860137830266
0.04237709392178627,2.044592830797293,5.761174631735494,1.3772971334501471
-2.357516570426851,-1.7179543222859397,4.365499606782748,0.48734857677493304
-0.5203630365332101,0.2813065680964333,5.9785373323604505,0.23938397251653898
0.7882662526884918,-0.8170990119409387,4.240271268376064,-2.071649524626418
-0.26466035739621024,0.17296365012558418,4.730246411764987,-1.5522476772521352
-1.0240422774797586,-1.2348256250013476,0.6831601865510284,-4.926142391160084
1.0519296629443424,1.1758352235148224,6.049374507526613,0.28944714206096744
0.9869784880440138,-0.35812068631550775,4.126126247746455,-1.1405068742118682
-0.4654051445207344,1.6865730326495951,6.688084380217765,1.6220985662203453
-0.7418328877444189,1.345130987638051,4.8282767339216495,0.43088315186884946
1.2780618028493278,-0.9340949234648162,2.999301681271338,-1.6811793214344257
-0.549928463523314,-1.0324592853589927,4.502257489685334,-1.4808742333809164
-0.16336234778109804,-1.3350959309054247,2.5397656729892906,-1.8692657583136314
1.8009671141578782,-1.0199147705833032,4.426041105483029,-1.619719011132622
0.1868602307111495,1.2080158960501202,6.353809148473584,2.3755647308863694
-0.4954204874742692,1.6068663803359182,7.850443941499545,4.402417257854002
-1.9764129934395427,-0.6154193383769261,3.313953445728371,0.9632134410813036
0.035406474307321224,1.0706443192492319,5.858747911867513,2.035540377658581
-0.08659043329209744,-0.07173783163340065,5.384513106725594,2.066526130651954
-0.6238414485498894,-0.2932702569523467,5.266187702804175,1.3439761696331414
0.9255470441834703,-0.16687385024239768,3.798188099300729,-0.09302124164614878
-1.2914136526460958,0.7743040154776809,4.987065722753461,0.9769358611415958
-1.5828763924013085,-2.032183845798558,3.484457804241212,-2.0143271973411716
-0.7881645517600848,-0.3864991181785988,2.427593443135044,-3.031534344615147
-0.05441165846795849,-0.6338786469579957,4.533868452927636,-1.7521184727515182
-1.529939674443686,0.8036869347621592,1.4058220271331652,-4.024728302117853
-1.2086704953591816,0.7340179136500198,4.763775739272001,0.6056663489682388
-0.8781133109646749,1.0021879302121177,4.662845917389207,2.3455693154890778
-0.09118537353999447,0.632738843975487,5.643703961513479,1.6080426883057348
-0.7701676600046098,0.3500110064229144,4.868807797844397,0.5990325814235561
0.9064564536272023,-0.8287439113074684,3.9979984475315606,-0.6108610516846258
-2.2882827318596215,0.2566145297404632,4.923988919761568,1.4252810794084863
0.3205952444740153,-0.3763549848542749,3.703787885594844,-1.095220594235844
-0.6827162254252406,-0.5305908435698022,2.741893811935334,-2.4308422948748873
0.3731579492310446,-2.2346942180698903,0.8784982981182592,-4.1592464670069935
1.8834346815045002,1.0808992381936662,6.336953837148634,0.5762415595264645
-0.16320703731671754,-0.978452280267093,5.738078548576778,0.8270981744134168
0.10310136676226621,-0.0365934639412912,5.216735028213103,0.911805484482034
0.7419676151813785,1.8987884088173301,6.777592636976751,2.3657945978523536
-1.42079829075312,0.9077801570811336,2.862622130500347,-1.7938182103171363
0.568359759884237,-0.4735704008530504,5.364990447825143,0.11862744695567501
0.7223551976716976,2.512911374778421,8.629754477204873,3.7864671284721303
-0.22856286932650932,1.0508510629908188,4.898841798215048,0.5319080658572202
0.5612705611847701,-0.8404424982386236,2.808523809218313,-2.4310893546848584
0.03691384056498004,-0.455684981410891,2.588119837766696,-3.120752264946934
-0.8545726205787063,1.0507390071281655,3.65866623769748,-0.8698704556734184
-1.4058407168750757,0.8514031570098232,5.144858504929344,1.413984091813945
0.8899444416950228,0.4157851627110948,6.190295489401121,1.6254385054595153
1.6896193626278964,-1.2057063859499582,4.333100476304631,0.8682983871762886
-0.8768210203581089,-0.08963317467683748,5.729108158371067,0.8550112523884684
0.2783282106077907,0.8604402863951394,5.432193784585676,1.7569482613727043
-1.303200469868726,1.9161856602767249,5.569221754605003,2.5054152828497416
-0.5589523163337516,0.17284442949457027,4.1692994681195765,-0.9744842110990195
-0.5835057700671765,-0.18890149999279804,4.062284721287551,-1.1344796106431927
-1.2265107247776208,-0.209276447354302,6.124863219611322,1.492136130729938
-0.16090882508470317,0.5231194453293639,5.590815458989177,-0.6780717612313325
0.9061158492471226,-1.811607036980483,3.9395406248902134,-2.439641181778473
0.47554928063278684,-0.3984165217601749,5.897855516387961,2.2399041881708723
-0.6005617651606207,-0.1184416464373537,3.450626514054039,-1.379641127477919
1.3397253445978912,0.36674769609432006,7.683257393698684,4.152452337414612
0.13721146570310253,-0.060921880520210095,3.5836279325055234,-2.1902760998307524
1.721513108519485,-0.2417356445998195,5.701207687427897,-0.5659912866877943
-1.3855865214164456,-0.4971436914748793,5.081428551791474,1.210479651295239
2.9395444609609154,0.08136333231973684,5.86544308823089,1.9211389658670492
-0.2535962008033127,0.5345335209916396,5.546197582432172,-0.22599233458829626
-1.2589082602629236,0.39197985664397067,4.092234939145429,-0.2318933750471786
-1.1424062960027457,0.9996478368884123,4.631562448251573,0.69576035649525
0.8577532564213768,-0.4141857300757899,4.6803013432813625,0.6477904787311525
0.8306096888663499,0.6225354786019006,5.135609983869718,0.251670728523233
0.7384529600620714,-1.5199633807527906,3.2735507767457026,-1.7550780868722602
0.5351732085767416,-0.3216115808277043,4.725802521736808,-1.2404793616941294
-1.200401318264966,1.43569692935135,6.14962592702534,1.8272876082091416
-0.21633175800131196,-0.880482785124735,3.805460511669316,-0.5123288884735837
-2.3846636910599472,0.7157102422666715,3.2677186352374363,-2.3055193820727133
-0.9456061464799821,-0.6216526602956048,3.508252377506948,-0.9797934704358369
0.6001058952742833,0.13917662612159293,4.196004466154375,-1.4446895200493401
-1.947429783761563,-1.5311734120716585,2.710626184426072,-2.4597439705960173
2.3082018240216073,1.7764100341124418,7.740315588367334,4.687713176526266
1.2014718372503344,1.5255804224124732,6.909566694307181,1.3762284054248157
-1.2092202357160868,-0.7069877630664487,3.619604112474461,-1.3803275219760351
0.6629740748829978,-1.0094744454248603,4.252900718319051,-0.06988617320922041
0.4955090098745685,-1.6018498150928215,2.5595153494554834,-3.0296402558110174
-0.198025340901164,0.24506393580708005,6.3129147185799335,2.335764815828644
0.5313517116655844,0.22730637483972654,6.106600308214482,-0.1753078967056898
-0.32428278770778995,0.6028292662177632,4.2758152878322075,-0.8875747103705749
-0.07539493340177854,0.4679868821596149,4.823982638715495,0.6860828669142436
0.49510012329116837,-0.9569804652255717,4.265797711364477,0.6519673259105567
0.4296355065603053,1.1062860490368849,6.18381887068501,2.8961001051982658
0.29148490003933364,1.5985588147157375,6.1851957016217725,1.8219262863909569
0.31261437078136045,-0.2801747599093085,3.274824070056596,-1.1351593506809678
0.9380107761845156,-0.5585685990144752,5.385194390147321,1.803611073723583
0.7631500157515965,-0.1910916678731864,5.127952982007071,0.7581319037300058
-1.2063119221129543,-0.3600596061027046,3.4971087788672968,0.20132725412356178
-0.7742786533171364,0.9042751987998058,4.7618667279573526,-0.5851631920686099
1.4480451944715218,0.9369707153210407,4.94819384425907,-0.9402982423617072
1.551163321332261,0.6514820687842333,4.097114308681002,-1.242966896855433
0.5475131874532551,-0.28015440945951126,4.556860058008179,0.5152866297539889
-0.2821247786501622,0.0783432744360217,6.090727565900727,0.3687359099436166
0.8151402882011065,1.0498142464418447,6.800212528347481,1.7462456771536878
0.6775242001603649,0.6575080780975089,5.641953570127811,0.9863660431076754
-1.5501225854088811,0.2429865402845157,5.206428745948815,-0.3848498030985972
0.06604825287873943,0.3784550717649541,4.943514647256896,-1.1433476900865691
-1.4017312084119578,1.1759875889722669,3.714379729598176,-2.410218572380894
-0.4604503630738136,-0.33912428803319405,2.06982254986258,-2.5708648143788677
0.03156856849625542,-0.9916170305165253,4.6930613816809394,-0.7038794694192635
1.7203665787911053,-0.3188986809773735,3.777732649130259,-0.8986421056283206
-2.1164952432124102,1.9262373283365497,6.435798527449897,1.0392461173022631
-0.35640684103710296,-0.767566576452065,3.599821652461529,-0.9709421710794266
0.6824882834082512,1.2540245422390512,6.4299208205836935,1.5444507566421342
0.6673679848832995,-1.0712262930845153,3.704460526776988,-0.45242217456491585
0.8509934901831787,0.0627512637667881,6.506314501759115,3.2702152270624762
-0.993663820846721,0.6972874103322145,5.028381262092376,-0.6867228647114474
-0.12922402664750016,-0.3471737515578022,3.8980615244747714,-2.1037784484821227
-0.46256227181904747,-0.6067963170641433,4.704719437744715,0.7081609695483476
1.3102687392427068,0.44187971235107404,6.569754414716095,2.117259308842299
-0.1377917909866027,-1.010372152467057,3.8618176753228637,1.1203514621910635
0.01806208257718864,1.1170993547270396,5.068033504438862,-1.094727112241628
0.19104657491013544,-0.5605606781040906,2.1119036646123925,-4.04554419463952
-1.3094491342557666,0.5190281128112105,5.015433906598268,1.3174786860103909
0.5175983776765707,-0.5593774352037553,3.6683876217376983,-1.1500657323007004
-1.1053851666119574,-0.09251299672221241,3.681011083117455,-0.9058056727074422
0.18315619108900397,-0.11283052779280822,4.954680026018503,-0.5479620218509291
-0.7254768742758381,1.009926215707908,5.692584115331471,0.35885205989188895
1.1982847581234326,0.6140658457623333,7.45954599553125,3.0279901725732614
0.03789967674344184,-1.1257479895799132,3.445975824956856,-0.9756346000528731
1.9309454166098983,-1.417956238699548,2.725465634013287,-1.9449285162014658
-2.2340016090159867,-1.154079350081331,3.564041072588399,-0.1115210701738436
1.3723385332046054,-0.8143371275389509,5.8665033719230175,0.534432770555347
0.8599913664544507,1.0715068068904183,6.073408831674731,1.4889339076933428
0.29253303047899154,0.18190917749935798,3.051367215765196,-1.2353412259822636
2.2072121862196292,1.1152049631864027,5.390188308586726,0.17699417202043183
-1.4280618480680547,-0.7715412872300708,3.680161023047799,-2.638204248182805
0.21258281854545,-0.264253137080082,6.442664378348134,2.700823317782368
1.247215502700072,-0.42758370586275496,5.46177561736994,2.746873235316073
0.607197538101851,-1.5311267907454247,4.288824787127269,2.194226221551938
-0.378531536891439,1.2200845983412547,5.880600611780681,1.4790426690101195
0.6479513724507354,-1.073314827347126,1.6622787404400388,-3.715754728919435
-0.41522164810469003,-1.2297256913164267,3.4518128268721675,-0.5799430377682105
-0.3407470939188769,0.30845255201723715,4.396667481191911,1.133745066007568
-0.6620199494826718,1.0433807386410652,3.460723810851351,-1.4058627344870012
1.054259827427831,0.8173388962354986,6.161448908822044,1.7311705185642081
0.3121424473561126,0.5239142143659692,5.504739148972546,-0.035968267204277704
2.5164369153714685,1.534018089122508,6.637104413028756,2.9280574537040502
0.8469467508553772,-0.587099894638308,4.350511046350768,-0.46786324386513867
-1.4834137084873917,-1.6699663520761647,3.4083311368203852,-2.4517577102866905
0.8025632479008408,0.5605949790218266,3.6785184629015717,-0.3372947454896683
-1.0888036841960937,-0.3419576175769094,3.726112370906542,-0.826892271885131
-0.27617076668465573,0.6398231803993638,3.8234599593200405,0.10081255552769597
0.141135073310704,1.9235791599887408,6.995786803975,1.966686329507406
-1.0903810701019179,1.0850703879079404,3.2793845400791772,-1.0443253804677866
-0.5054087078899074,0.3534060194686834,5.114496576447917,0.36094247190801154
-0.6738417274729147,-0.5409907547402812,3.485628281500908,-1.945979056108185
0.14091388037417163,1.1261489192298755,5.053740143886795,-0.6698486215190269
-0.07351671562569011,1.0905857040063334,6.389281091240787,1.7159246503886993
-0.10417802988263843,0.8371157437475147,6.520960003387223,1.2474536283387978
1.7063213243369049,0.2894197653885178,6.412466179074565,1.0677190193490138
0.5424521158878862,-0.8702404842852206,3.9048690309736798,-0.3559326147756252
0.4329860903627555,0.3080299066356435,6.989514506461066,0.7391865605603354
1.097299054781602,1.308265924155607,5.886489549178115,1.6628711255075896
1.8622811616029218,-0.6576447187281727,5.424075274608266,0.11317961549558897
1.3982452708252306,0.6728256432633102,5.494737065663336,3.1859448979366487
-1.0550459975049262,2.053058533608323,4.768281930781592,1.0762815346883265
0.528129532182301,0.7262754413598643,5.794820376217155,1.8598687274617616
0.7738372190883718,0.6604263185684998,4.979457146487749,0.24662628552165977
0.9636933961213732,0.22201632741449753,5.5745388646296625,-0.05243682869379407
-0.1411011266366293,0.803876580795742,6.626124372914188,1.713227746223447
0.07199166872521738,3.143601211693461,8.645268684448581,4.178145982711621
-0.8861479035047187,-0.6768108360847217,4.670044335463895,0.847973399728321
-0.3685474725751162,-0.6280800826127865,5.604658670311836,1.0047140274225246
-1.1664094737795516,0.37881057948887414,3.907459192878318,-1.211202535605992
1.2740064530975634,-0.9434313162569986,3.586622271435045,-1.6275213231464822
-0.5194709410727515,-0.7660344349531975,4.766662461894038,0.018320197537634114
-0.9326830231032831,-0.9312746211889182,4.182599583172234,-1.5864829027190432
0.29533763342676633,0.05502048844001784,3.992944482586064,-1.0641826887351242
0.10678128737554075,-1.9990680268536838,1.8714784784675491,-1.6790739513457105
-0.6862569008373571,-0.6613089727397856,3.796405389214288,-1.3655257613871457
0.37664238732476,-1.1296374498573918,5.172335139404472,0.9748313735330718
-0.6261906658513405,-0.39749976409128257,3.0110563177542886,-2.452650063965164
0.5099687328907554,0.47092164710544815,4.487804076247772,1.6066681636215008
-0.02700581038460855,0.4666490361808073,4.330387745317322,-0.8450080518590719
0.21739984503219362,0.10465105597857555,2.8023807280704682,-2.198057864802076
-0.3810585382489008,0.5559921374119555,6.368863020594577,1.0122526373875185
-0.6694474312064037,-0.29589455887723537,4.8674564054800955,-1.0922917130661252
0.2550680734989403,-0.07669358361823657,3.6955780869222177,0.7328086087071919
-1.5711667869189898,-0.7573899243991514,3.6447050717951814,-2.5024750672377385
1.384740099119372,0.15197463829410413,5.75945527404503,2.5873830266953384
-0.4556908969136663,-0.3365530213902859,4.0873890016628724,-1.0861325432494227
2.0766775642877593,-1.6676329614904302,2.4001437833106847,-2.401904165959558
0.671797021075242,0.02407322846407,6.2803708870022,2.926153947691242
-0.09297751691161404,2.247947084571326,6.557650834538167,1.985833534943031
-0.6028945815555102,-1.5662908183068371,3.9380546278323028,-2.4340835641913694
0.5192105717488484,0.06504174083674949,3.5368633924543067,-1.118821536557728
0.46277507692170955,-1.7903180171894546,1.0375846288912898,-3.1445825764953548
0.43113261764955124,1.559009582039146,7.158145228120739,1.50390746777049
0.8396090227586288,1.8695151797863863,5.026013998154953,-0.5413884590134399
0.12075815010648003,1.0769223605587515,5.787621252109876,0.2948132937450596
1.145038437907148,1.4847362664265116,5.446895770147982,-0.4640406534375312
-0.7671528189303864,-0.17948307343192843,4.542754979243231,-1.1985343386603997
-0.20343838848400828,-0.6948310174490747,2.513296064455119,-1.2452811372992811
0.6195155255802256,-1.3603916370186022,4.028491908543514,-1.4051254935592468
-0.780031091976544,-0.059826812628119674,6.538762802892741,3.5219825423838635
0.04339888367096512,0.8952799854257307,5.411029827964664,0.727504763847919
1.5349925170224734,0.43946872462528863,6.9143719956900505,2.69678684287908
0.10570439160255012,-0.23599900446566197,5.888775336452238,0.2629681280215215
-0.46951929495535444,1.6867742510062207,5.555812707329611,-0.23364608520721208
1.1293766978437971,-1.286850143941733,4.454407808437333,-1.4386492347795083
-1.1359763114796235,-0.8348576555303332,3.1465170295535607,-2.1286198411082085
-0.33158194119571,0.9359789483954448,4.913220946491526,1.3145671630593367
1.0658535129306093,-1.9089469030795445,3.814782890567456,-0.48330914083957677
-0.7700591950790759,-1.288960302707305,3.3130810758710023,-0.19732670249693873
0.2577850924311055,-0.13802941398213803,5.122169090855094,0.4502561203414306
-0.0698457477238752,0.601486824442564,4.739728806669564,-0.8306208176907369
1.567361857418077,0.6076739641439486,6.175377953197563,1.8668266943223917
-1.4218859205435128,1.1867431566497997,6.1591045129158815,1.8005950210030277
-0.5414602656522841,0.5269624459753551,5.01381484333472,0.059946900620630156
-0.3249481635961135,-0.9505405081459556,4.187241726672867,-0.5707479840347821
0.3737719148067307,-0.40727670123034215,2.299757362341931,-1.5881901814457353
0.5519408255530851,-0.46601947261251575,4.720722266265723,2.231063964684272
0.42343310643330717,0.8081745378477735,3.0150006729676657,-3.1742793556262185
1.419138514050265,0.6970392284858852,5.037627342557458,0.45926311166647293
0.6719740243022455,-0.45002180435599776,4.552844518949622,-2.062148173070616
-1.2809004408809674,-1.682005470049077,2.1402125305785904,-1.9488520062442203
-1.4450772860668792,0.17772946784586183,2.8581420304244007,-0.09812835170358447
-0.5374815442954671,-1.512081014810771,3.3683928971993287,-1.8970585678832417
-0.5256240257921971,-1.0815514868778011,4.37112645948037,-0.057768399114875135
-0.43677375060337237,0.1456549621224979,4.06434129890442,-0.51347634831095
1.048702408202802,0.23952630197167224,5.844687035580029,0.07422794596711302
-0.6312126741691892,-0.7710174865674185,5.1874978594147665,-0.06289141488736671
1.1090986359776396,0.0004152687717538776,4.3045214270169385,-1.107570406662683
1.1486974898743283,0.32423086545121704,4.471412337322395,-0.7396010976430283
0.031176661906884364,1.7343996635693304,7.993773350207322,1.7645144838574327
-0.5212129178074569,0.7254537938855685,6.565401372683766,2.260971950134621
1.288071003656983,-0.753034932758659,4.950829930780518,0.1963999161343576
-0.8457045949382983,-0.47365881196828236,2.145379496112481,-1.8482599759334222
0.4789268079432277,0.29167360324647423,7.334196763825389,3.8666030940700837
0.2725573204870592,0.803680022361143,5.4792654527402815,1.3457249018971353
1.2974969495878943,-0.03423430445473413,5.677217222785034,-0.5073692748232634
0.35885497175971715,-0.12565299502624294,4.5037741650120715,0.2135180628326686
0.021150742032654803,1.4152891323832528,5.549539073472667,2.027360562821074
1.055169838369879,0.01728626930253894,3.5244095102081947,0.5165208333901552
-0.380089972109003,-2.0023460279701566,1.3479856315852414,-2.7636977529535693
0.5624021171572643,2.734375008496215,6.503720651774055,1.7592454991187614
0.13273724755111255,-0.3510294017606666,3.4483128733315884,-3.1146548463649415
0.03486168071259834,-0.48603319271891937,2.7454894676356156,-0.947227542159562
-1.4824354022807713,0.34470229968322547,4.076183338550425,-0.4046253368649493
-0.004171815615342664,0.09951484829476655,5.4793038465893495,-0.9934843080973486
-1.010840939789875,0.8184104045500066,4.670190301184634,-1.3267195492390371
0.5300001014792087,0.0800505450039757,4.8305602669672565,-0.980695085569826
2.3697516518020088,0.6535492690021198,7.720202461880651,3.415903870619459
-0.22607606380716505,-0.7844509949208494,1.2448932066934701,-4.611362470682905
0.9164147568112588,-2.3427200976715357,2.885172107642424,-1.7996668550114368
1.00870225337923,0.36547957233707534,6.101340240739175,1.5913366728466842
-1.151974482849848,-1.057917683497093,3.2678588253399576,-1.1831268425579688
0.7081195970686851,-1.5841272711120253,1.2336751694652879,-3.4497325713245495
-0.3151938012409842,0.1409728023225828,3.785884175048768,-1.5458342027963519
-0.43983608931816015,0.11506578721267925,4.612747883418567,0.6140019384591732
0.820453573842574,0.47266236334161554,4.758171480494159,-0.9399888746490382
-0.5559180623876544,1.0480252814442397,5.77996648744668,0.6727361457000389
-0.5085630109098325,-0.1982756930945741,3.7552731404317963,-2.140402240905847
0.7580033195494729,-1.6257824825588338,2.162089616479429,-1.445342219910366
1.2898341448679984,0.7642096576068909,4.924106005365836,-1.0921686351606572
0.06653050683970729,0.5986250378145048,3.885152807595503,0.258090836063148
0.6672692007972113,-1.0807859955006431,3.6013413555812868,-0.18912862922168516
-1.41847651241114,1.8725799662432685,6.522711692152419,2.4529869390783907
-0.10151807138455109,-0.8254682159741884,3.3648045887882803,-1.3334708102439166
0.4469237221098548,0.9981333051236971,6.008195389443168,1.4057189305974707
-0.8430501398490934,0.6906165182119209,4.369862878392063,-1.0575460239558465
0.6445439518773701,-1.0161014866241258,3.8425980097386225,-3.080006413966748
0.28212910047100415,-0.49197472398991543,4.245808063126414,0.17554656901950494
0.2858833905891918,0.6007152568954238,3.5068025906816103,-0.35731933352498746
1.185017754293034,1.0384545668429177,6.926702692897715,2.30289079149114
1.2655064487383478,-0.7079177097681001,5.6011562249795315,0.5346352328914711
-1.2153466392847267,-0.65464077582314,2.6757354061429797,-4.102246744704812
-0.6552506374593475,-1.2848137605466141,2.4072966389683863,-1.3801489009959862
0.5383467692384967,1.2795542965238087,5.487278389266245,-0.2530946005465585
-0.30107630805670316,0.8853292118467245,3.829158577169338,-0.8546633847885847
1.9901391106322228,-0.12275205890364388,4.019140794657769,-1.4344417202395348
1.1058590992399453,-1.2942718001580875,3.159042174117787,-2.409611581417624
-0.8206589408551266,-0.17929748394703351,2.4538520121655125,-1.1092361679868439
-0.7560202096038663,-0.012974015102935551,3.3446056271914975,-1.8695189347420893
-1.2654440853552495,0.4697212562660085,5.402856730045887,0.8699799091237423
0.37140889227276375,-1.8189817436249704,2.655239640754109,-1.587118035155735
-0.6052727910891746,0.7000770395380732,4.333014578358298,-1.8406604060015974
-0.6758592861022096,-0.28710894907752427,3.7908573181836966,-1.5431926951627046
-1.2653410882988532,0.9712028635713423,6.621740151280168,1.9077032820525257
0.8897148119970517,0.5474992806513871,6.084275281084399,0.8906111175572047
-0.7469561739715275,-1.0313485237271054,1.5680052326236447,-3.817009196220202
-0.905830245760958,-0.009285307890011295,4.541849972156463,-1.3709899353798936
-1.886475210788988,-0.4970257458355788,3.713167546325944,-1.4811816837029208
0.4047553694405423,0.1772327653184838,3.291693517490435,-1.9268591112303661
0.23043542036620523,-0.8323125035225357,4.85765951257539,0.4138173341451725
0.7312358941629121,-0.47079860943787327,4.245269039082663,0.670323188453914
1.4355083232727985,-0.4970121866497917,3.445863549026006,0.11263804612477646
0.20713375767440378,-1.811453198141425,2.776677005114004,1.2287274418086818
-0.34434811242514946,0.4477362749341688,3.5715454890364793,0.2951934347578937
-1.6037823308549553,1.8671958847506194,6.301742580909271,1.4670647145368843
0.10765611478628605,-0.4288300171263385,3.618258028678725,0.20197082178647974
0.35253229335396485,0.41875316850976524,4.279203152982181,1.1246866146182182
0.25702392343992153,-0.41257773357677935,3.385663760571844,-0.6970165377223454
-1.9473343190393224,-2.4837824075347164,1.6258025903041764,-3.96976890242101
1.2354574916025496,-0.9822013218819924,4.274284717212472,0.39223906835512723
0.6211648700272079,1.6044433409018768,5.341476720460831,0.6421326693922087
-0.38989163139276983,2.190038677715125,4.246250440940056,-3.1757920689348453
-0.2841491410620493,-0.011112086454634736,3.683634048726864,-0.6861541243761904
-1.9202481241946172,-0.841035281487907,2.6166119357815325,-1.6523601710094884
0.3231218010481889,0.7919454417431442,5.529649867277245,0.9111356390173042
-0.34349389678150366,-0.9389298664169798,3.1797666379186404,-1.4136646528309016
-1.1304130983967469,0.28208312831939775,4.602980292981839,-0.10441996920362503
1.974232377180086,0.008200566871647757,6.162809394259778,1.3646567637593048
1.5448740435904276,-0.77906722515134,3.6277463944172994,0.8410990676718471
0.7238759070559383,0.5918485955211779,4.919048863810765,-1.498920179023558
-0.02110657370657157,-0.0650075883185115,3.9621416323681036,-0.5713235223707025
-1.2412753647340078,1.7416169919459585,5.146346504740901,0.6479238836885703
-0.019198865269160332,1.1260188473022912,5.907673181612006,1.2535098184071094
0.46986388122599015,0.0769541976564905,5.067312944764613,0.9739061765376489
-0.10832037710381609,-1.2938629644466824,4.783182205623081,0.614374063832224
-0.03526426474401592,-0.9852269400354854,4.071407442819078,-1.489767105962113
0.18669651455674446,1.0564039562398222,5.446773972355012,-0.17410125594301995
-1.1436364997029824,0.7993819531510318,3.501294921624132,-1.408541105118237
0.8206507067258567,-1.1300226665192825,4.824451031149356,-0.4187452298610758
1.0070949475046054,0.05069808200642415,4.564164446667193,0.5832665036678051
-0.4301830518281966,-0.7718801234652518,3.6717229185525695,-1.830439572878869
-0.6943542642478197,-1.142060455566693,5.727460712527892,0.5755580266580185
2.1208310224669535,-1.7130284931128978,3.2838753676411954,-1.5716119037456349
1.1412556248351933,-0.1409499480128222,5.390225265494224,0.5927520723988194
-2.3199520109902276,-0.05556024939405331,3.398801662550538,-0.7224510335896922
-0.10212771418096107,-0.4013045576315929,5.125501434419901,-1.1104304929522755
-1.0199848535223262,-1.2555162565143725,3.6247576650841693,-1.4455349590305269
-0.9117659779798447,0.2783273624295673,5.54104438744524,-0.4400031530346509
-0.6898592405024225,-0.5765014227214728,2.6121357979573867,-1.2468878678226711
0.04291468099847176,0.6811889436380779,5.6979594019144955,0.07511710634105362
-0.13190171258855415,0.21242542614008122,4.950287460806402,0.9515225203655755
-1.2948063811535262,-0.45767700438578035,4.127320055695809,-0.7257674461782594
-1.0862697314845238,0.9001459946954998,3.406464007625439,-0.5108781989367539
-2.060181566014477,-0.751794465497042,3.287294481155299,-1.542887914127317
-0.09036444106772928,-0.7011725885817429,4.133341121728156,0.15346909023561328
0.26839828651095043,0.05200484292591941,5.484216822417201,1.367381150640873
0.861137885963383,0.7333079436426793,6.554286163486063,1.40171789651909
0.9811378317472554,-0.1894423264718992,3.656334803799396,-1.2109260851014505
0.09847901155065533,0.11169779479339262,3.128492693010206,-1.7515683281655823
-0.40385799071442297,0.26562535439416385,6.481142523771913,3.0445508236261327
2.1402327193891235,-0.3254048522761045,4.296803197633527,1.2681067866232714
-0.9266030364543661,0.2542407163404557,5.78662220427701,1.5946966868570298
-1.356798720287458,0.2179363653085042,5.766350642722008,1.198215988239991
-0.46167113887090205,-1.6762840669132817,3.666075397887692,-1.8408947951100787
0.19456183364779014,1.299742678473408,7.065944430357347,1.3962134141583427
1.350053117663414,1.447719303996215,6.134335557474054,1.3965316678302218
-0.47298472358907045,0.15167829274032385,4.644055517056982,1.1192275394922904
-1.6206236844826747,1.036028249159148,5.769477417821201,-0.815445153244716
0.7332177803273593,0.14433619818014168,4.395906503767118,0.5566147485529922
-0.4517323517031473,0.7980797253268768,4.421155193148565,0.433903740718214
-1.0690223297746488,1.007669489281693,4.731214181820672,0.42252297252114596
-0.9127473779520334,-0.4008141750973185,2.0071097871016077,-3.154282677509321
0.13095340292340502,0.48040764456200263,5.680629414836544,0.47331284548978014
-1.7676436507262105,1.3948119400574261,5.182758370058882,-0.22383028154847928
1.4744680405993944,1.1051307821300353,7.632496798859453,-0.056814809503843655
-0.16959546551771515,1.5506151333644795,6.395689654172845,1.8368041713396397
0.04405962035919022,1.4766461616933961,7.680001852843458,4.521115547141557
1.0464228956474093,0.6259038318663265,6.505419395612163,2.030640163596428
-0.7506640625414507,-0.9039197626825596,3.9520666785959944,-1.7237929387295088
0.0585803456805668,0.6454834303173056,6.440915566426613,1.6485959808690211
-0.08871758293689884,0.9528501844354409,4.0903447710546335,0.8201366501934226
0.47698918267848217,0.8927079658860846,6.616968635102524,0.7182271958389685
2.442351512956595,-0.5464520722899925,4.83181561189513,-0.774237888065577
-1.1017592933715903,0.7883429650580916,3.773206890135472,-0.6383478838689902
-0.07236749992454078,-0.5127334673341813,2.85789047431599,-1.224780099227776
2.1126856844678112,0.7657971968386806,6.8421723721139,2.206289796989294
-0.9033886819160328,1.9650752648283327,6.346908498223169,0.16953994066252864
1.6119085064156429,-0.9122742631011128,3.789207085677995,-1.5681976724478048
0.07725691159483966,-0.36438565800285966,2.0487702932368825,-3.477896065843466
1.0282176418350832,0.10562719490314373,4.9315946758523115,-1.1316325147107589
0.5597047795343086,1.3270678843658883,6.536576964817792,0.0768202510792464
0.31701041473769603,3.311456860303611,6.718195774569569,1.432529936042152
-0.8924376729648258,0.5177169271905874,4.136061225687168,-1.516261893727104
-0.14918916095477025,0.13980633197595219,3.6500563265611485,-1.7434095030488823
0.6837552286904686,-0.12409958415947443,5.742534105010932,-0.5426027553326889
-0.38634980432095084,-1.8295069920031657,2.690669241595779,-2.0082994389366067
-1.0866663467080582,0.02150997144270378,3.769404544347301,-1.0051131095210613
-0.9823412294630043,0.1750607355823059,3.216230181151462,-2.6696457164831653
1.413398937920676,1.3979058116627563,8.21645663006861,2.9406867581995817
1.5955825955438594,-2.0522681740515596,2.4913147675231886,-2.894440674648849
-0.7194187818493606,-0.06322519940526575,5.092956644843657,1.6413748176785883
-0.0221924776536988,0.236195148434114,5.735987024459029,1.2587538574027246
1.2412448142865442,-1.2310580449483528,3.492089744165517,-0.5159039122660688
0.2922366095938927,1.2511909071805203,6.439415651450313,2.5823858466731626
0.0660058646169402,0.17881814944294064,4.700774222782258,0.8783556093059232
0.6171086076877786,0.611466484784743,4.4198573858324615,0.043311317338012356
-1.1087758030262194,-0.1458772082705872,3.221044512974172,-4.130917206389798
-0.6849214547382378,-0.32857885239164714,3.8751152852776634,-0.911646632530162
0.7650294357245845,-1.6153221153236477,4.4918132779080855,-0.013562500584869686
0.20128902733725393,0.7051966400156002,4.949225654858262,-0.7437532686035202
0.46228116872644603,1.0416021910658928,5.817804518927044,1.9591753409083412
0.0914747607264241,0.6067382936427057,6.0877967244028754,1.0680926811764782
-1.2907781479490994,-0.8091072556407017,4.404616116277616,-0.7550685960654122
0.4238476368216276,-0.6462461858397228,2.871189828928859,0.2414912770414097
1.2987734361633363,-1.2618541431085872,6.495856989537167,1.3963274761367273
0.516596132736983,-0.2253823970152319,5.505216071846484,1.3353192426168228
0.7332479172284545,1.4076850034825124,5.833090903360603,3.29257001217514
-0.9379262480262793,0.6566220550053532,5.261681149648293,1.4150571445617235
-0.24933977404008587,-0.6982907007696674,5.163939061657448,-0.47763664766562974
-0.453826275315285,-1.4735632181735916,2.2539312983548516,-4.174169590533269
-0.5050371587864727,0.25528147913804045,4.368527812068819,-2.165006059479164
-0.6189478848635087,0.46125392671568644,4.222773111084544,-0.12740139220059538
0.5931559241100901,-0.23163881435307443,3.1459471995179435,-1.1953593430308636
0.553531258741302,-0.35861125898795465,4.030818175278041,-1.1606078521976237
0.8461155719684416,-0.5389755085619476,4.120706612344217,-0.4602054417482726
1.8034384617586279,-0.23281057427703272,3.7715741792494852,-1.1779882354125863
0.17577272999221608,-0.9777384241545174,3.600122959932736,-1.2878769637874024
0.46927003678740353,0.2336121937668877,5.015391040643427,1.6389731992623613
0.18175314788049945,0.4127511442875016,4.665942472314201,-0.7420246033306597
-1.6122818589151047,0.2550363057751589,4.866584436310404,-0.9878187302722192
-1.0580105661610741,0.1218422269333752,3.147156933014628,-1.3498350736869906
0.4707056805773103,1.2971380572575302,6.477298068978487,3.7211804820273624
-0.437141464675605,-0.2764211399374042,0.719799249216265,-4.9056694066795705
-0.04911903933134915,0.01693001259214879,6.762441753887466,1.790964840917935
-1.4225701443150534,1.7628130876462922,5.720490130092023,0.4828453505781152
0.28946581448468073,-1.4209674598012159,2.779091564381365,-1.5789679454228296
-0.2948756959374504,-2.025644658629581,3.135589695257157,-1.7889694412014723
0.1884105024955541,0.5033683752471484,4.922843055513341,0.47290042302518104
0.19387747710327205,-0.2232632658932068,4.16965382322564,-1.4674687120714363
-1.6234675201544997,1.9080990829011644,5.764777788490917,0.8180628045224669
1.1037008105397497,0.9625605477211319,6.4459211440475634,-0.026453803509187912
-1.2645444083398867,0.7559243178104529,3.6707400864391873,-3.213151892380998
-0.2975785790035834,0.8119369839975095,5.93931376398014,0.759666280421468
-0.46076819388017914,-1.0235252993448696,2.9579309919191674,-1.6089282442798176
1.0341354600003758,0.09828009150551074,5.58454603428417,0.032479353392385946
0.11002511064358497,2.0503224086044876,5.672366139958055,2.1316771829950825
0.9641250685967201,-1.2520360135156314,2.5565524534467183,-2.476279876945364
0.2061449855011161,-0.042158526831286916,4.454771676209766,-0.8551108004359608
-0.021637297425890836,-1.0427297616909255,2.4656460553638944,-1.7818825221418144
-0.8039284152812162,0.6009312711311966,4.216615930713804,-0.3690644683641019
-0.4686290501164739,0.9133834556989022,6.027936732901781,0.21309462163181392
0.039823887517514305,-0.9339809213088641,4.382765462718834,-1.5831277771312873
0.25987811431618657,-0.013897934468781875,4.040710741071275,2.38344488119304
-0.6401952141174423,1.3488556610632343,5.347256528168658,1.6541759492507533
1.4107394301102836,0.08120652179406991,5.515718456957094,0.4003298919148093
0.3045172610594067,-1.0428162215139105,2.8615695730653252,-1.214140972563905
-1.1063040766640437,0.4502711773045019,2.868780231081116,-1.6694316931951598
1.4902573795519576,1.9537723303217083,5.902081704677,2.9372409362561864
-1.6819958103427453,-1.3823059635066235,3.702654317974429,-0.8733449147583303
0.3978745954057583,-0.4478706970758608,5.94898536476726,1.5138292868945746
-0.541132268905428,-0.2950704875447406,4.458523952343735,1.585813836592377
1.5766157426996203,0.5026881479738922,4.280472861662851,-1.8808377016844426
0.8385195924424974,0.2905030928713995,5.463093040674364,1.9457553295337282
-1.1624234720330822,0.5801788326137004,5.091510007712635,-1.2677581589709985
1.008820044498519,1.8543509982027995,7.1049660306438875,3.4053367121689484
-2.014866599817774,-0.05094159036175283,5.537215983514351,-1.09090363210136
0.8383592428327026,-0.8422914698122084,5.111703190275571,-0.034494538378442186
-0.04215892553906014,0.08469049198834643,5.893060086122633,0.970302522058366
-0.9069400248225659,1.502022992364492,4.978337186466453,0.5077404654775032
0.9850627727538989,-0.17866236136777758,4.43655542649233,-0.2512162694258737
0.7793011530249265,0.6710541547509336,5.5053468271096015,0.36301837078354826
0.1972033888135102,0.13959398061914965,5.590016313463798,-1.2795445974770825
0.29039297456566826,-0.18618997021917136,4.469348051821101,1.1839142063199954
0.4076736652094989,-0.411406955668337,5.058555096898598,-0.03557315755491963
-0.3498880106481805,0.904562141686948,6.346111910046632,1.6610386814608933
0.5646336313065202,-0.5107026496848822,4.683137710921374,-1.1552768319250588
-1.857847382726279,-0.20526300633199038,5.59402246225389,1.658129174391631
-3.3783058199614375,-1.6933530988882073,1.5680169245729043,-4.521737125282659
0.4676393146474983,-0.2295812780318622,5.21646710497888,0.19638243513056164
0.3921994835190462,-0.1964013868290065,3.71153344977198,-2.0744630183137875
-0.6645877244240975,0.1227097728136245,4.4822384719786434,0.11058506058924678
-1.077236848903781,-0.555969187497923,4.527804768184023,-0.44052591322415185
1.3227032825309368,-1.3171268649853178,5.416495791375041,1.157081042767278
-0.5116182885285732,0.3259204364637441,4.969575485864932,-0.006036391502417832
-0.602477043062195,0.5325255540253179,6.199816328159554,0.2666571928101684
-0.9670376240251601,-0.7197888265019368,5.351714985561483,2.161155864642306
0.7994547607474799,0.19748152950962022,5.045887805169562,0.11242267326366406
-2.2103012434060805,-0.504023747528913,4.609644683418265,0.159384034290386
-0.18841748994512025,-0.22570510748050845,5.800394283058125,0.9445563503100181
-0.7147330443015798,0.0893523653676166,4.219489330353634,-1.6206513514962728
-0.14374809581162779,-0.597078801549632,4.726521086955891,0.8369355246659647
0.6686262705936624,-1.0573238309124473,1.976391584761454,-3.4787514043265633
-0.4865685059134496,1.8590951251416357,4.21635832380837,0.0836290441964268
-0.27595105006837256,-0.21353873755246996,3.0623542414065312,-1.5922507285233491
-1.8693516344298902,0.17362194055935132,4.386132426294109,-0.0823825775594445
-0.5481179079620868,1.2603613369273374,6.262394820419159,0.7321847013468501
-1.0563408734633022,1.0671712103341655,3.408456293508909,-3.5830692880721107
0.2309111164672157,-1.0088822548825485,3.4490290969693236,-1.0849282367427389
-0.23590552810443383,-0.5333748366376951,3.810716695767242,-1.2427716704761873
-0.4410960156619166,2.8996559939627224,5.895172704539263,0.039368926519154135
0.15613522401563795,0.05567761868584299,4.332046146120925,-0.828251785702047
-0.9003161812767706,0.7961845982546223,6.010692439001994,3.0336385806395776
-1.1357147823297709,0.2705245558644105,4.416796430471988,0.23155654458671393
-2.591874928410129,-0.2501517893801339,4.401336889199641,0.07986577359228147
-0.07696814787922203,0.028733626080494817,5.380882218086339,0.8512786378251676
-0.00848715829661494,0.24776951404623454,5.3667679993650115,0.36520782879494457
-0.06346952337698047,0.3176740385646559,4.720571630403365,-0.420287720193429
-0.5905217046236114,-2.621032023863515,2.1839750760390237,-2.605701417950022
1.035534544363398,-0.5402088875516775,3.370539485373961,-2.762274797940739
-0.7569939991156549,-0.8138109446047661,4.773612532807731,0.3139976546984293
1.774771445024047,-1.8788854521584968,5.213971161278244,0.41247545013568665
-0.2984006698080406,-0.9384562190040918,2.3250047312986815,-2.5579932319923517
-0.8344867976584845,-2.2384854015046916,0.9997109225117156,-4.570617191227264
-0.4079575176165083,1.751550292304594,6.0452354122654635,2.4060286410229574
-0.08879907801137794,-0.5329470817497847,2.7165449017001073,-1.0512790628662314
0.36422492705803966,-0.5390416199947845,4.733630617722416,0.8750585373526865
1.8591938074130026,0.7090004249455948,4.623424114808153,0.10243476605256385
0.12196828466499483,-0.27648702907142514,6.666294260740099,1.480058060361701
0.6957732376375974,0.6183055872974859,7.337803225235727,1.999239451728204
0.902230274990719,-0.3803424742693757,5.2171825352337216,1.0824846275807816
0.4224000307283161,-0.1284788348113786,4.08788302606836,0.5146006713531133
1.902679680584606,-0.3896363807840533,6.060973228828004,1.0517428280219174
-0.35032952435190357,0.8341671739080755,4.8141035495529465,-1.2774513321075915
-0.6405642352059425,-0.5920499215821085,2.8275610087378733,-1.5174464495918119
-1.23390873278405,-2.5512854775902754,-0.281930120280633,-4.778104604943262
-0.2889729771287878,0.02223348124345395,3.5919394558194395,-1.1028785284870484
-2.1187627551759,0.9358930064840678,6.246496307621249,-0.019942725149541873
0.6052508281143466,-0.7647896496736019,5.509165928645918,0.6159361687379088
-0.7145331538111578,-1.107252153161674,3.8553357730099322,0.1819206007287255
0.6296747482810737,-0.6546479617609451,4.125061063755463,-1.1034807797131676
0.3405207881413492,-2.370575035283202,0.9353458386086064,-4.182788449433941
-1.216822922129052,-1.0811352103245737,2.4888658015631355,-2.578769275850184
2.082980964063206,-0.8057559862269209,4.005517474785929,-0.7214579490193034
-0.7847947212735666,0.6574650525925652,4.716052998136291,-1.0599140659069186
-0.8643216538152726,-0.5151503098027045,2.8224767777519033,-2.7177428390603833
-0.42819884325254476,0.6738334095506807,5.751953598281409,0.8518591590288211
0.45900156138376874,-1.402921583053,2.6689336104684536,-1.019805772614628
-1.0916907712938273,2.436474221539761,5.88716752042584,2.319949302421599
0.7887330188382642,-0.9175529156030089,4.551656399494262,-0.49684581371578396
0.12242440519926155,-1.0873767065564792,4.009905694165512,-2.1439903566827208
-0.19870929713806423,1.2707936036661527,6.7924472386611665,0.6559185454934642
-1.0624504036661464,-1.1640581611438086,2.2876372298573022,-2.831329990105922
0.08647492437627122,0.23150621556401146,5.664747497731367,-0.8591005441579023
-0.2852915796882786,2.7829199542435608,5.387328254714607,1.0458539924137422
-2.044650786356941,-0.5738005789054437,3.0184405251442956,-1.0407139723056487
0.2932725340864974,-1.979904021672826,1.692402296101097,-2.618884698194489
-0.9549774061713578,0.0006796267167252441,4.039974370682676,-1.1398101372219847
-0.3366837793707064,-0.7222022532452794,5.065898417880372,-0.06879637349544265
-0.900054332965019,-0.9820485950387943,1.0080801573521714,-2.4369987786455107
-0.37373994360567103,0.4665230717638949,6.176233526078242,2.3879091445516893
-0.4826197048171694,0.9698838376409475,6.532376468113721,1.8504217001122498
-0.4041037358229277,0.3654701602705354,4.293580955567057,-0.29911215599284174
-0.4795576036610387,0.30183204390463675,3.8071942446836036,-1.26306537207314
-0.7038170368802097,-1.5649594517793928,3.0974785413531722,-2.0146120044993188
0.9813553448545718,-0.5811252948314337,2.427233503860183,-4.106354103210723
0.41533186727317417,0.7574899401708091,6.753400108670694,0.81271932717778
0.5026451184657768,-1.1699634828681051,5.4600969900829535,1.2089788759581643
1.2790349547846536,0.39740342481499996,4.571338771655082,-1.9305282659615701
-0.5740797723921159,-0.9758617763917996,2.8318954838499923,-0.9074529499093036
0.39879259054239263,0.8444153079814326,6.092713480721395,3.850366911843884
-0.577661120492356,-0.9685763554176708,2.6008959406981216,-1.605415720034904
-0.8862967688644503,0.716330110780437,4.2191668499421935,-0.3490670464446982
1.271716427514705,0.7142573791638592,6.415182630257985,2.5764955098666045
-0.8980426854370613,-0.0216456192529335,4.171715531813739,-1.8929306175528218
2.4367042707008935,-0.23142055706903797,5.854101123922134,2.4272160750687783
2.339419415896663,-1.3127335240425417,5.596208145320775,0.19876803377705077
-2.1990312750373615,-1.417335445861995,1.5412018351780352,-3.2156051563207546
0.8807365714224208,2.0691877697387766,7.029919764982192,1.7474297639263359
-0.879453019786741,-0.8976691830356405,2.200768630753706,-3.322570161387704
0.5338549927225598,-1.9902709339681721,3.84495910347697,-2.570531457434371
0.15598846300327357,0.2329413152751119,4.688876698052369,-0.5559758718372412
-2.5713039557202544,-0.58560211037851,3.275901240818267,-1.429923463833494
0.07825626046412644,0.033018805433939945,6.019065777856412,0.4425752566193253
1.2898758036215385,-0.08590234222254896,3.414507040668307,-2.037200946602462
0.2219495164396724,-1.2851404369018116,3.7565889991043226,-0.7565456151595709
1.8640059158322833,-2.1129454389064253,2.0674767476002174,-4.119091444633028
-0.7450062151876581,-0.1264415895731859,4.661062151058469,-0.45361720753099316
1.8824148875418243,1.1130853859211922,4.373304114693475,0.881700545214607
-0.03334419821331829,-0.4545076833684601,3.6253266464187774,-1.9915514664200087
-1.3305531435232565,0.1540745527478219,3.77208625486236,0.7658110433211083
0.5357948219461336,0.6848778984866641,6.592186321646729,0.38024678406661017
1.7007088312285177,-0.6700174317905332,4.902603763329502,-1.96471453482603
0.177383732670357,-0.8595895062451869,2.5745758017070024,-1.753926749175371
0.21971648196402116,-0.648845571006141,3.2990213761482696,-1.2205274877644008
0.10367688514977508,0.7954324773487698,6.413174403398052,3.439442610143443
-2.190293539939402,0.41957353398723346,3.83615455250233,-2.794188860162879
2.031079517603636,0.18558295848046527,5.621230141020902,0.5644266918420477
1.9033862872737035,-1.3371803160551599,3.4366157098247614,-1.5919895267097313
1.498549415748564,1.8190729603668394,7.6702318225509325,4.5180055977142315
0.4311140899882478,-0.008578949102427645,5.757111566830538,1.9377781365783897
0.10192485877776894,-0.32393002738734655,6.498123719718425,1.1322598919455582
-0.3152539979674902,0.6021824630594383,4.336518464158594,1.2641930487469397
1.5847369280933918,0.602233037085565,5.007469292448357,-0.4820861441552933
0.8267670333025422,-0.18132975011984181,4.810038660086087,0.49944934659194107
-1.1574472408081993,0.5940319289602417,4.306937912317645,-0.562794678362657
-0.46264067003757026,1.885651727323425,4.580995262098819,-0.7493204387382788
0.3557780043899124,0.5189850738601047,6.072236383460716,0.9906406149215827
-0.5482145906788486,-0.2849604656098076,5.1828140049534035,0.18546131382120654
0.7054611526121046,-1.1213089638781124,2.2600647751890532,-3.4781822306868193
2.0207140473929583,-1.134884558500952,3.686554322976126,-1.578823758383817
2.007027234381187,-0.855522128682403,5.590299272735937,2.2234457168743784
0.7037056977054853,-0.6803024737087078,1.9537780652698045,-3.5107870436225275
-0.8866956282659619,-1.308058177778972,3.1269765175518303,-1.5305453562977993
0.9876791079327726,-0.3563208850171654,4.735834592399548,0.9278110811490079
-1.217832924329929,-0.21376931701781585,3.297586564288005,-1.8376295216328358
-0.48253437717641945,-1.1093392116740146,3.6504033757892187,-0.3090899552358253
-0.6776924374477974,-1.7859862600881915,3.061669596630797,-0.827760569438798
-0.22150115648316573,0.8511269005741636,3.8224525502328195,-1.2190383377973417
0.3336981015489049,0.6736550231319373,6.3348714993688695,2.6227695021956183
1.0897315827789928,-0.3883598613834678,4.337328696419969,0.5635126057424007
0.32397225317556144,-0.027605553846186123,6.137195945184093,1.9601315687906946
-1.6351199312347813,0.08335631097862771,2.637817675372967,-1.2001957465819229
0.635186820294512,0.6510563673993394,4.891668475564043,-0.09954449032229232
0.8161022301164726,0.5001433396920477,4.516336033481786,0.7663604884953161
0.8525441171095299,-0.19782445778954202,4.051892635540084,1.196253496089773
-0.6633188228175585,-0.5073934437708411,6.022804474017759,0.9042409788781967
-0.15879206011572816,-0.8223716296644283,3.2674402950637225,-0.8376885208290084
-0.4328099584029045,0.47605615225749776,4.825797701408161,0.27614015379361945
0.8844480662718696,1.7376171046046782,6.359539172476194,0.0897487014851388
-1.8607540822853883,0.040731970196373084,3.4089957883938142,0.13072150540230987
-0.4644651642266837,0.7399045984543358,4.428979138118782,-1.2811787523827787
1.3608434184154983,1.0854475473825163,6.7240807473464255,4.16180174438095
-0.4677206726338463,-0.09853181112429382,3.5213068023763965,-3.055668347474365
1.3676420023223945,-1.8981886763831404,3.5928331299634393,-1.0770198034733454
0.8259490463803059,-0.7057999354633055,4.799786542696105,1.3699890004667916
-1.892726090744174,0.9681375962294987,4.557138333598364,0.2738795782570014
-0.8689498021791634,-0.22964716295393833,4.312092615072851,-0.44028780261457956
1.9368980230737098,1.0818997676532265,5.451437697442389,1.4741309033289445
-1.7168595187413649,-0.8947927674440004,2.9354947240509937,-1.1879047191176784
-0.6096845018498825,0.5130959605089718,3.1490643379961316,-2.9607927802339935
0.10494133628210447,-0.7854371228192988,2.944958669356024,-4.701793748695671
0.26274593171208344,-0.7328507855517911,4.184180999266812,-0.20195796902702867
1.6485805288379463,0.6438305046394802,7.1294128301876825,2.166554667522206
-0.9849259206912685,0.5994018626110141,5.283165857466557,0.34659698294107233
0.12715440714917756,-1.4107053789277486,3.6923188245283503,-0.4332114793754491
0.7644791448383285,0.7093774005658139,6.239298083277817,3.009486582379139
-0.3164345384837742,0.06326512104372092,3.6729542793020875,-0.29941489506497576
-0.9095356179628994,0.6584917340177169,4.560244939973691,-1.423928502122638
-0.4679838702178159,0.7386604312874535,4.655956146571377,0.026406399027089467
-1.222921465772533,0.20736855584699487,2.5556527194354812,-1.8316450737972423
-0.018975843275670857,0.9887383589904862,4.090002024697266,-0.7348073644344342
1.083582266564287,-0.44590348192179535,4.8692135876252856,-1.0261331124604847
-0.5243836559450579,0.9193337895224786,6.404573142805352,2.4769266232333154
0.6659331403452996,-2.1842517503035435,3.041071600109525,-2.340808960528727
-2.0335286972851616,-0.1621151643807124,2.5554535230651068,-2.6701132555605427
-1.879404818766328,-0.6361608993220238,4.262060318301329,-0.13158622887040533
1.242360217324116,0.03965306230202214,4.497005614197164,0.5584978810694514
-0.18613078356401136,1.4057631944915907,4.459877935721053,-0.7851164973941982
0.4193349647928997,1.3715736439959867,6.625606684455392,2.1813478240910515
-1.5038294405419628,1.0127539980393383,5.675094056549759,1.011434753064269
-0.9705825890509873,0.11530225826529525,6.132868169241796,2.172138732346629
1.1677765927166985,-1.8676206222259202,2.778284402602474,-3.046674281950471
-0.0595158477059934,0.31324264081645775,6.125815845446711,0.016172569300387574
0.6271851009227474,0.23034264208536676,4.806610291064465,-0.7661291626182483
0.010502126254843615,-0.501934675385816,4.626888196264076,-0.25955293421368525
1.1600194880921253,-0.5036650837235601,6.11847783610343,1.1553664068237293
-0.5721317579419812,1.7020223824172347,6.388768381535529,0.3459148377497334
-2.3246750285921083,1.148932474189925,5.721323310678119,1.9303968981515733
-0.9782713846679173,-0.4531512583190235,5.062472963965987,-1.3769566650153613
0.5362255120998601,0.8480469752187334,6.766924892701084,0.5480092985470866
0.2481641245507761,0.48394587678091905,4.527130664950963,-1.354222564861695
-0.2837488869932348,-0.08288016990854051,5.97856324796632,1.944480894936645
1.1684384710939804,-0.7200600173355178,4.147997215057406,-1.7139339170279673
-0.6239627042306389,0.10396820128847173,3.7887174578545046,-1.192179434223548
-1.1876120738544895,-0.2179717782794465,3.986072776918869,-2.4828813585180716
0.8602170162987389,-1.8807092924345463,4.940413468982745,0.18968495828680582
-0.7138726634563296,-0.05545950217310833,3.6424218181998054,-2.391865342980773
0.21955932669292413,1.662727898179866,7.087261531561546,3.419599740271442
-1.4759664982225214,-1.2112542194451328,2.609022269297476,-1.1730877172406742
-1.5150413230263151,0.5466414864972547,6.830971479249466,3.816758161143917
-0.6786030697214528,0.8051274462169558,3.6645853418702314,-1.3577226553309134
2.2108426212728793,-0.5513562518088393,3.4526006746725093,-2.3277042773303886
0.46076418728538626,0.6532658417365157,3.85321962123386,-2.2941037052469104
-0.293395594640803,2.0610128798006513,6.192533126110771,3.274125889819027
-0.42491000101477067,0.43223486400619143,5.191615071119276,1.040867028346001
0.22392286554619947,0.16035574586828485,3.4048230662611854,-2.401831095000011
0.1286898364445479,0.02901693943040639,2.5483227401716246,-2.6413889509481283
0.7124330203201977,1.0354027343273773,5.2553191714099015,0.803087493262477
2.038136953286192,0.449271654907735,6.85155620422867,1.6246530290550432
-0.33442759114913295,0.5798695261684967,3.0385214512804586,-0.3694911732380839
2.6547498690616855,-0.612372024871418,3.9721282010621835,0.5524162714860537
-1.9364635256372484,-0.42450513716098276,4.44634666625997,-2.018077304218684
0.2206639941814508,0.8962380643979281,5.248361288430461,1.9532114076303013
-0.7347033388576478,2.2438757780000653,6.487121912600498,2.4422919922242814
0.5239610336347269,1.2580459483559685,4.53138239840451,-1.178117788211054
-1.3465811833901866,0.8025161171630047,5.129635480254856,0.02913493014207147
-0.8339415889265352,-0.7788418595386596,3.8238305784914868,-2.4431083863444476
0.030028618895724703,0.5712229684912395,5.956249628578521,1.0909335330865364
-1.379486669349002,-0.5723756910683854,4.362063240284865,-1.3350021177781817
3.147821283241987,1.2931101858738994,6.770089851465197,1.379169766909758
1.1685909102208334,-0.4646558816083048,5.164582897995329,-0.08387394883068555
0.8281845870546302,-2.1083857834285338,1.5645805301623426,-3.973425358258786
0.3949577144977871,2.60837396880658,6.700068597809543,2.535850773547609
0.508774149764312,0.42080978158487325,5.834385210517883,-0.7624363159336047
-0.14671339489278015,-0.1780181209179191,2.473655222375937,-1.5858716576998226
0.2514635706511138,0.5035929668459754,3.8505974567113865,-0.8394307020315294
-0.23817349266045224,-1.6637114347555988,2.196655891797895,-3.158431699569273
-1.0584455163394633,-0.35142536932862833,4.383248331315715,-1.7456694317397192
-0.1889357035441851,-0.9500145433808626,3.993595671787161,-3.55010430944212
1.4603965935409113,-0.9414987914535906,3.070669140117638,-0.4189591407382067
0.3301696099251964,-0.7746259629045592,4.066476630210706,-2.3043410799242245
1.643898637997348,0.755528152144604,7.085124547323767,2.8215285753207606
1.021744879874816,0.1811188643813018,6.347211664081747,0.5176233996336639
2.294506018606842,-0.04334257314719213,3.5044267196297603,-1.054563222681887
0.23353053831582618,-0.6345708355897239,3.5713052785919954,-2.744088875886667
0.1778296471857671,-0.4585858497366045,5.136039375913895,0.764481310924219
-0.4072949404138623,-0.48602039668189917,5.100150735576197,-0.9837754508559902
1.2374940854038339,0.3269744253508643,4.904298458538722,0.8250006211259976
-0.41954600126672625,0.636689550438774,4.68023560574066,0.22713722931884778
0.6632556833256636,0.08036958361824385,5.667437070545603,-2.2111940654393343
-1.7063388642650443,-0.08800766210188173,5.479022522898554,-0.4421833299279143
-0.4566300076222906,0.8227361646744807,4.694036883835988,2.5310407368568533
1.457572316750053,0.935917945479029,4.4514415590767324,0.4111310336218742
0.5353385219584254,-0.3659855181866242,4.006136197416355,0.6599232109965265
1.371342345385974,-0.22542783837760175,5.579631736176446,0.2186565156210527
-0.5067242258509396,0.7403736986383002,2.672588378706324,-3.4595865279003233
-0.21308960943986335,1.4327598908836803,4.834553376241923,-1.3434285017433838
-1.6842753263579673,0.9502383746329868,5.249671518132304,0.032983732868886395
0.0009992657127509451,0.6405982360360298,4.327621749724687,-1.2259236556397806
0.8409709838594811,0.4018610584550654,4.93344401674011,0.25943350115230457
-0.218468165740855,-1.0755446271438989,3.674739736374393,-2.3921689817531764
0.10541406143187686,-0.8708519714308374,3.7310078291787874,-0.6475870488174209
-0.9476772296827833,0.21006898788504266,4.110167495610594,-2.2717176717224987
-0.8482616818985721,-0.3051529140873097,3.294282689309015,-2.5217049609396582
0.016487317824179348,0.47636730375825204,6.065876009614194,1.6531554145303562
0.7897587295057411,0.4172361796943948,6.4698272694692776,2.900755924180879
-0.3577535202398462,0.9106704479514055,6.498564552917964,2.9124238500042576
0.716853858615961,-0.9193323671898979,5.048655408808624,0.43552775806938765
1.171687086261581,0.22111470930600666,6.257195954494188,2.009720616214528
-0.4730895348819523,-1.6228982899286994,2.0812742191915254,-4.224013252845493
-1.1542982215909845,-0.3409558895356901,3.788309442281286,-0.1767347902055727
-2.2522582861007017,1.0135600928586233,6.70559332969316,2.4137005461519934
0.2514287559052773,-0.9339138853269201,2.4147659833910162,-2.7115534758831292
-0.7300543061050095,-0.17083036523331874,3.2044314308316992,-0.6803741524602908
0.09110548408229241,-1.142414435957872,3.3558880336954147,-1.1837244271805722
-0.6710217253547835,0.250027548368005,3.9738587781953796,-0.830464061440931
-0.2477521316251737,2.0592042318553694,7.6319549552809605,2.600802103199399
0.38657690269731915,-1.2785808967554435,3.0455598283273617,-1.9021313396802615
-0.3634289256622862,-0.3731199588650312,3.439746757386329,-1.140483506262273
1.0288354334745726,0.6428597554873198,4.548001647596836,-2.459456120412446
-0.7900721382213357,1.0970331835051514,5.07671368086332,0.876371004962533
-0.6366562809208537,0.43336680610150263,4.310758231959281,0.732281905917787
-0.4094008287292764,0.8609465328382567,4.983533312679148,-1.1020985208237881
0.4334432414383877,-0.8435613266642663,3.7400203825186207,-2.239488521657274
-1.0980838502524712,0.18891083892495056,4.2629839570299835,-0.6445905319327623
1.1521749878488483,-0.24722366994298067,5.1654032480410645,1.732838900081038
-1.792791194766001,-0.9309055140467313,2.621188862557538,-2.318952685714791
-0.17514303411539622,-0.12174363331427168,5.83323211123723,0.4633583109628475
0.3466140234911681,-0.7757580524637646,3.1466845547400903,-2.5774105165630914
-1.509280162547058,-1.0415000499761917,4.017871831240987,1.6702217842074067
0.36627416645023125,0.1795307694109421,5.3251768490614655,1.8478212105140843
0.8289434333773635,1.9098679269027152,6.678714841301612,1.4200546259215847
0.2339609967766238,-1.2969396601488805,2.974641326312149,0.3934109198628404
-0.06858494391765318,-1.1880869403873828,3.071605346879206,-1.4495656121289813
-0.08980287039667242,0.256060840399875,4.857777689726916,-1.5122692463466472
-0.020719369106818847,-1.5740690767767986,4.783540575409089,-1.0251534904787785
0.9538746192604729,-0.7769844325060499,5.435377294751083,0.5913924357226957
-0.26381399495587887,0.5060439056438859,3.840404071888119,-2.7057285590909776
-0.4930481247014775,-0.6327071429766378,4.623514023958021,-1.5680035736423354
0.8700590687059452,-0.03178804306266054,4.39042273517944,-0.6255051634786417
0.593055487478399,1.6280767437144827,6.3382298078251935,1.8703994328657836
1.0547723701858929,0.5996643575907271,6.6589217641222564,1.5127293967113735
-1.1376820161697374,-1.4068962217393544,2.4991265337999935,-0.9582045158525396
1.117104762301571,-0.6045018741464369,4.807769805725332,-0.526674820308065
-0.17293023319343265,1.7364249113996013,6.94153143769111,1.8795543614264372
-0.92668265902352,-0.09888906806574099,3.7621560230408555,-1.2215667579834233
0.7678662498832456,-1.3343875827813727,2.556469172002739,-3.309495383416316
0.3330967289547293,0.49876892868751366,5.384671911228472,0.9324933799710773
-1.083839622836006,0.5199673410996943,4.561512550568204,-0.5713740755378003
-0.23534262862978175,1.8422080381957808,5.18314632072849,1.3711079501687116
0.6391165565584743,0.4452363175216908,6.711003946239882,0.46268267467671365
-1.7724186708919925,0.8361654092854431,6.766872422491186,1.4827050846131893
0.5454650814609122,1.3157829289194831,6.92645468421243,0.43945365076758014
-0.20927067915440192,-1.583657694599334,1.750842001163472,-4.398879007289963
0.5150064553571003,-0.12083756329563476,5.965572102147053,0.7118566095053905
-2.227212655983716,-0.24094875366317045,3.4271574300988985,-2.2785577258143266
1.598248936722595,-0.09776323973417243,4.32501177273201,0.500975943998014
-0.6126388121699317,-0.18558931765804804,3.131042233306883,-0.38062178778706746
-0.5846183575036382,-0.44434160958269003,4.481053875961683,-1.083100532973904
-0.24001820646307062,0.914649662109123,6.495647691982646,1.5063894235948618
0.5491673552086828,-0.4864472138598899,4.055333102579675,-0.6972851421606894
-0.14234886235822414,1.3333925665094402,7.48242327918526,2.773575951411657
1.5541894267150047,-0.9755884007867488,2.7324319145498377,-2.4214993242197793
-0.2354841970711421,-0.6207608795848187,2.5224140476532644,-0.7041805273145374
1.6447274013414663,-2.228136065383277,2.954462666025591,-2.2864750277737556
-0.20320042108276243,-1.5187296989376056,4.413776861000888,0.20262319049018562
0.006399756764930209,1.913747481483804,6.20221337323331,0.7479198977230073
-1.5919462680806649,-1.2233901018159852,2.340821435009106,-2.155510745221005
-0.8051860075266163,0.09434940102203743,4.798213837910831,0.9298744974712257
0.29481682756661426,0.6786699768057454,5.866441025310448,0.8602066686021445
-1.4536193257708823,0.4159614606986407,3.5974795672412796,-0.013741085856664892
1.6895970698146114,1.4041936609743981,5.548276590684468,0.4627585107942065
0.21479833854575237,2.3749779431036044,6.549213009031475,1.9280752170127078
-0.3569778503492223,-0.2257137641180404,4.978963250585378,0.27930008925023664
-0.08947034656855166,-0.3092792332078697,3.4158255725289095,-0.3219595300089868
1.6742488575386238,1.051231685723574,6.772483083996835,0.9289574038270068
0.781920494082445,-0.6697330909965117,4.636627723295992,-0.991994170750173
-1.8999672352172603,-1.6725390456094449,3.456423915783896,-2.249832897347971
-0.4186273167853506,0.3120315834624694,4.514654578216713,-1.0373725092176027
0.9186208061538298,-0.6803784918471147,4.861877950099004,-0.7284630618253428
-0.8511638769155653,-0.48073851158547465,3.419197069176854,-2.618861542332599
0.3575587417769611,-0.6530231214295674,3.1600293252943037,-2.027900409267554
-2.27309542684266,-0.2627277211398538,3.3434074507453406,-0.6635872380115514
-0.5886784069273416,0.26283398367867566,6.605864925683566,2.0744097892926776
0.11027547542371377,-0.9474620810080957,2.31293991462768,-0.6583288753607264
0.7261242308715109,3.0128842807759733,7.4658575942152074,1.8649283100323908
-0.48285014006630134,-2.306054455708853,2.250512633849697,-3.9122433176974947
0.9266637747403811,1.32637285738414,6.40442066950945,0.6725436210355358
-1.4890909189542605,-0.3130758869376397,4.955253943469884,-0.5010321241813982
-0.18690954925715858,-0.731969709347371,3.987291717342391,-1.0320971096786478
0.1843298530189374,-0.2401426231381013,4.471760295340516,-0.28820246064363547
-1.572285650916123,0.9835206767646028,5.4057579634939135,-0.13091175348007045
1.292649949291405,-0.3958301003524862,4.761375222129781,2.2356303738463588
0.2917528213242217,-0.135074250262522,5.356557409806061,1.839411697039987
-1.1074903745751576,-0.25174924971606105,4.522042897867522,-0.5183843107082478
0.5533058660220288,-0.8794248745453488,3.9057776330003593,-1.799515981028219
-0.8372839418384364,1.0997487594603996,6.455049070776947,1.0763368198562215
-0.6520130705560024,0.6514205194064686,7.089066291858689,3.137179773578922
-1.3715142564124576,0.19726419689967675,3.85150568008585,-0.6711143028062931
-0.3617354257846716,1.0151142390364665,5.106397486795465,-0.7707478941598926
-2.1991157567824207,0.9309386126323519,4.304546964545466,-1.2012612622555232
0.21564256771912424,0.3003885192708884,3.365101264886455,-2.499930479397417
1.8521582284601286,-0.23630814414853418,5.498611153454274,1.195139113704931
-0.44631585578423233,-0.014394635809115205,3.5854470578108155,0.3764190340433362
-2.305578677547338,0.5462622861174998,3.9298906030453162,0.400911108046486
-0.48022981601583614,1.1987432800990128,4.019781999460212,-1.2928366869740944
-0.06982550649222818,0.01411642586316417,2.9062107318395927,-1.6011502693895985
0.15182494000866575,0.7208502342824036,3.6459941078984692,-2.1206176539762707
-0.06626269379466766,0.6192249185986125,5.053457984439698,0.6405417131248816
1.5220886048551887,-1.4954839538819462,5.947028510611743,1.7312681391711153
-0.18877292827354977,-1.3131000594861766,3.4912001532084918,-3.4908464644838086
-0.3969428521187948,1.3769301392480413,5.576847537840495,0.38515275098061275
0.34881457395232324,-0.3535457168186838,3.8364228201359976,-1.5804571397173628
0.4445315705222947,-0.9026524235613068,3.8088109632217337,-1.8330083019149028
-0.21391456983609927,1.4736583443715017,5.52716834274825,-0.1513287543525662
-0.2442125687179792,-1.374699632896569,4.310814616173268,1.7107735254249388
-0.6516838194732355,1.2379906162117582,6.242713115303635,1.5785982099284146
0.7290862445034916,0.6817824749528606,6.181544641978841,0.8597338657856961
-1.5552717553133097,0.2763750263523817,5.1851197611187425,-0.3979860417050941
0.11668923401725127,-0.9239507899882786,1.9759894267483666,-3.301541159661368
0.8875584764226782,0.7604207945443198,5.1394066384307555,-0.5442672027969006
-0.05673875824726703,-0.7637712135847883,4.794140493302209,0.0011754172212422118
-1.7426187102068804,0.541414916246286,4.099471753929359,-1.9944747468376733
-0.16486441852812828,0.19363848139395815,3.619196546116111,-1.6946556527747303
0.726894075260342,0.21567309460173548,4.724812806864003,0.5726647476236301
0.22723934434071735,-0.946743762476087,3.292216712910323,-0.7149939633094242
-1.0843671937600106,-1.3197602199898812,3.817492166031359,-3.059570813490576
2.2854574569225288,-0.2485911504553864,5.629455196515405,1.4518789446362044
0.9306540575935757,0.5859825996641558,5.5060129277545045,-0.024526380002407144
0.15247986536770342,-0.38235314572028756,3.8034243297009867,0.1040472027648105
2.7728710213685908,-1.4807213772003651,5.0527950674455475,-0.8562390330011964
-0.29265271785321445,0.40444716670169084,4.815053700305184,-0.34283313948712746
-1.5122406232230736,0.10507018536306287,3.923237681995864,-0.7988578703437189
-0.16717128230525885,0.06334815403950306,4.5580594362642195,0.5680992166291053
0.06748698813722104,-0.09098639725757024,3.8305014163905122,-0.1368353631673419
-1.5734125571645121,-1.2945778366754876,3.5769740755712394,-2.0373063474402815
0.6914599091111667,-0.715346980298244,4.968268237059279,-0.6392914085957799
0.9852930623412964,-0.14285933219967284,3.748462538247917,0.01698387313222738
-1.4233707200733683,0.7672686287206427,5.783452194786916,0.34592478703645835
-0.6515166675759476,0.23737043169597674,5.029423746136996,1.957535865483208
-1.225880103101535,0.17421232707916048,4.528357478992046,0.348999532557846
-1.3056389595265823,2.1085060661447184,6.336075768054679,0.41027816089049973
0.4402550486588439,0.2945019004230274,4.4791943261225775,0.5574982265883264
0.09019702117990704,-0.7812998098792936,3.900624436515316,-0.6122206682098414
-0.22140759497397527,0.20369710831421164,3.4475295167555418,-1.5085852051683808
0.3080847036193516,-2.629372900334953,2.3288585186732336,-2.872224234699323
-0.38874862859558923,-0.06626589356011209,4.447272527441218,0.4077920818927945
-0.652791878154664,-0.20468856181945674,3.288819291086605,-2.352694039391287
-0.39988904221631655,-1.5715144640630865,2.855893205638977,-2.7184637791677115
-0.24970932297708429,-1.548919412481358,1.9053616968975027,-3.5310633005971175
0.017887362690840125,0.7305696968608102,5.455915332046568,0.13601411853937417
0.511050629185058,-0.29334274074015937,4.685584903394862,0.06818941189985311
-0.7338201104836352,-0.5545394332338829,5.149911262051496,0.6331598967385486
-0.29374478872514825,0.572087764846225,5.852822340155909,1.793298019678607
-0.5769650680082941,0.2742075877608498,4.5836272768635045,1.8715988193373798
-0.626773871190574,0.7531883075120901,3.614781512081947,-0.49505772640807444
0.7899016046970383,-0.5877880122800827,6.248293813696014,0.9943200575360062
-0.7096683976363626,0.12175715365152376,5.631953601038033,1.0224300164261497
-0.15572354779559697,2.063701622581363,6.195703375484436,1.3745943660189466
-1.0225986181624567,0.41057216432967497,4.371153023543612,-1.7060603112758146
0.7031777003281438,-0.3201073852361196,3.4505991850675755,-1.028500889522214
1.1010713024625505,0.7919560599567189,4.884022517605429,-1.0929800948987933
0.16963615178700292,0.6576456284528881,4.144686544563805,-0.455756384015062
1.9366044978141381,1.9326217437516975,6.073917102379548,0.9754115274052408
-2.108810798412961,-0.1882717757030708,1.7281687262096124,-4.614208333732871
-0.6942316613557111,0.2715107027748479,5.305140023509874,1.2547598979942056
0.6552905521072878,0.9059984918873251,6.463649075226614,2.1840762789321464
-1.5589923652879358,0.4475719802449841,5.919540038507035,2.188791506131228
-0.1686600244807973,-0.3210910309031505,4.083889302552028,-1.5206360661672305
0.07132602046546374,1.288493309316702,4.5848995352864845,-0.3508092928322573
-0.2491832915764341,-2.061694346573236,3.5149140923066744,-0.7767593362157023
-0.04553522562256034,0.09892162670634913,5.956563662747924,3.3814538034639003
0.849414686363401,0.3196912594947132,3.7814497381200214,-0.9931460151957234
1.0831520167678566,-1.2511710689993718,2.102761740400728,-3.150542405649791
-1.4115222146074682,0.42985571777691,3.01673810088103,-2.5781358435621966
-1.3226014280487055,-0.3189542424938515,3.4782171883968913,0.05054021502774164
0.4439689561183711,-0.7415277213707485,2.654807168390401,-0.976945906727404
-1.1769673780778376,-0.4048323558024775,5.071087510387889,0.01450511658103415
1.9106268464094318,1.764859436912154,6.312845844939646,1.8546198294775598
-0.10321437588986161,0.5349887136274067,4.304550233565979,1.0923910485226926
0.23049754611116052,-2.113644465974774,3.9403422975518425,-0.2810752280775207
-0.17655206030319096,0.4237426292434406,3.999597529916894,-1.5038696856895364
-0.3678123742382723,0.08495731775611144,5.194458887417229,0.12436597369865171
-0.7324563000493662,-0.5270269802086646,3.2166694538778495,-1.3194347518134046
1.6880239171963218,-0.1625890279830693,4.679873739112734,1.8270022352576896
0.36465315060056,-0.9413419994252873,1.7263579365494413,-4.682641172029358
-2.0175231004583267,0.394615799532085,3.544344217340119,-0.7556920025266491
-0.6366455810258583,-0.56842194037226,4.491346696074361,-0.24473126790974548
0.5305564264944276,-0.2913525186067918,5.0516042320596775,2.248343540762681
0.41969565090661903,-1.0342423856891094,3.74502019797478,-0.29639363798722274
1.2282608243518314,1.4804501924141769,7.100236431216168,2.2182970871802308
0.26875660583177413,-2.4244724758590834,3.6085939419441058,-1.238736513638219
-0.254476244520485,-0.3300154808407398,3.60412870917406,-1.3000148831201308
-0.17487161139742652,-3.070754597686894,3.207600824020095,-1.155126974125543
0.29149711678012713,0.22786334076060907,4.158380337456306,0.011965892692049174
0.5440022698959368,-1.106232163985182,1.8889716983755391,-3.862589097905624
-0.6400141910879154,0.3831998614488109,4.186173650922047,-1.1665902463497397
-0.32589846888601637,-0.752495269073528,3.3358590726593147,-1.11727859585119
0.5696122925578565,1.8849728673155106,6.451204628835983,1.839600196675311
0.14384367564568892,1.5770144121668754,6.493230247057721,1.2790547499157985
-0.10494919406997687,-0.7819765264301243,4.011488599076174,-2.7426975797061504
0.8393099209575109,1.25049006485375,4.205601767111746,-1.4606394743926847
-0.7411941979169708,0.5954405701755552,4.808436200550332,-0.3663670241848874
0.6046089792790238,0.25975607476092966,3.6062346347212237,-1.639874458917188
1.2234406270079534,-0.9100755232914595,4.523126997652159,0.8228446020590532
-0.007221451836827675,-0.2805307380632089,4.575469670496394,-0.6757183738719533
-0.09019596475004751,0.35988761313133527,6.163410536273071,0.8241328595132408
-1.057149153860268,1.2136739742698484,3.9850777168318983,-0.011875450689894596
-0.36685487259493726,-0.904145336454818,5.470282626971098,1.4291112084436084
-0.6615107374909754,0.21202833381880262,5.110734624660676,-0.968129393316288
0.9998350253575597,-1.4094182170548344,2.2455343412811817,-1.5105747930916067
-0.2603878234972727,0.8166524294020004,5.25371248971177,1.312270851216538
-0.2846689731543289,0.4951941299797582,5.594891940518746,0.15980864708638953
1.0808554344295003,0.34395411193564823,6.484608845221481,0.4475019033586145
