a,b,c,d,e,f,g,h
0,2,2.8780105245887238,5.283182816105283,4.876555070525528,2,-2.191049363452215,3.4987533649584317
2,0,2.24495949472122,1.769729321969322,3.444297484934263,1,-2.978714466969068,3.752460185686367
0,2,2.876112715412352,1.8297798337902018,5.803190949932156,2,-5.047310764940392,1.9587592145677417
1,0,4.43166462100393,2.583716102545463,5.251317677500531,1,-4.33414961196749,4.077571270949582
2,0,4.605526538399592,1.3868260184568777,2.8598295912383658,0,-1.7780123862773356,2.7314876402976918
1,0,2.961142173268415,2.316173499158953,4.316112330907264,0,-1.6731819189869186,2.0626638554815453
1,0,4.06650334665736,0.8380811409045663,6.824689493733076,0,-1.8741495830884645,2.6628238409530205
2,2,5.061421415244431,1.6014617092498495,4.003025222318842,2,-2.1124833458990913,1.0983098910034044
2,2,4.295602482985447,0.11721093952468187,4.263508704832347,2,-1.851785033385331,3.408956570625243
0,1,2.1314320909023428,0.21086445031742618,4.90894083949255,1,-3.3204541176500237,3.686018855363272
1,0,2.367119345377108,0.5213844585853089,5.666988234744942,1,-2.510637573898996,0.3887664130028319
2,2,4.578172206088048,0.8324974230210342,5.410821277484146,2,-2.4070887069742315,2.778630185578354
1,2,3.6116987997311716,2.508330943687267,4.76981578438727,2,-1.6321657508725054,2.6010174414811984
1,0,3.91314202832303,1.6251934865259647,3.273893535062901,0,-2.3823270621377093,3.6695429848093037
0,0,2.3917376080837016,2.322207796971715,4.71198266927706,0,-3.0539903783851834,2.103261211640993
0,2,3.8650789072924523,2.4662967790630788,5.2878746002111985,2,-2.202063163084882,1.2074730138117564
1,0,3.7654577727212324,2.361833240108571,4.998162448704033,0,-1.8560723895862719,3.0137719553732936
1,2,3.91816950395508,0.7471702513687695,4.607243797424871,2,-0.37343752044635004,-0.6558872429964284
1,0,4.8879936454988435,-1.0629259633425845,5.6877993179711686,0,-5.359395880431053,3.112662342209582
0,2,3.0730451861146726,0.7832190894937667,4.177817797601659,2,-3.111341463169857,2.890636086699717
1,1,2.0184198473239414,1.8500668027658798,6.285419880736668,2,-1.6200288074621612,2.1789320275625035
2,0,3.1642352953784227,0.14176739252391113,5.437739938891033,0,-2.2060254332812574,1.3445776465972383
2,0,2.6997787628619005,2.0679072462279904,6.268223330998313,0,-3.7123603660680025,3.8146539272303333
0,1,1.0997928333767903,1.9232350966325642,5.213841504407213,1,-0.7295719445017059,1.3772838208798523
2,2,2.2764725918055975,2.280854694794915,4.562331566588857,2,-1.0440319673121254,0.9832715454087397
0,0,1.6490523938774078,1.7237119583458105,5.7432377118910285,0,-2.296025897141633,1.7985649736341693
0,2,2.376218342035661,3.428948467798895,5.959376650982905,2,-1.5431296402531454,1.2437619576666976
0,2,3.1218491217832103,1.3315661645361063,4.506774324930317,2,-0.8154858273052796,2.691348696969536
2,2,3.105419864158748,1.3160351419454455,6.092634861279126,2,-1.7823688246456038,2.6371986662112987
2,1,1.990151426959528,0.9557612507177009,4.659781412491033,2,-3.4720990573369708,5.028696103947582
1,2,3.3223569012936918,3.0175833101465086,4.954088650794727,2,-2.2778646261269158,3.5832269948000337
0,1,2.099375413461035,1.9172693563374201,5.335610223213161,2,-1.3053271949786083,0.44009110590004963
1,1,2.927712851686459,1.1547955940670365,4.534202438886407,2,-3.2716089292065154,3.789516003640255
0,2,3.079261650765784,3.4254790440160017,4.960623873373791,2,-3.5382536676454635,2.795214825665837
2,2,4.8453343401759446,0.6595756492049987,5.670078011143204,2,-2.2074540019049236,1.9877678378216388
0,2,2.7187954839976114,3.2159242923677143,3.364209030575386,2,-2.593841389992643,1.0484141082198812
1,1,3.842336868896766,-0.3783224109356129,3.333910499848768,1,-4.4195210120220985,3.2484946655207745
0,2,2.857418854983232,2.581631123440326,4.439980344366639,2,-2.8199369725148937,2.4271735937460144
1,0,2.955879702321283,3.0039393182276624,4.774856010649161,0,-1.1990251471394155,1.7631491615982318
1,2,4.4783695257575395,0.4244291667845681,5.700576573719377,2,-2.0635977015988134,4.143328653923549
0,2,5.516562675848863,1.1182469067435412,3.1922422260101264,2,-3.5401197190353733,2.362184714079127
0,2,3.481975743801938,2.954962233810728,4.947722654719963,2,-2.7069548652148745,2.4927310143192867
2,2,3.329166267381376,0.3218142500804235,5.396603599470631,2,-2.714131959984447,2.238465719958205
2,2,3.769486140467455,1.4818139358808895,5.763435600787534,2,-4.203268013540018,1.9934487992262715
1,2,1.7093489867937548,1.498535054679774,4.675946679933432,2,-3.3563501816927435,3.384270414732258
0,2,4.596944977020549,0.33204332103546597,6.208889195869176,2,-2.8377831059633327,2.128109085035484
2,2,3.548257266666111,1.8944048214075688,3.810972411230933,2,-2.1248492009390443,0.5099068876314423
2,2,2.2197679008944706,2.4999785614140295,3.798718995687148,2,-1.7509023833350632,2.289443194519233
2,2,2.1465685702095048,0.7607151820142801,6.204243376702004,2,-1.7415348165271898,2.637935349412749
2,2,2.20931628537638,2.9130944157805603,3.009774068645953,2,-3.33367741999002,3.646709812453571
0,1,4.142879670586448,-0.07563660591348809,6.449213318293067,1,-2.9711996802835685,1.2137146200561157
0,2,4.090459629662215,1.8742195732412588,5.0163933765500595,2,-2.4581732878885645,2.0633322973399655
2,2,2.1661057015450877,1.8478904781746424,6.865321064270144,2,-2.9853413057379017,2.1180607199204147
1,2,2.8034862470566013,2.2359873955993907,5.787370626689739,2,-2.3266514144406765,2.623687297985747
1,0,3.725399986620495,2.463991971468642,5.001791154200093,0,-1.7006155036103645,2.033261889242432
0,2,3.9918397998135027,1.7834920436142914,5.236967291214267,2,-1.5723581366189288,1.1585921272071156
0,2,2.896204560830623,2.4675016056867616,6.66184920794638,2,-2.405334488774361,2.8789138578784166
2,1,3.4117744130894216,2.144917676989687,5.048008302628961,2,-2.417040419285424,1.7403704908429924
0,1,3.8517444602390505,1.8707269362282315,5.1283239655593515,1,-3.780318889354441,3.483882429464215
2,2,2.246675298985048,2.0787887530088787,4.771033995483556,2,-3.3297758366920274,2.679686267408978
0,2,6.604842558025577,0.7558106168749943,6.694372443803079,2,-4.4156676015609575,2.721367058789103
2,0,1.9062804548119106,1.5359051894266336,4.758269212811822,0,-4.117518766787706,4.237472912996971
0,2,3.4596785100051934,0.7605907526097091,4.216292912030306,2,-2.674382181838409,0.8623107770349148
0,0,2.6560934178400952,1.7625932355615888,4.7390397084343405,0,-3.7074094480270423,2.6031773988892932
0,1,1.9436969487092393,2.4763634242161374,4.554141331579159,2,-3.1537380032103592,0.5840902151231901
2,2,4.754615025312804,0.9212808054898229,5.190156385823108,2,-2.0496666977827163,2.76028630559582
0,0,3.1912055662634975,0.9769639346093578,5.570271460293954,0,-2.9391856365918416,1.9994763342420963
1,2,3.486619129814485,1.7243687060347552,5.4738536368723745,2,-0.31064161367642384,0.4132985642635404
0,0,2.0873119511468383,4.368172094232341,2.547924892001949,0,-2.9586886899018414,2.491613714178379
2,1,2.7472565243539795,1.9347558868399841,4.369741165668531,2,-2.0840946801919733,3.6677077958455504
1,2,3.0347126536263116,0.934948165188958,5.957625112169796,2,-3.0393027145752134,2.511668547124632
2,2,3.387893890899074,0.7050891622303865,5.2655076798398905,2,-3.9538652064852258,1.5033009049705433
0,1,2.7630172378889344,2.305423453432475,4.409089621497754,2,-2.9321095400207797,3.5267761111912073
1,0,4.496120399887447,1.4327803926667273,4.150225044402786,0,-2.445366117558986,1.9208194266109673
2,2,0.9016549334818169,2.166537803665726,6.038102454190714,2,-2.6350782139045767,2.362438726222002
1,2,3.2587776369464363,0.9265675144659101,6.2004663873564265,2,-2.106923583439208,2.0284878943663087
0,2,3.6303114990519885,-0.17607590929691774,4.208566064485584,2,-0.3453799619091331,1.912649910322305
0,1,2.162940075090673,1.7734414119613273,4.463364345880509,2,-2.129514745523741,4.083434791998268
2,2,2.9614846758832547,1.9118132793694183,3.7255665469663004,2,-3.1450081188158614,3.7556473372828014
0,2,2.4055830372307048,1.9971641382754104,3.8186887868318404,2,-2.2081983350168075,2.3605245524895615
1,1,3.866981669729336,0.8661620866835769,5.713246721664687,1,-3.5573461327427207,3.655194043193196
2,1,2.140569860152615,3.5591977577995833,3.851873490840393,1,-3.2371764242339385,2.398450926897971
0,2,3.2821780496880764,2.9843889550338414,3.9314684143898018,2,-4.898350881765612,2.4829245050357875
0,1,2.0820743044565493,2.633792838540869,3.697397643186189,0,-2.7243516017886726,3.4370360741539163
2,1,2.961131234822967,2.169594682101571,5.266014836202489,1,-2.397935307173045,2.4755774842862426
2,2,4.100309134065608,-0.04062106040604618,4.247430913436769,2,-3.036754002249762,3.236786268907798
2,2,1.997070090595161,3.8715705733614105,5.568083004422842,2,-1.9327729331761196,3.7005359885052784
2,2,3.2828496745923585,2.343489757758573,5.353321261555323,2,-4.111997310491824,4.037465088203825
2,0,4.148885962187205,0.5521011669530369,6.017706146398459,0,-1.0365187653489607,1.7368054343799704
1,2,3.925408636835155,-1.1780319633265572,6.933392077763541,2,-2.761756020386783,1.43718346043357
1,0,3.077352434168276,2.3780080440684612,5.18575035568789,1,-2.490728863175637,3.108337262604622
1,2,2.338129433931602,3.0966988817100245,3.7109357520153923,2,-2.530516165911268,2.7958404234366765
0,2,3.3621093197295946,1.8463759220055078,3.6347021944886047,2,-3.3769417265549757,1.83956668733234
2,2,3.1233360107579946,2.5466469158603995,5.000836534343969,2,-1.4153133987393345,0.5103842078324401
2,0,5.6468743306375,-0.36034216059278323,5.319951759375238,0,-1.6698072498332364,0.9138269977102818
0,2,4.826713264918622,0.32743352291427397,3.5388254959005874,2,-4.1849536246435335,2.411985217643588
2,0,3.882790251418651,1.9781987809658756,4.090804791075504,0,-1.7004284645659689,1.3228517032884484
2,2,3.597909804921509,0.5082522150520452,2.8696331061857063,2,-1.3630678498158477,0.619898222063237
1,0,2.8350149767133033,2.5657904121276065,5.00424675744862,1,-1.4160912489212056,1.592527187849051
2,0,3.2178663551629,4.9255350554485,5.653448210234282,0,-0.2530157798096284,1.499825413679118
0,1,2.2729662072760997,1.7139508073610927,5.669190852124849,2,-3.867952012933074,3.756309961179133
1,0,3.6296774157674814,1.0710052676027304,6.966106405061702,0,-3.529262811392125,2.3357182561697636
0,1,2.915681363795748,2.684746360180651,5.667174095481333,1,-2.991944636967089,3.3847546468951535
0,0,2.5747897983125068,3.7661100264584997,4.852662264099149,0,-2.623414557150114,1.9378212268740427
1,0,4.286073411363327,1.891546022836946,4.788045447583799,0,-1.8271150647281371,1.4185832916043737
0,2,2.5388976895358204,1.462515243815301,4.7632457432574435,2,-2.506587419059741,2.2062501153401155
0,0,2.932047769407278,1.8167409361988258,5.240843870431919,0,-4.538132315950484,3.104067945930421
0,2,4.052034228810493,-1.1975267160000684,6.093590004008419,2,-2.7297401754018775,3.3028287117542625
2,2,4.471459105764154,0.9267604686467374,5.3861107470590674,2,-2.605279882276863,2.7799234925346736
0,0,3.89916067915785,0.1813749542452101,5.9153304391799715,0,-2.261689862367704,0.7595085262439683
0,1,2.432246845578811,3.2064214859701825,4.103112939088549,2,-3.490826878878225,2.5899426977446423
1,1,2.787759250746063,1.0692514361874899,8.27453899364379,1,-2.3015584077414304,2.9468180613900463
2,2,3.146142761391252,2.2882371605768554,6.298343177303341,2,-2.886884864402143,4.121456386165921
1,2,3.3358461153963037,2.668482100680806,4.686015440625626,2,-2.684797388657476,2.30875250494255
1,2,2.106951620082955,1.800062357115338,5.1373969435111295,2,-1.1301140851864933,1.6166762113233741
0,2,3.0596713608825414,1.3214559815693536,3.946967495480175,2,-4.145064597574298,4.187398941802381
1,2,3.794314412273458,0.056634608147883236,6.84536255189526,2,-2.252477061181467,2.2419774710912925
2,2,1.553859373831479,2.2088031083949975,6.118497188212266,2,-2.9937050467927775,2.6645379782549985
0,1,3.558578228471653,1.524575819404263,3.9990195365589805,1,-0.6865145368917029,1.1278948253550571
0,2,1.8910986564439296,2.8237618798693234,4.9824868699961975,2,-2.253873748782651,1.6292516239078734
2,0,2.7807939510790116,3.957344205666255,3.8768819248151143,0,-2.0748754214997067,2.075598521307906
0,0,4.780104079603264,1.3537138868032672,4.790479596285976,0,-4.013415184388046,3.378190446819307
0,2,3.0998679712439197,2.1422885541034438,4.8925564335269485,2,-2.069676440382036,3.800395810960297
0,2,4.399565453020305,0.9814568215656364,4.0928041503431505,2,-0.8765274474098834,1.551073870868982
2,1,2.6018091793695453,3.6409196989944768,3.5193649307474795,1,-3.3930913018222513,3.9453729836233253
1,0,5.246661195915042,0.39080194312681527,5.020157494086256,0,-3.062735276924158,3.9388123803714254
1,2,4.9320896971839945,2.323457216448647,4.93735572032524,2,-0.44138350218608924,0.4178379360271989
0,2,2.6040157044712195,3.368983720530659,5.718652754558378,2,-2.1908723290700696,2.5152699480454435
0,0,3.0475246718574778,2.5259024290654897,4.2482240840936205,0,-3.4645840362036644,3.696323470531686
2,2,2.494821608434717,2.9965947045828956,3.086549568857878,2,-2.693900747843348,0.432192381990149
2,2,2.846663343885105,3.4964740502683727,5.403590945779014,2,-1.5251670283643448,1.9640420328786365
1,0,2.123974571363309,3.8905562599304115,3.848555830298187,1,-2.01211180339177,1.1838246253540587
0,0,2.4976223416155037,1.506883853706794,4.4163828855243645,0,-4.87137385425235,3.976350740233493
1,2,3.633580294172936,-0.1943999624740309,5.212159856020276,2,-3.999886270440098,1.9953226986900836
1,0,3.252892653257358,1.7290247519142365,3.1175698201326254,0,-2.423592520837816,2.119972027678703
1,0,4.994861814102798,1.981917247495824,5.602314324869377,1,-1.9975889318002111,2.677407204111764
1,2,2.5018996880630193,2.4964683803953207,4.4529612592179815,2,-1.7920859050751523,0.3938660576085966
1,0,4.580764324779759,1.3320168359407418,5.557165272710762,0,-3.6206230598084135,1.7096757693546898
2,2,3.7394472271685495,0.6297580565043293,6.097388505919222,2,-2.786235550727335,1.9972766464532454
2,0,4.324027211486262,0.7801803307403938,3.841308641991205,0,-2.843658887087878,2.752362000689668
0,1,1.477600095341719,1.8876761004521239,3.40478550634515,2,-2.776189743090338,3.092593852196988
0,1,1.539718577441622,1.5746109188377568,3.924691514531028,0,-2.4679565979138722,2.987162575807613
1,0,3.080261064407685,2.1221019602100237,4.793759881623766,0,-3.1044394894053777,3.950512416377839
2,2,3.1159430008713125,1.8872556654512154,3.4926341563480183,2,-1.7372191744750536,2.4569679594409966
1,2,3.1640923442960047,0.4616064501485828,4.592959131241616,2,-2.4032850754126347,2.5336244283377933
2,0,3.6904512403414853,1.4852085616674835,3.7636177406090203,0,-4.628745262622668,4.3872801755358015
1,2,3.4879762098278873,3.479309311172351,6.9208168549872955,2,-3.6932504728847695,2.5319120881216763
1,0,2.6116024588773215,4.162849202888708,4.9531295062013845,1,-3.0113653295382363,1.5182521165842178
0,1,2.7420752511709434,3.8585954864268266,4.551768806714446,0,-1.2836148324317567,1.6492739105424121
0,0,4.607317971134961,1.576320604721443,6.67664389623916,0,-3.3031614097194595,3.1965332347981903
0,2,4.546860599544309,-0.17131758904776162,5.771435483323089,2,-3.3651368776426898,2.9939941459363433
0,2,2.981376181258511,1.767690777574213,4.655993953283262,2,-1.3227524242463484,1.5594241815626937
1,2,3.2971044343576907,1.811068424598825,6.460436106911446,2,-2.243983467820521,2.2615257553069235
2,0,2.047248829522837,3.2288976098188806,2.0688324739379924,0,-1.1398446625692145,0.6911099718065177
0,0,3.765958121308382,2.178407161750726,5.083949998972897,0,-2.614170259193677,1.9419918993280907
2,1,2.444499468431906,1.9710045497985358,6.746745107574405,1,-2.564283240839455,2.8187842147278097
2,0,2.9912813337762754,2.0097285810740444,4.890563249533201,0,-3.6779707089677545,4.537778413618106
1,2,3.565813081548961,1.5767012125431155,6.602076903701086,2,-1.958959166831654,1.6316994050273212
1,2,1.3260064244209486,4.221157276650586,5.161929155000509,2,-2.9349753966840275,1.878127575013173
2,0,1.329961398385366,2.1268509536124425,5.702297934571597,0,-1.7920211876661745,-0.18524417088400646
2,1,1.730596376912444,3.2137701102659904,5.176099895311823,1,-3.4314794177360457,0.8719465430530955
0,1,1.4436893064127942,0.46328384201729755,6.9075730005313165,1,-3.7883586157337215,3.557169777491866
2,2,3.8825171682083255,0.7116490389531556,5.867777899494022,2,-1.5832553519845554,0.8104318677854265
1,2,3.105202766628914,3.9137755346452314,4.338503311599995,2,-2.326789845151941,1.0540027018722131
0,2,4.221532822344207,0.6692261566609947,7.582218218236708,2,0.563239288463782,1.7621332146015258
1,0,3.617075311563334,1.2793238247873406,5.430123629813757,0,-4.947659396996351,4.688110893660351
0,0,4.087510878536636,0.887530697775053,6.181652955684264,1,-2.736991947927103,1.602924705727652
1,0,2.7712872407948894,2.479406400672628,3.017787534988779,0,-4.218105039260127,3.0678023905890215
0,2,2.17164064527469,3.0566989309665806,5.6671777819053215,2,-3.4167763078609394,3.3180524197433865
0,0,4.063478755202946,0.3424262701758014,4.932271378082066,0,-1.9651272671825109,3.49782402715297
2,2,4.319861773713973,0.8127011469791741,3.807458380992346,2,-1.3618484710940497,1.9818449836762102
0,1,3.135952717017614,1.6416711495775926,4.479177962313757,1,-2.0988084318440707,3.155674804412655
0,2,3.2002770223471892,0.8529323259828265,6.738290046322709,2,-2.9112964845386924,0.7134612254772474
2,1,0.8799081302489589,2.2469951308919973,4.1427882515611305,2,-2.3913321746105085,1.0766127535868233
2,2,2.201413280108269,0.9528768875213967,5.160222873765173,2,-3.632762201009057,3.586602617563021
2,2,3.6884257317446805,-0.02298411875067563,5.072303409138436,2,-4.176364324445449,3.322194321419789
2,2,5.166687817937937,1.087476965363364,5.881126213069084,2,-0.9522223579666427,0.8754934527751494
0,2,3.5457340566955367,1.0927773010321575,4.060675892762706,2,-3.826352153297563,3.051285728824127
0,2,3.4545989801155,1.7134134501928153,4.750121124158903,2,-3.5195406276595556,2.825029600453821
2,0,4.404683635192576,1.4703174883807386,4.647296763577292,1,-1.4959610859352679,2.949378426621308
2,2,4.362235287172865,2.8141980560214597,6.170416507001257,2,-2.2841570913708815,3.2797390015872487
0,0,2.4862349534664023,2.5384293327040397,4.821501380249578,0,-3.7522178506046933,3.7479075251600165
1,0,2.9053666200630923,2.637679968916205,4.960964279274378,1,-4.6955675211463115,2.766107102529
1,1,2.038551589183951,1.6330393059075665,4.337055911450104,2,-2.6484544330695865,2.6569874391893276
1,2,1.7738257239302129,2.492206800020693,4.63377030949793,2,-1.9494870157099395,1.5846723533689069
1,2,3.102589936693841,2.0972820193763733,4.991689318740384,2,-2.5178426064149324,2.396626908303983
0,2,3.6089494123821138,1.589150098922438,4.126050469547996,2,-1.5544048334522877,3.4705789334041857
1,2,3.0573258543186905,2.3781271374729953,3.3956361061371414,2,-2.5472861026156,2.17018984514221
0,2,2.2729141390164727,5.293715975476352,3.1037547866915878,2,-4.334756793509351,3.3615858845960425
0,1,2.159280127634189,0.10159715572372807,4.445269942825723,1,-2.8683145130464034,2.644176010286739
1,0,3.7368253708394947,0.9127193319227989,2.16550665503302,0,-4.088268175704321,3.1543742843772535
2,0,3.697143462093136,3.02525347856723,7.437156166444272,1,-3.1795398600736045,1.7092685268186765
2,0,3.6372123059843586,1.7510577716229137,4.03019164622117,0,-0.6489967569325277,0.932650352721999
0,0,1.3291671888880647,2.7477955805273546,5.315242380920512,0,-2.4719289219134133,1.0519087877885063
2,0,2.042043787389458,2.341433396082098,4.454872526440551,1,-3.4531792854338454,3.584165709238769
1,2,3.626911969096921,2.472451193999472,5.701845642448512,2,-4.069792123385456,4.114897888347312
2,2,3.616950516934968,3.3287449278329544,4.860565933682521,2,-1.913792112541325,1.6098985283959726
2,2,3.199064467800942,0.34231254588868953,6.415401627227416,2,-3.1514641217984773,2.9212771410812772
1,2,4.220595491621662,1.0603616693247064,5.171975551792505,2,-1.0441164695456107,0.5732607095882383
2,1,3.3668903729863167,0.8080474286588046,3.5034618077434336,1,-1.7738609792733457,3.04930142814824
0,2,2.2658329713905654,2.2364876109561886,4.294308349895489,2,-3.3671112905115494,2.1382917582495784
2,0,4.146747340806424,2.321222701210808,5.014857113508655,0,-2.915615122851628,3.3462323297453427
0,0,4.243142381729859,0.9974883893199433,5.056258345384344,0,-2.415974683294208,2.5860784416093923
2,2,3.1508425476786495,2.781188705065769,6.561055838183293,2,-2.9552916984403073,4.299313651124105
2,2,2.9701651314211577,3.1565267759477402,5.572679610330172,2,-1.3593404320805187,1.1522939617519898
2,2,3.6506783675662753,2.12848100362715,4.652668613983364,2,-1.8275540525575833,2.1615016041483304
1,2,2.6241885373642515,2.252896194486794,7.805273830611364,2,-2.2495761760558537,1.8272571913691897
0,2,3.8110887633405057,3.141556517914376,4.342576129453708,2,-3.528827089226067,1.3316151434854115
0,2,3.1781448889885033,2.940516807355202,3.557357548955924,2,-2.069072072232874,3.502746550465331
1,0,2.854889288688474,4.108869506329599,3.517199817126599,0,-2.145056614377334,1.9734076924556736
1,0,3.4446398348369645,2.930122208623457,5.1062650906416325,1,-1.4415532394628419,2.5733751661128235
1,2,2.7960695234369135,1.4730515717787371,6.0855647577823415,2,-3.289644831266722,2.0176526208354404
1,2,3.321771175187687,1.8665052288635469,3.904659262177203,2,-2.986841054999337,2.5939760754834826
1,2,2.069826434160949,0.19283256378524838,3.1161325202260306,2,-2.827174740036034,0.5886773276271415
1,0,5.077080554519657,2.2046978162180695,6.823405288439859,0,-3.9377722834741293,1.959018529244667
0,2,1.5784211909816566,1.8194067435447985,4.436500497447154,2,-1.453954123905644,2.4002778764362747
0,2,3.2286943206944665,2.1722374444323695,5.644252023073565,2,-4.501961118758663,3.3178988944627146
0,1,4.111680450509901,1.2840219684819327,5.727345972969639,1,-1.9671335032410127,3.3868633493484923
2,1,3.374472230776803,0.4931359602534118,5.912285204217271,1,-2.47654194854574,1.921380929116036
0,2,3.400662327996535,0.46113552166018357,3.527457967569145,2,-2.84269451258466,2.692505464360743
2,0,3.886207215219764,2.156448646896268,4.921102593606539,0,-3.33681893485023,2.354318515205561
1,0,2.828181280665014,3.7046480519963065,3.785748147333569,0,-1.4942080279902237,2.322114218093954
0,2,3.293027760843244,2.810442057938843,4.5930162416937605,2,-1.915522030357913,2.711834358402194
0,1,1.4999018443309953,2.526330095250852,4.313829144202341,1,-2.844534235127522,1.258172444760688
0,2,3.211870250582381,2.123146843420158,6.144830052071926,2,-2.613270553016352,3.0052464781866357
1,2,3.263458324737085,1.4461164294222129,4.577872667381388,2,-4.490600130403034,3.2448331538647457
1,1,1.8199971101628916,0.6263754771998598,5.403958277283459,1,-1.8553540038470135,3.1183418563441685
0,1,1.6928339479263073,3.5924443149678464,3.805215203348752,1,-3.6043989272144437,1.2945562918891118
1,2,3.061525136748413,1.6294712870825707,4.989973981925291,2,-2.9290752441249337,2.350725271036833
1,2,3.5059366588195786,0.28255921264663897,5.433625382232148,2,-0.5398542289064068,1.4977465375023955
1,1,1.9513738387642112,1.5789043508796619,6.122990788479166,2,-3.7019928827690674,3.3680627472338363
1,0,4.31148105351319,-0.2852508658500026,6.18103780500384,1,-2.9052486406466276,1.4717215350404174
2,2,3.5046971984076065,-0.2794510150908278,6.604600089443911,2,-1.7005850590056044,2.7831691243799215
1,2,1.6192706398251242,2.330545895882703,5.955454446012464,2,-2.2057702756518713,2.4514509285566577
2,0,3.305217219525118,1.4036391904692906,5.961699538411036,1,-5.994119825322622,4.106020154619667
1,0,3.5726067768836733,2.8193120467557518,2.497233530954913,0,-2.290146708015932,1.096895870357802
1,0,3.5217468667033733,2.5187785168473336,5.938191114743285,1,-1.2757547269004377,1.2871720351387663
1,1,1.7546790011499716,2.5215035020385064,4.206959969219781,1,-2.8192202825562487,0.7836267100514158
1,2,1.9464224826996652,-0.05724683949484399,5.80872756801944,2,-1.0984972934853117,0.8587670804152896
0,2,2.1934723483028895,1.3875173432413201,5.165332086556186,2,-2.080775751911086,2.0475776526044065
0,1,2.1838142081550287,3.549909726890898,3.988293317449938,2,-1.8418313066352643,3.001202599377598
2,2,2.9257402061828603,2.6294092021837177,5.154038345225218,2,-1.2419579104552305,0.580499670106454
2,2,2.2529893316122775,1.4600194440972118,3.4346510194189035,2,-3.0808264946200037,2.8768564263677865
1,2,2.9646166119824695,2.1897189667358283,4.964141481962321,2,-2.7595909379262906,1.5945420414214881
1,0,2.1813970534048215,2.213706476170846,3.849925254094231,0,-3.740243072881909,2.729550650618617
2,0,2.678458888314502,0.2958495615283969,5.593988188741524,0,-0.8392966905755657,3.464180711073122
1,0,4.573366121563636,1.861687262257826,4.550941715354368,0,-2.452309605033944,2.7601696866676484
2,1,1.0747536373879811,2.212580767322256,5.817018218220839,2,-3.3517571972608815,2.569543276381766
0,2,3.920095941169046,2.4755068805132074,5.852231619278907,2,-2.479021499925303,1.6862117820032072
0,2,2.4876610249566826,2.169023453111987,3.784533073319313,2,-3.3375371356206545,3.1488179979364563
0,2,3.285096789819537,2.41856533477299,6.420112117930188,2,-1.7710632407022475,2.29329374545927
1,1,1.9706319393632008,3.107927031342632,5.0572455756196035,2,-4.429902611855274,3.3094437076771626
1,0,5.007711793556593,0.9432400837447572,3.891287586452547,1,-4.501370589559601,2.6360852961215278
2,0,3.430413314813313,2.5090261578575612,2.772965132069325,0,-2.7333570061219516,1.0715799951467428
2,1,3.0959109858463827,2.9517603762605247,3.3345534630390268,1,-1.4524726001455635,2.090157570191882
0,0,2.0087861668335982,2.696366051077516,4.785031496217433,0,-2.677830760123422,2.8792889126680876
0,2,4.9956880345811285,-0.02153919628297174,3.4293436110774547,2,-4.831396229701465,3.6107544811514285
0,2,3.355292574677234,3.0570522711897787,5.426224209831744,2,-2.263144896554,-0.014252437734718182
0,0,1.4518326337265686,1.061606621424231,6.797931427342238,0,-4.346056627948325,3.5471228136640023
2,0,3.331596212658672,3.827107830206356,4.5635162454057046,0,-2.3530408919123253,2.4255560406412067
2,2,3.683886180680548,1.0034948048984402,7.289502786350225,2,-3.4640982362496784,3.909718568008321
1,1,3.1880870089279423,1.7677795370709457,6.3217391413258275,1,-2.3148351764397948,0.24913361308577864
1,2,1.2337370597768527,3.0113042394595606,5.693175226052952,2,-1.8169095250677247,3.748832782758174
0,2,3.227976440496563,2.650692487044615,4.954948363556107,2,-0.19895934878482757,0.33966427463110704
2,0,1.475903640225964,2.807311836107294,3.598780335123637,0,-3.2040414857835677,3.352194725218815
1,2,4.651076064716074,1.0037322521072547,4.53773698479488,2,-3.6184929977914124,3.854009034312961
2,2,3.0071997995407975,4.384857890241902,3.2018304569958946,2,-2.113754500707276,3.03380310585083
1,1,4.530119748543141,1.663346785291827,3.7123155736014537,1,-2.8456475659391263,2.20954103602863
0,2,3.3627998965310137,-1.601265426125853,6.583145584852558,2,-3.2195209117392114,2.1676380517249374
2,1,0.8659595218416931,-0.22082661531651904,4.828031643814032,2,-2.0598208123423327,1.346971786553251
0,2,2.0664082005303994,1.1933504380344995,4.329530528767205,2,-2.1878569368360488,1.9075584540541568
2,0,3.644326856423141,3.0308142682665182,3.709628238582897,0,-1.9672676978786707,0.47715738503409066
2,2,2.731829321269215,0.9785206072620067,5.384206167642009,2,-3.5346707508174147,5.101157541792063
2,1,2.775624212404695,0.6067764819485928,3.906619381533175,2,-2.419432610278747,1.784349262820855
1,2,3.6408739921326534,0.8139147290808679,6.5049022543679165,2,-1.006585415703309,1.7633215042537747
1,1,3.150857420582898,2.275773283534417,5.439216671967319,1,-1.9732040160794273,5.522137061475263
0,2,3.3203869619847493,1.9580629158794864,4.849032910525721,2,-2.2231510879981706,3.809705595559712
1,0,2.519256872589322,1.7899954885392022,4.86966924289854,0,-1.9785282487949072,2.6093851663508083
2,2,3.812414298057962,0.5815770176372699,5.45819202097279,2,-1.2077456878729316,1.673635455605877
1,1,2.8615747072018394,1.7777907981253591,4.891172335133532,1,-5.168465309545434,3.824154564014596
2,0,4.449586598688298,0.08287178771745651,5.324849776163139,0,-4.2633031034341755,2.1973723859010934
0,2,4.548475901370952,-0.3693774898531159,5.765557955217815,2,-2.2749934471341695,1.32393555711872
0,2,2.6782065881906445,0.5296666250196727,5.059319789499706,2,-1.6907042381265165,2.916610776240013
1,2,1.867421770842041,-0.20421547804219742,5.509937405607188,2,-5.0248147712191695,4.71073857035579
1,0,2.817268033406841,1.6948871322013503,3.8804923736523955,1,-3.011246817488525,4.286488494183206
1,2,3.8229179221472336,1.4992964449485047,4.782105810884586,2,-3.9854992937424254,3.671734079756418
0,2,4.7437387814880605,1.3887677515975683,4.952358395551024,2,-0.3960176996295326,1.640548765279883
1,0,5.016042987394638,0.23710760461834401,5.9571845026845605,1,-3.1043500608772305,3.4589312266010923
0,1,1.7499792742721407,1.9315620170382424,5.589381829289584,2,-2.786896601951257,2.7754315528637266
1,0,2.4842280130430114,3.155759743680213,4.3763459906446895,0,-3.776927155857969,4.081566247486796
0,2,3.1295204286928064,2.074575196124187,4.556854875128981,2,-2.8739694758276837,3.72215824117367
0,2,3.707024663802462,0.5170729885125607,4.358196125984043,2,-3.1895350690461814,3.013310920260395
2,2,4.820708845180009,2.2580614247515274,5.1501810546142,2,-3.36564686611397,2.701020674225042
0,2,2.054829762369608,2.1596508081098733,5.073919981560523,2,-1.8683304855750609,1.762702432373239
1,0,2.3999839406665586,3.971837523877224,6.243485087959961,0,-3.8650916949544234,3.9174972466504183
0,2,2.018177542976646,1.5420647683407793,4.8275343931429155,2,-3.5633701524065806,4.29217942410552
2,2,5.2488823196732355,0.6173440314734561,6.602084895229767,2,-4.781111476834722,2.088424184791511
0,2,3.0314182603201254,4.189738503550728,3.724811975673412,2,-3.129787333583165,4.623819973192052
0,2,4.159144344040611,-0.530563118428039,6.45918737664325,2,-2.3745923176692783,0.434642796778101
1,1,2.5136149943225736,3.7211876019321206,5.691228720584438,2,-1.532844019032628,2.5917889783639696
0,2,2.9078731754479343,1.0714304330745072,4.512639057939474,2,-3.135905963026724,3.0964293746079177
2,2,4.158011315717573,1.1953736244839694,5.666118050255677,2,-2.7389532747963585,3.4844011170122298
2,2,4.523247998676638,0.7029225979779468,6.3359150203997014,2,-0.3482884526255843,-0.35039433677124876
1,1,2.2670467966220773,0.8011767185477228,6.458166685870275,1,0.8149907440215824,2.2028056715116073
1,0,3.496119426442397,2.9591898612585554,5.44933574170939,0,-3.5269903341926807,2.9652850240049444
2,0,3.0965557286823318,1.8370964034221746,4.2920130940995,1,-2.444048313411373,2.671763258561216
1,1,2.1511576304844313,0.6920310073228433,7.329476290116525,1,-2.6526661487546415,2.240766512252428
2,2,4.993206380680389,2.739839744332002,5.821590671501873,2,-2.338806624932754,2.488983814287399
0,2,1.2150775375399956,1.6171554689243826,4.1007903537452925,2,-3.7779777427659056,3.68046933934658
2,2,3.1421099349911055,1.944837038907234,5.932139216407856,2,-3.948292935017067,2.5950357437489906
0,0,3.9753355385397593,1.9918553239123513,5.010356630647054,0,-2.680749893582494,1.6317159757019142
2,0,2.5744680204640336,2.0706036953659943,4.7819390208141535,0,-3.2604654997215983,3.9289312434062422
1,2,2.005780062311705,0.7908867675525657,4.842056939859524,2,-3.103599229445328,2.0283282780165592
1,2,3.8519455975993186,1.8616104519243624,5.573134454795914,2,-4.36482350853684,3.3447162169780054
1,1,3.2284341384774913,1.583671576365847,5.243971324483123,1,-4.308796490177326,2.780300795403433
0,1,2.0261745548795207,1.3932222694564587,5.73698748314181,1,-1.896584175313487,1.589215889918055
0,0,4.915329635417356,1.1911923731670657,5.084981716527515,0,-5.360532835222239,3.718771648861541
2,2,3.2994374681115044,2.4113091564729325,5.146779489113307,2,-2.0274610913909923,1.648420006055836
0,2,4.484322278076503,1.526281611042712,6.123790089520293,2,-4.144392611820783,2.259861124158328
1,2,4.3554637532281415,0.45984104110431934,6.1315065493657706,2,-2.4017764323196946,1.9739080599365342
0,0,3.276583847225143,2.9184581445929787,2.842634220054074,0,-3.9321920479347265,3.6530411273901846
2,2,5.3822088200196845,0.11445271595347722,7.09158268423619,2,-2.0723787594906096,1.891735502390815
2,2,3.1915622633540988,3.062779866777012,4.331692761434399,2,-1.1814676550912755,1.5276701461580995
1,1,2.856375661488034,1.6063804073704717,4.5176213131117,1,-4.115338806193129,2.6384003686389295
0,0,2.8424972905607415,1.3375025416791257,4.709286502817758,0,-3.515444539095487,4.185764825659897
0,1,1.9471003807381166,4.023343773383975,7.764850883750656,1,-3.517612320247567,2.9841512567688544
2,1,1.3431641419213773,1.9980251968433758,5.773643324439238,2,-3.695133109383779,3.187627190716298
2,2,4.860454528834344,1.8617982093594114,5.49065841294207,2,-3.4931532080933043,1.6286250070234254
1,0,4.575488494009775,0.5131003542622539,4.5265692068979195,0,-3.487911748470628,3.2289724194799465
1,2,1.8872711802541047,3.0613703577829066,5.184225948160173,2,-1.9550531207659048,2.0020696498000152
1,0,3.9954763135078277,1.4177277958641048,6.320215906610221,1,-3.3673963387963712,2.813502781085545
1,2,2.1630106749000997,2.408124466156916,4.909691380083659,2,-3.1513664191837307,2.6361272586894753
1,2,3.954940508103055,2.967970813567935,4.222196109500439,2,-4.780250853938769,3.680681539748653
0,0,3.728240470502027,2.0091224842643594,4.55512186576018,0,-2.6670631668067473,0.1895963219510377
2,2,1.3715996716446968,2.882907006754144,3.6028061838216674,2,-1.8052217286640846,3.9463436073722375
2,2,2.9128778891238665,1.336352629174712,5.596088920005808,2,-1.2783362826340259,1.174277331351605
0,2,2.558533388638121,0.29502147179152227,5.117684425726268,2,-3.1110420734375226,3.91989527527137
2,0,3.8294265386162682,2.77295953319073,4.571100715748065,0,-3.1603191652497773,4.324641389444057
0,2,3.40381408981834,1.0756865340552544,6.878494116507084,2,-0.7712547012896207,1.9129611523730463
0,2,4.616662930274526,1.2705271269207588,3.9548917868028006,2,-2.517919090339548,2.5514987406444884
2,0,4.948205706516315,1.3502967918059299,3.714990255511755,0,-3.1367863374362384,2.695267627159732
2,2,3.1024056410353578,2.2472288243982703,5.61027245103473,2,-2.466217724639918,0.34443296323148287
0,1,3.4618779042326815,2.4002728859353315,5.5632618192193135,1,-2.2229727833898827,2.327812352918198
1,1,2.182075597390681,0.936341434357155,5.790400587655505,2,-2.294787894884606,2.6587686258400725
1,2,3.880346339720135,2.3082067281835537,4.157244411795369,2,-3.2100380154886894,1.9327920254996198
0,0,4.147428258719286,2.382683299835632,4.713221125549447,0,-3.0247143720711547,2.1288323707683716
0,2,4.662842240030916,2.2823022923384793,4.303592279452802,2,-3.8282671437739486,2.4871209724450596
1,0,3.1418824029074455,1.6178357607098997,4.886668120815382,1,-4.076146826789259,3.305848112850056
1,1,2.4688661979717366,1.933065694311951,6.454686139422551,1,-3.847058604523629,4.945530296888066
0,1,3.663960693921225,1.7870641440402426,5.153521655273336,1,-2.134086551855213,0.9561117084289501
1,1,1.0934598104973632,1.0777733488194472,4.762452448028525,1,-3.4945134293752327,3.2446434490722122
2,2,3.086123454821293,2.2561971341845384,3.9601063274272676,2,-3.6414107002952125,1.6799558090948756
2,2,0.8653729170996387,2.2449358447220695,5.182314962864404,2,-1.5594325945952843,1.1820419045816601
0,0,4.455272497997779,1.6658108187380116,5.50858525234394,0,-4.08414550402056,1.6575727920312802
0,0,2.951556761876493,1.6457339431249047,6.2979627323678775,1,-2.867742562996299,0.9619854465361148
1,0,4.239985174935938,0.8849971802437514,6.165634893249088,0,-3.0645164819683055,3.2382401282192417
1,2,3.6771840002635106,1.8393172148855237,5.888239207665454,2,-3.5472136465687267,3.879525164224538
0,2,4.611707106745122,1.1847498293238683,6.170574613192175,2,-1.5299312345458618,3.1191956887217
0,1,4.5198129918542875,0.7678161963292223,4.452718582780689,2,-2.8845585540883256,1.615942520269238
2,0,5.132310113951364,0.5041652648342517,6.112453425939737,0,-3.8693466502407876,3.9483813169257753
0,0,3.252701141206663,3.006083558533275,4.46756530226881,0,-3.0014168944549477,2.2367525110807067
0,2,4.273268375816356,0.19620603733364916,5.6571951922703265,2,-1.4112004220920322,1.3907156354226693
2,0,4.595723357831129,0.7085918313342279,5.168205903335772,0,-4.595289583288643,3.5110563197221745
2,2,2.9811102508787926,1.7616388950190112,4.365621332257498,2,-1.6159466558982905,2.5946254527108294
2,0,5.122633698826784,0.26009294110969916,4.673764530750541,0,-1.9219030395947487,2.9618577721176966
0,2,2.333217830606226,1.9860326958035335,5.774697791663557,2,-2.7839766236216326,1.863300741514303
0,2,2.8772100799117872,1.6846434141695568,2.8857817180068537,2,-2.992351120355125,3.586308346261517
0,2,4.643212605191064,-0.034900260688454976,5.130843786161135,2,-1.8634452879331949,3.224740171631239
0,0,4.713077461831051,-0.5707260777694341,4.414797919399973,0,-3.298552873837717,3.0217099587260376
1,0,1.5634062687459584,0.7629791181871155,5.148857065795414,0,-2.498467851966614,1.727908965373999
0,2,4.18989862052989,0.6992511735294729,4.706447728968391,2,-2.8673580345045844,1.8312468626808125
0,2,3.9671648900564023,0.9603524163049342,4.066148959038088,2,-1.4632206681673983,1.7058748990364532
2,2,2.3276112940059974,2.6793224568336065,4.113295310897293,2,-3.727929126416763,2.9007502750376553
2,2,3.401609253739939,3.6919648479579745,3.6657383837206687,2,-2.0911885715086593,1.6529604534650764
2,2,3.1115809947699833,4.283298116195512,4.781928598328941,2,-2.4545077483829405,1.8262033385312066
1,0,3.529079142873549,2.302997471664849,4.736707786423985,0,-3.9544988423105556,3.2608168754550713
2,2,3.8407774013628564,1.2399713955137064,6.279085009876821,2,-3.832123330125481,2.316194465190987
0,2,4.9292625705900175,1.837645706261086,5.066093427618237,2,-3.686789829993142,4.729038836922052
0,2,3.677720609553158,0.9081139258870006,4.0199448089825545,2,-2.683629263106075,2.1209180786950976
1,0,1.2316278197063495,1.6037740742975017,6.008928885656144,1,-1.648094664205328,3.3008087727137934
0,1,4.324362981628306,1.1459801739591855,6.597139044292923,1,-0.6242817822352702,0.4501999226124711
2,0,4.920439004974381,1.6583882173059938,2.392217369529865,0,-2.2519345069250996,2.0729867770875634
2,2,3.232370072468714,2.374812367468028,4.502669190432922,2,-3.2078407271006726,2.201851624584462
0,1,2.562588205939508,2.795928987216848,5.09168581276472,2,-2.9350361174710073,1.3308124350860522
2,2,3.046180834060512,1.3572718699971753,7.834217724383486,2,-1.3604708401355494,1.8233576047264877
1,0,2.3246751813250732,1.8868585000056828,3.966760254283294,0,-4.956619527769955,2.546734350676636
0,1,2.5253277143962056,2.1455400800178652,5.026215459528788,1,-3.7951184768609374,3.5986450909396335
0,2,3.8189732082996137,2.004013702935201,5.256716298750537,2,-2.364972820623036,2.1888503969379256
0,2,2.6156598512592053,2.1324643962483725,5.1732835240490695,2,-3.545130161221203,3.151977154751073
1,2,3.820400356780628,3.3572474256079854,2.477703839668669,2,-2.6674733007744518,1.119977706538263
0,2,1.1170948028031629,1.3222538231094347,4.644186088169717,2,-3.253942367345707,2.3769927221694123
2,0,2.950634138264075,2.3584924784529244,5.602798883520185,0,-4.988045453056381,4.417682332296938
1,2,2.7798048244236035,1.3331220601791767,4.817427326656976,2,-4.028117959750865,2.0446507413838404
0,2,3.1808537246695874,1.4826986295465163,5.533854973886903,2,-2.998934371546158,3.814104222849253
2,0,2.6957269306222447,0.7350639471703504,4.407911736653343,0,-3.774358325313471,2.3093495894843454
2,0,5.235281566112469,1.0736083991722858,3.0209818691135455,0,-2.3309124724590564,3.30552625613375
1,2,4.847480092557518,0.6505956538035088,4.483957482233247,2,-3.835254106260782,1.5699895348887392
1,2,1.7920392247393246,1.7918755711142471,4.794755946665276,2,-2.924894759136076,3.6355912649735966
0,2,3.1533323556110955,1.1644998740993615,3.81152016507507,2,-1.409821663033349,1.830213359198003
2,2,2.936281563497128,-0.7654803516120987,6.044338864187731,2,-2.944411345018603,3.4045666859058805
1,2,2.5705987693506707,2.331051050441355,5.605362649257855,2,-1.7654668681843315,0.9447147253974586
1,2,3.22412319199291,1.9100568701061573,4.753878959091168,2,-1.8961817754744468,2.277899890311972
1,2,4.277638790118787,1.5093415519064577,4.361239903999663,2,-3.4986089503311915,4.844997931603088
1,0,1.8566148048361404,2.539522009419562,4.371143568477303,0,-3.4198408862347787,2.456538473324424
0,0,3.4445582539899697,-0.37424088170806113,6.624393827942306,0,-4.912528465166224,2.7845068147950665
1,0,3.304876670054793,1.6107627192248888,3.4784151695457695,0,-0.9988481772523543,2.789124051525306
1,0,3.219251220312909,2.4002364724341274,6.7717661002908915,0,-3.438344229303716,2.2079475308548173
1,2,3.4509637538276756,0.8616004699010781,5.182245585228344,2,-1.231543635736369,0.3617139175608517
0,2,4.050584345028504,3.16615397430085,3.777618812797733,2,-2.6011489992951153,3.1373800495181916
0,2,3.2807669177868553,1.704606167603684,4.3628630031770275,2,-2.2080796948666594,2.6249193523386953
1,2,2.4753578007124335,1.8184349194829177,4.768145003639706,2,-2.509030580145742,3.024071080567636
0,2,2.3599825985189247,1.691145319389384,5.122988552213709,2,-2.951526773256893,0.2823453885605627
0,2,3.355138805831498,1.2035083363999877,5.211171895934274,2,-2.123172492742697,2.4974224345759355
2,0,2.3077790929628703,0.21084576164198765,5.120684081791025,0,-1.22073126903147,2.3030726244177266
0,2,3.8024897878630113,1.7988471916400834,4.860549438278895,2,-2.5331022582080513,1.4401203997224437
2,2,2.635384292953459,1.1338361326103903,6.963488800486558,2,-3.269188787031504,1.9804052661820446
0,2,2.553211954161534,2.2111831016693517,3.4329640221765345,2,-1.7201836542763385,3.05295272806235
0,0,3.5798152969117445,2.1983501157819636,5.190773619755118,0,-2.5632285450592693,0.765757865562875
2,2,3.7119209487941887,1.4418695767250047,4.752330963564187,2,-3.844548365997773,3.2504162625053215
2,0,3.050308348209497,2.7141529873883603,4.798136082916145,1,-3.128373046186,1.9425711965141401
2,2,3.4992969694129283,1.3386133379479515,5.683562983041573,2,-3.907646627914856,3.771170079324475
0,1,2.8505252373331977,2.922285391333314,4.607079169761198,1,-2.5328282829997613,1.1957991601078575
0,2,3.4392879710319213,2.4284128185649045,6.034005883197725,2,-2.035416036474971,2.5890784329755165
0,0,4.67554693285671,0.752463353419152,6.1333243846263406,0,-2.758994258838404,1.1654310028566173
2,2,4.384586330233203,0.2644556349881323,4.540501077981617,2,-4.003145139449971,2.9835239247048198
1,2,3.2624959974772714,1.0757860270790676,5.517602663028548,2,-3.3171109888195742,4.060618818181554
2,2,3.7756166130291247,0.331230272144555,4.663229957750376,2,-2.569840827125358,4.212683327233714
2,0,3.518800371434866,3.2565172432781475,4.339264624739364,0,-3.193800693657735,0.7974709036776906
1,2,3.097092344058021,3.1570764329093612,5.589351909271724,2,-3.603419263942394,2.464069263747321
0,2,4.915939412912143,1.2409005328537217,5.518148669940057,2,-1.4644012710618912,-0.19417775439779783
2,0,4.179831157009335,1.5887616245184761,4.733999761946402,0,-3.0131551900846114,4.032520747997301
2,0,1.548951945343405,1.8450769002950598,4.212608824063942,0,-4.629083955765104,2.304010574696132
1,2,4.1603029546080865,3.1610243330028176,6.027547614053153,2,-1.439753302274249,2.0660577817964914
0,2,2.495712543897327,1.1355030586769403,3.9723260511676366,2,-0.9763937327993202,3.34235657539077
2,2,3.5752292140753434,-0.15931532981693497,5.77584791679755,2,-2.2374841164228254,0.9531811075689598
0,2,3.7106205370476024,0.43489801923008486,5.672910097743815,2,-2.970561419718327,1.0821907374101747
1,2,2.5676708962311103,1.1281378857080506,4.666257730864372,2,-3.8941591407749447,2.1854908054333557
1,2,4.191544185860538,3.0681281034292827,3.248612186863199,2,-2.2940092877749314,1.3670064304842557
0,2,2.918290524747089,1.5206984771984005,6.258693451678939,2,-1.7031213960432658,2.753784031090787
2,0,4.059164978529751,1.6825373028323098,3.798393638354654,0,-2.6561863251849607,2.480381044660241
0,2,6.168103064240932,-0.046005716755795734,3.2596639419043236,2,-3.3115705696326945,1.9649528954609974
2,0,2.598085142958161,2.3640478501681494,5.935640698242282,0,-2.731442805943776,2.3603797260938
1,2,3.045522736261413,1.0632809534103171,3.1670348125664,2,-1.717316699679078,0.9989847734977495
2,2,2.1460029283137314,2.3208723711776185,4.911346190926217,2,-2.6375418539522135,0.4680456013791914
2,0,2.4970140785881583,1.4145125692286287,5.518904312383118,0,-3.3535694989050953,3.0326671550456834
2,2,2.437113475896085,0.33230115425681817,4.544705072762659,2,-0.9624502215473749,0.970191125624224
2,0,2.976870064310008,-0.2130534616285802,5.956388486744182,0,-4.084293678584572,3.316602318230972
0,1,3.9961426187502047,1.5799222530535602,3.899452207331972,1,-2.712685786256049,1.5275650431873562
2,0,4.38524766153315,3.0301161039511184,5.249104096222388,0,-0.4877830887654362,2.2803700975551777
1,1,1.8484322798080148,1.0188781344460396,4.513624468551724,1,-2.9876045608889057,2.5803270841865964
2,0,1.0872090645944428,1.8607111190748507,5.602051836985161,0,-1.5849236273614775,2.9094639854674087
2,0,1.6264158435855007,1.0801226876040781,6.891656862047295,1,-3.011464573356086,1.6104901694342488
2,2,3.0070917663430845,4.741220520645385,5.786510602790351,2,-2.504925046552194,0.4105157345631292
2,2,3.343552877253204,2.6594504805177923,3.9212500044340395,2,-1.7811973153623772,1.860290966532474
1,0,3.9027811974362443,1.267959217548245,6.004833381848708,1,-3.5838947066606384,1.176286918992643
0,1,3.683725484473337,1.1460670810827072,6.8175137499614005,1,-2.0191385643166413,2.12892244911094
2,2,3.700503447264237,2.6223692629318553,5.319989852347464,2,-1.1926263415862728,3.0714939593077117
1,2,2.2661002320496455,1.7372860279376723,6.5897081970187,2,-3.1792648199001423,0.7380228496777903
1,0,3.4527839510300486,4.506810688230938,5.995415534004628,1,-2.708170660640422,3.2859234821556185
1,0,4.120422507844117,2.034256578763173,5.477971277618693,0,-2.2111932408100166,1.6540989583618386
0,0,2.200173600743052,3.0060275693504144,5.759639148172386,0,-0.6241141372490069,2.325635896278683
0,1,2.360024866774851,1.7657556513024812,4.841350558986377,2,-2.067754008456088,1.8376113500644535
2,0,3.0284021383203257,1.9995582407460042,2.7545417769013048,0,-4.362328696002695,3.567919958811213
0,1,2.620053716249208,1.280156364454236,5.0359802324485425,1,-1.1822793717635187,0.4122802961539689
0,2,2.6870550097932937,4.5539880774869275,3.9306010359234924,2,-2.479269406751196,3.5750307760119666
0,2,2.0429905424516157,2.6730226371707624,3.390351482037346,2,-3.353200749944602,4.130424306262708
0,1,2.7067591830045217,3.19004562990746,4.723675731995644,2,-2.016215039220048,1.1591010388452545
0,2,2.217406594704129,1.9646190807032347,4.985943159509191,2,-2.1073134440796224,2.6257021645109315
0,2,3.604186936377743,0.23570667288354574,6.2587356254016875,2,-1.3308493601952012,1.3850328170094133
0,0,3.467203409182993,2.3804518031066886,4.635750315579586,0,-2.9781087993612188,1.7103177555080307
2,0,2.471498894974682,2.8115688720213963,5.827537135862084,1,-1.438385465619033,2.41747938689932
2,1,3.0518990309399063,2.651816350193661,5.402769503056906,2,-1.6784290594532902,0.7732634403178857
2,2,1.6442090518885129,2.3555695258689164,4.525112160910982,2,-1.592972290462405,0.4837854364892753
0,2,3.710393642473883,2.4521121377670196,4.146331317379443,2,-2.2894678969603075,2.81838973123382
0,2,2.527167737257918,1.6463526466278693,5.952647080137176,2,-0.5100531044052441,1.6825091025962464
1,2,2.321440536953871,0.29301334852234917,5.655017761302108,2,-1.5940405519457967,3.02819883900623
0,1,2.1964294525653107,3.125022527236988,4.968843567749435,1,-2.100765302938562,1.2043486982284684
0,2,2.4107417992806743,2.374397348872607,4.583254994702076,2,-2.311649499453591,2.395690651188567
0,2,2.2118638175829766,2.5191989948238596,5.961890275060142,2,-1.902435717592223,1.6256247171209406
2,0,3.7421185211569927,3.190140841187338,4.732204991221584,0,-4.247680258223137,3.027008257566707
0,2,1.889326873926513,2.9598569641077606,4.097435070539293,2,-2.775730966808227,2.769183811938987
2,2,2.720711218804968,1.1529781447966514,4.311042690327445,2,-3.1712745589596274,1.592395147218172
0,2,3.0052606408068447,1.562343924403307,4.040362623192344,2,-2.4250882591012846,3.208095938293289
1,2,3.8075072448402896,2.3279445562161984,5.617878761159851,2,-3.2396954373042104,3.5862911794835757
2,2,2.6872532785108496,3.023089608667906,5.357432754733473,2,-2.051426451811698,1.9835161003330228
0,2,3.471129888389592,0.9418161680113274,6.769067850281905,2,-3.3066425190136357,1.7945179001190075
0,1,3.4008549745803505,2.64109328808183,4.00730109665884,2,-2.489237051901463,2.6511632446586924
2,2,2.99489881377734,4.303843095257989,4.467969414544393,2,-0.802230034827105,2.0212084600021085
2,2,3.2032794512218903,2.8803892490163596,3.5546678980205337,2,-2.1227250686669925,4.047895229095488
2,0,2.4355802901887893,-0.08491773592385998,5.824322647007147,0,-4.246154560275213,3.668538501943665
0,2,2.103167823624312,1.7081962794775343,5.467337064424257,2,-2.342422867478236,2.1279990911324447
1,0,6.5861098354071705,0.6166693700563355,5.019299338789,1,-2.0195425054057807,1.207332316719496
1,2,2.312379122063652,2.2335087833945613,4.083905083764971,2,-1.4720503050981673,2.0587002554357823
1,1,2.3663183216536217,2.394954287699012,4.070255480229612,1,-1.7115520733115046,2.568973073491687
2,2,3.3561779341151032,3.0875565508547007,5.302388102966959,2,-0.17529480965575495,1.0456678486672708
0,2,1.6349825037529038,3.087283490374829,5.150702949309591,2,-3.1993790997626372,2.7564141944830083
2,0,1.3451026552780738,1.4113884190700927,5.228904817684968,0,-2.1078012360984686,3.532024606820764
2,2,3.0677248274212605,1.7388153486609739,6.060452624074944,2,-2.927829131437686,1.689424588415461
2,0,3.1975767692572945,1.7340434235760969,3.814886509812494,0,-3.35091480402396,1.3996761468088215
1,0,3.36316000626333,1.8939188654187966,4.466643745021455,0,-4.613500845677706,2.2971716077163924
0,2,3.3037381981157403,2.0620254577075126,7.639681863602512,2,-4.05368054678378,1.5887556922240247
2,0,6.34184357998598,-0.9963626081391854,4.620815381048064,0,-2.3960944159941766,1.7316949182957908
2,0,2.6885590914976616,1.5788147645408046,4.848568723757136,0,-3.6989214183659938,2.4302134057415032
1,2,2.833503240063262,2.3275358550408494,3.936395234120634,2,-3.64848396992715,4.755310534084276
1,1,3.0605683451702737,3.210169485515461,2.616774367754557,2,-1.3069698080667584,2.2768416019763067
0,1,2.5292236853380516,0.9871723252956075,4.770647758012297,1,-1.5717261377554574,3.886435831511049
1,2,3.086912601320368,3.3934646257266134,6.1222852745745175,2,-2.2736588296630087,1.801040864881184
2,2,2.704462480528431,2.130850364402761,4.271620498858667,2,-1.9345928234854912,1.2880265890420093
1,2,3.015635088642574,1.0912273514941617,3.7587145671129107,2,-2.5145519542507517,0.09886338666726813
0,0,1.8103810438894667,1.0503345401710578,5.730860718857424,0,-4.222022888415985,3.15966756663765
2,2,2.32072651388504,4.11109150319885,5.5321460057842575,2,-3.846071102385123,3.56523378948026
2,0,3.734775878615026,2.184495834518345,7.4709325215468985,1,-2.2824142144223307,2.247025725981667
2,0,3.224606796782522,3.1443628180376573,5.168261845297169,1,-2.331309323447609,2.184252671142332
0,2,3.2139378880424574,1.6605725596544794,4.754143288612988,2,-2.7690793890664325,3.3043995040396794
0,2,2.8179180288064494,-0.5382433430652371,6.17372163530436,2,-2.3443734720916956,1.3103382577606242
2,2,3.4638308908296964,1.8333393181982864,5.769152528257785,2,-3.567813365828741,2.903030160170593
0,2,3.3348554330504485,0.8632347155779974,5.212485007182952,2,-2.8869829179246844,3.8426390126250505
0,2,2.961372884646748,1.9475597550686035,6.5332371536693685,2,-3.34256768059473,5.009237074551276
0,2,2.2334805063908214,2.0702038160373424,4.466399876577908,2,-2.7063850898395985,3.485501507961394
2,2,2.2651981494785853,2.2196210002639316,6.0915745781182835,2,-3.1418145800789614,1.8755802849842267
0,1,2.9446697136305335,2.666715438244369,4.946000387595146,1,-2.2692108069748342,2.355443090206781
1,0,4.532760999791682,0.5719029179117529,5.217311170796633,0,-2.2431882909568346,3.771700902791916
0,2,1.3069378821242845,1.020395470824404,6.328226261628106,2,-3.0727012528751416,3.3909864528112856
2,2,2.8713682873789557,3.780136280941621,5.466322920099955,2,-2.060147307314515,1.882589152842238
1,2,2.607526668018506,2.3308313746928193,3.1557428843693827,2,-1.7342204288902248,2.3880331836950517
0,2,3.3213281079115493,0.8956915073490873,5.312617102458757,2,-2.8589557324537416,1.2128139971734353
1,1,0.8420212866091141,2.0477813725850256,6.545508913378359,2,-3.1736160547457413,4.1818300952529155
2,2,2.314755185895077,0.9922056171747098,3.9809432103186557,2,-2.8220767565193823,2.597573976361797
2,0,3.35135889078692,2.548505251998607,3.6477341503541396,1,-4.423552478601918,2.6236408282720154
0,2,3.3538524518575983,1.8896718947873516,4.905960309329877,2,-1.3009058794313426,1.732122389016122
2,0,2.838100347049295,2.1129095757653404,4.59510985103746,0,-2.8589729471319942,-0.22620413599415823
1,0,4.015816525341423,1.0185819490791939,5.712585631702775,0,-3.4199665538330093,2.5630478686303535
0,2,1.8368053823994572,0.9595407167791605,6.940615015742845,2,-2.809338965271188,2.0204330864486417
1,2,2.5884906952647464,0.6477604308620413,4.777385860591366,2,-2.0627403030396727,3.984935104639626
1,0,3.3009151569437085,2.332311160489315,3.8606340104860672,1,-2.4141581188664785,-0.40459124846047345
0,1,2.8519313458025155,3.7733210188760298,3.3571837934104662,1,-1.3443107253303217,1.6828415336360911
1,1,4.769969453187166,4.081397475967828,3.1912727096424414,1,-1.9808169149195516,1.96283484446402
0,0,3.075785567038131,1.9938566366260404,6.0242574695082824,0,-3.933521636825656,2.5346224634587324
1,2,2.2186000946429907,0.8082148642316775,6.67972054976702,2,-2.3859603468965975,2.450627325364134
0,2,4.511704143732941,1.0518866557243274,3.401934246122103,2,-3.0648044827523577,0.938408607599337
1,2,3.1045132629723144,1.3652197296742008,4.851024433431883,2,-1.0110989230804361,1.4500666586691437
0,0,3.8869099258392303,1.884382740876484,4.109897810503435,0,-2.1305668553966792,1.657994993207689
0,0,3.8307445757913214,1.676169318640647,4.5892665176926695,0,-3.9933932766259006,2.5829395252456795
2,0,4.2934837634991405,0.9247828098865907,4.940555346548515,1,-0.4266988209329874,2.495894099780294
2,0,4.122321694946658,2.1892337188875004,4.888241387074962,0,-2.536044758402933,3.007109351833435
2,1,3.7464391399364647,1.8216403934229422,6.449575638983722,1,-3.667719502494231,4.518875455712253
0,1,2.7989558620087456,2.692299511872499,4.5441223294948525,1,-4.575692304005762,2.845342689681033
1,2,3.092513361882117,1.6074435485051533,5.053281885766852,2,-3.3738500928051587,0.2024653635017195
2,1,2.311932700683772,3.603546467533042,3.7784278605078496,1,-2.223065908719959,2.125981921428663
2,2,2.849944289293598,0.7641326099915593,4.5166253763110635,2,-2.2570713252427654,2.326947107520276
0,1,1.126883880500228,1.6936231874968555,5.115650713766179,1,-3.3347377689252045,2.6749707417300477
0,2,1.6934708864409145,1.6329128305985838,7.179320990885323,2,-0.4221907485443088,2.0974928835123725
1,1,1.8345034029483713,2.8080500387690224,5.119564083941228,2,-3.386822957537283,3.160329135847895
2,0,2.9195895015414948,0.9735411741397557,7.176615664403124,0,-2.1186197791384025,1.587098881090701
1,2,2.661833096685835,3.8167617957661957,4.598064282768414,2,-3.2681256802182563,2.0740485472007695
2,2,4.594578770533069,1.8892595609300078,4.252187614596857,2,-1.877107226835195,2.7397585568847274
2,0,3.4832519611580777,0.8144804160025378,4.3660244930657885,0,-3.3893370459080057,3.002685433049326
0,2,1.099892371329826,1.2606733984143306,4.371102485965307,2,-4.416541197595962,3.6181644339489973
0,2,3.397159651825893,2.8499001839905915,3.0946250630443366,2,-1.2414357238235245,2.1880831267508265
1,1,2.4369148661478794,3.16203813165479,4.924402640433463,1,-1.3242177972512552,1.7987688411276461
1,2,3.437358967598786,3.2375123821576017,6.509198464012948,2,-2.569542544726129,1.3400313878384065
2,2,3.8495177577315527,1.8066810099372923,5.961197186169944,2,-1.2139987443267959,2.6868836988390354
2,0,3.829554849185457,1.515287423296436,5.2267242873089605,0,-4.732847376886228,3.4721259113265757
2,1,2.7455842386134663,2.2582352377334303,5.827939923062548,1,-3.718397944192272,3.8818660111503585
2,2,3.937846096948447,1.462763570169102,2.465486179151681,2,-4.2497953423651005,3.3301208928386563
0,0,4.03293646536904,1.6939447605391482,3.615849814935256,0,-0.787337798848696,0.9281839983098144
2,2,2.4708904291811087,2.8954093180225584,3.985545911139183,2,-0.9870870654444872,1.4237593794683292
1,2,4.165517305517103,-0.04287115294353794,4.94797401182738,2,-4.192398017795368,2.117392827510927
1,1,5.735585524947314,1.5540945481285762,2.9122076594446713,1,-0.11223437172268369,1.306369911386831
0,2,3.172555631678597,1.1073610063030712,5.0505453295661535,2,-3.314448040155502,1.914096853088188
1,0,3.7724894164730904,1.5800465637312633,5.77803827067394,0,-3.6188891459669925,3.6163575512247332
1,0,3.0211477272812552,1.3320648331466474,6.035527941193237,1,-2.29582926794838,2.3292217602882492
0,1,2.3812506628176457,1.9786425961962502,5.874445403875436,2,-1.4368339049325642,2.4367110382738697
1,1,3.968613897982833,1.0593351993974125,3.6920063757617703,1,-3.3929666819388062,2.692471258635405
1,2,3.119327317807877,2.357831932851054,5.120293113718751,2,-1.866142342050015,3.201456705774493
0,2,3.3883706597009375,0.8552125930442842,5.12875474646574,2,-2.004887442516658,3.7267822731240114
0,2,2.4093465349954517,1.7508235303746433,6.201704834227853,2,-3.3034084036062556,4.610439614382735
0,2,2.5382033841331904,1.6304421794150707,4.272695099579561,2,-2.0481226689807546,4.848767622742561
0,2,4.098943950551335,0.6904939917020252,5.1356778921838355,2,-2.2725760050509436,1.8594843961206866
2,2,2.838618528039748,2.0462877373702626,4.776733392070759,2,-3.6537136767633673,1.8216752496042805
1,0,3.900033117915355,1.6104016417819793,4.542247202234124,0,-2.6149443709810942,-0.11965273478193428
0,2,2.6768469990950408,1.847331740203743,5.64298811959305,2,-3.468927838076647,2.5381583784625565
2,0,4.411972726575758,1.0322818703816259,5.224550753085513,0,-1.6378610259879833,0.8266407707267729
2,2,3.9201989967315862,0.6943927832588335,4.916804269383637,2,-3.1803642151903078,2.5219826022133454
0,2,3.419072143662757,2.456061100607074,6.025762289877107,2,-2.11699537407392,4.00719721970783
1,0,4.337828781046397,1.9390604462866088,4.015496764205662,0,-1.3555181891206685,3.0286183700154856
0,0,3.2750988626207054,3.082918268363897,3.656588789366216,0,-4.713311211357736,3.408501316396511
2,2,4.127311270128647,1.288029101743227,3.352946067888703,2,-3.300126947764814,1.9857501683600334
1,2,1.3857110307001879,2.187445434072695,5.351164942427822,2,-2.5505966214409805,2.5887112378377686
2,2,3.5148460359430724,2.0228761169738094,6.276444415430951,2,-2.957509634367514,1.638138151198224
1,0,3.785268488463262,1.546045515703195,5.301023005708653,0,-5.774392469618713,3.3240718760040484
2,2,4.690135509054748,0.9134743818939652,4.036121080228985,2,-5.053211492957134,2.844442515417875
2,1,1.664915864169008,1.764053187582352,5.696820026917424,2,-2.1791911872764986,3.0181385894574277
1,2,4.542033575100805,2.377310936882326,2.2183107271023457,2,-2.959930291824698,1.7333889370302373
2,2,2.886579592462212,1.3464739519646,5.688141593427225,2,-3.0178174022141775,2.624982759325404
1,1,2.080860810106585,2.0944290085891755,2.8954531368292313,2,-2.797427488014124,1.4766616087413902
2,2,5.144092921835346,0.422679785936511,5.112419369252598,2,-0.16020942410729866,2.40621494485886
1,0,4.362068888591379,2.756398762612431,3.1397059926802093,0,-3.28065851953446,3.0065882017296137
2,2,3.0003051067567954,1.767355338394341,5.333269925984528,2,-3.141147373208704,2.509105799367225
1,2,3.183082919071021,2.1248120794441347,3.462919173382,2,-2.2115262772587516,1.7104077175443826
0,2,3.0018215021405505,1.9805689717080923,6.409549230782057,2,-2.371896245956138,2.2125494300209296
2,1,2.4901028387856985,1.4784830227610137,5.127526261401219,1,-2.473135411345135,3.7399821071026835
1,2,4.535294399043561,0.26050568565516796,4.210849802570044,2,-2.0884395379357814,3.7686100020106696
1,0,4.221643783970942,1.583268949357341,6.0777886428807495,1,-2.594832788499099,3.2990376095715437
0,1,2.985548501316097,1.4626641195820145,4.421519523671261,1,-3.5582906328677772,2.302238915720662
2,0,3.839483634915719,1.0084708092038148,6.5964264426534776,0,-3.776906169755444,2.3253693435441343
1,2,4.679015223275686,-1.9984235055523887,6.131307234917294,2,-3.8883799022831607,3.4464506950552902
1,2,1.3716907602614254,2.3042180191880584,3.571164736561327,2,-3.6001946444937882,1.5881431295989272
2,1,2.3007161192068732,1.539672285400958,5.103160149426849,2,-1.2268622630815038,1.906420944051297
1,2,3.463436585940142,0.8102552719091517,7.87649329814807,2,-2.1579927628433717,1.3822215121986368
0,1,3.2995109138599625,2.79341488016875,5.8191951954850785,1,-3.098028096281902,2.0686813323269813
0,2,4.097614934454511,1.2248637281731314,6.0919223470395085,2,-2.0060965923799747,3.3948940907277443
1,2,3.0195815957685626,2.4535362456872103,3.465894572844809,2,-1.4679995593762605,3.8187709815498954
1,2,3.9233537733316837,1.3152528409323334,3.414758258862939,2,-1.5814913704495752,2.482943093874817
2,2,2.6788174296432232,1.2879695243427922,4.4930154146773456,2,-4.164311694609259,2.4023209443388116
0,0,3.4090364296412594,3.5722743690839773,6.507861543725361,0,-3.216091026501013,3.598588518447913
1,2,1.330381612327582,0.8163730115425956,4.173087339700079,2,-2.380450439782845,1.8281110882958593
1,1,4.0146108255085595,0.5432157228751513,6.424307346371625,2,-2.174368022706165,2.909890893840502
1,2,3.936276767559885,1.8107496230139575,6.380377488389973,2,-1.901128739313855,1.7590690018812905
0,0,4.809141309189512,1.0856925988101362,7.506658292740133,0,-2.684775517395148,2.9466760181077056
2,2,3.9293161243066086,1.2161432466755056,4.447477281058649,2,-3.3112783873393323,3.275077388842385
2,2,2.7063044926541675,2.2556219315945976,4.444739658360762,2,-3.6474699834106397,3.221696591313179
0,2,1.905228859131634,0.49331344836851554,5.849433460448045,2,-0.6880220287481551,1.6302599222029528
0,2,1.633297318809952,1.7458078703508586,6.178540828750304,2,-1.119104363830119,1.2451668902241662
0,2,3.063564982979884,3.0598356278409176,4.983986889551579,2,-4.380125375831863,3.3977360128559697
0,1,2.73828861859693,1.8491311260775336,3.884245069512043,1,-3.2930914559847104,2.4665475739228375
2,2,4.017018420454789,3.529756100111435,2.3458367840986623,2,-2.1551259127860387,2.8522303626686387
2,2,4.398614233893738,1.1506930163480416,4.468674436142914,2,-2.146412522788164,2.4957626277069016
1,1,2.5287004910955004,2.0229448750261483,4.076561421908247,2,-2.169571589201956,1.628288815225985
1,1,1.8756665392434404,2.8462179767059643,6.03921782385231,2,-2.693672650254479,2.1520222099984787
1,2,2.4084997916288478,2.842485057690218,6.322213254246423,2,-2.1248260734708717,1.876860853610511
0,0,4.005132248225833,-0.2462960926119493,5.291652421461621,0,-4.330050884674234,5.163493771763859
2,2,3.182861859552107,2.4214126026921825,3.962381129751167,2,-1.4521839273364692,0.5265340211081813
0,1,1.6383200752613876,2.6420397275584624,4.860858913397,2,-2.8513208727968586,2.322964967648009
1,0,4.44964394173934,2.081779911147069,6.228388494603902,0,-3.908138526974267,3.1657618230724904
1,2,2.958062977551752,3.489955177886535,5.895916507690023,2,-0.8771275052540914,2.9116831073652234
2,2,2.8038817716924016,-0.5210675800317182,5.24496697221758,2,-3.1309297654024064,5.492654967804217
2,0,2.0767050298915257,3.370219238985006,6.720142781149445,0,-3.656653288456649,3.3427010918345457
1,2,4.327231163307772,-0.112340106743541,6.263355881884481,2,-3.313884289339965,2.9956510499857467
0,2,2.105670582995762,2.467470171659582,5.677594389984675,2,-2.8298384312432403,3.005659202702713
1,2,1.4836934706592257,1.9583258787033073,5.822645013311796,2,-1.7218728846372615,3.11654586630956
2,2,4.915088226078687,-0.19031315024862527,7.109166803643491,2,-2.7178631382707037,2.864547719677074
1,0,3.7942639632938837,0.10695571411289762,5.03937580456645,0,-4.382191052582236,2.981901676200887
2,2,3.877183664415912,1.7896185856416567,5.040096184531354,2,-1.6987821816669002,2.2803143742649854
0,2,3.0815033649043384,3.682057397551753,4.50542957068555,2,-1.8680664802682578,0.3070989599919485
2,2,4.29804172103752,0.7168895943305419,3.5743197645338203,2,-2.109418168235995,3.1660001434702156
1,1,3.96932885835047,1.7369569047592646,3.351733673250049,1,-4.21032992581622,2.234333959737075
1,2,3.35856707858009,0.6259743418457846,4.495658802806084,2,-3.35709073905736,3.013116672454675
1,0,3.477715084908022,2.0006566094336087,7.26699521276192,0,-4.421379284378096,1.3553919951994342
1,1,4.886288866784333,1.6585016650850002,4.8026575173662875,1,-1.756234882045634,3.6168619395443216
2,0,2.792243519670483,3.0603596833721296,4.907663096333026,1,-4.010084427225705,3.59201351979776
2,1,1.7784992752904736,2.0815924033696933,5.412812291607167,2,-3.2070720398695958,2.5931925765302877
2,0,4.992776501103175,1.1143015221691708,3.700402432235429,0,-3.1242733276209536,3.243172924425339
2,0,3.909539429643538,3.112583816458492,4.694701031632119,0,-2.9149136783772747,3.3361930727120424
0,1,3.017305636688373,3.171647087677121,4.566909542436837,1,-3.402111856901581,2.0317837074671994
0,1,4.355386884948803,0.47461840326771276,4.553488191848243,1,-1.8748993835280192,3.111375536478895
0,2,2.0779231069246134,2.7574302335403007,4.927709118357262,2,-1.750214060410081,2.448698600790733
2,1,2.7006295129783737,0.4630506285890297,5.440588512375593,1,-1.9114452608849235,2.3983716258629952
1,2,3.1272488896709008,2.5402398455832156,3.183607272465138,2,-1.8208045262988355,2.1714173449710232
2,2,3.5883196250562923,2.7158822187444653,4.574865530362544,2,-1.9795281007044623,4.384517367216179
2,1,1.515338935176872,2.0374180817082266,5.8348742178512545,1,-2.594053857303809,4.196349896473816
2,2,2.818533704460587,3.256913512685285,7.215254644259016,2,-3.5634879206081376,4.350172108670831
1,0,0.055009096341932295,0.05632043200298886,5.1003300986524165,0,-2.034941322618814,3.632894022730789
2,2,3.4893557349733233,2.3152130076602804,5.928190697110162,2,-1.3605635086496455,0.473119028090387
0,1,2.5490373269379343,3.4678846258554725,5.0512084849825,1,-3.2660342902396318,2.695175102172116
0,2,3.064277324000519,1.7178636033154435,4.818150987786894,2,-0.961951681537957,1.4265415163941033
2,2,2.302739534657006,3.5887205073978645,4.35268739394742,2,-2.1174288366394287,1.764157909736439
0,0,4.821097126886274,0.6057460112983934,6.004341189641404,0,-3.0533533612996964,1.8635196701876646
1,0,3.5511299745840654,0.7548234766137932,3.541905754374583,0,-3.5535394740234447,3.6524413642769975
1,1,4.035645043219885,0.2980496769752874,4.656665191591743,1,-2.4250097087779454,3.355811863609928
1,2,5.050410526497868,2.3796554375913868,4.987492765958002,2,-2.0494686012708305,3.3911742013637616
0,2,2.8880871271153596,0.37137675271543324,6.1873084957209326,2,-3.0268394854916973,1.4504971395624724
2,0,3.316515452497968,1.4095484270569931,6.3737692212115284,1,-3.4920021784661723,2.673423604347122
2,1,3.0114785172723395,-0.06448681747007523,5.572321397856185,2,-2.328836590859513,4.757096670773722
0,1,1.5828068125786385,2.3676052953830635,3.434164798391869,1,-3.2037601179432276,3.8833193643270363
1,2,4.3498279023747815,0.431329423917324,4.713518774994061,2,-1.8597810336830505,4.204131414607532
2,0,4.428913356792371,1.4603657957417941,6.059143247643739,1,-2.295524561140769,3.056163293114362
0,2,3.260906910634973,1.1313247277783725,4.290682034604027,2,-1.090274391559502,0.5041699687325638
2,1,1.2611170745767621,0.809370030282077,5.091875614791096,1,-2.8370826621787777,0.9722145721957589
0,2,3.8430221349272684,2.3991577744869668,5.553529079145755,2,-3.581535378278261,3.3054929197202436
1,0,3.4329102245144605,1.6622384152093894,5.457178506055626,1,-3.6934377465468984,2.0041657315050143
1,0,3.466906621765166,0.897892712174279,6.610865328274501,0,-4.033327115690771,2.635836144798895
2,2,2.588932303494029,3.4125038042181877,3.3433175762523435,2,-2.2701092015985624,3.418792472345033
2,2,3.3397340082303013,1.7520281726261702,5.928749996877036,2,-4.270261403842507,2.3456754300656018
0,1,1.2892013925499641,2.583627745208162,3.520367441725789,0,-2.5342656560546883,4.246057620508084
0,2,3.5047118433996727,1.0343301843058557,4.234231817845061,2,-2.964284620178793,2.6907491480797123
1,2,3.3839625790342516,1.4253832712567194,5.654219553970243,2,-1.5684234816701121,0.847110524545772
0,2,4.235763456615654,2.3442516968044664,5.80349769783165,2,-2.206836872721798,1.1548907241407989
0,2,3.3269905152020693,1.5703814233973468,4.805023277488368,2,-1.9054181842099487,2.9268369903789
2,0,3.7755592809631473,0.14280516037124702,6.515061738869041,0,-3.4328438253053837,3.889383059472264
1,2,3.4038666068106864,1.7107450985592068,6.332752332659353,2,-2.0013065216472965,2.2039493562158023
1,2,1.3294899946186862,1.2594278836166222,5.399679814400584,2,-2.102407688260274,3.009754268800818
0,2,4.3196436851481606,1.6284732353762463,5.394686317416479,2,-3.063068780606081,2.411703692152304
1,2,4.78656637036367,2.0274061472464715,5.588477924069182,2,-2.0715236056573,1.1685840629175097
2,1,2.0406032149509556,2.8533944059381104,4.474333040594131,1,-1.9297241638450564,4.007819950263443
1,2,3.6852505003375384,1.9745927380216381,6.061809630847548,2,-1.5671740481454632,2.7736877582660444
1,2,3.3503674453970995,1.5939680230784339,4.724173049760493,2,-3.066644290872904,2.4526833535018886
0,2,3.084165801853287,4.252631548974618,3.7621252297876624,2,-0.6224779883515597,0.997367440907614
2,2,2.106852794425148,2.2141623012654574,4.84440867647029,2,-2.5980822054122252,2.5460502730275776
0,2,2.8161527576501237,1.201817951090287,2.8548459581846175,2,-2.972322338384021,3.8950061361712534
2,2,4.418589283547885,0.08277944151855099,4.705777632744265,2,-3.924229435492344,2.4828230991211044
0,2,2.946392446283399,0.9118938636514815,6.067314634703086,2,-4.135021999321106,3.281192785978244
0,0,4.281634175582466,3.6246452961356743,3.0412839493329034,0,-3.787902955056313,3.184626245417209
2,2,2.506768072798178,1.759825705091464,2.7888172119100547,2,-1.1265356519514051,0.7086223184001734
2,2,5.642874128099965,-0.19171217990153522,7.693729424759638,2,-2.8084438467845083,2.7959385391633167
2,2,1.6757786381636897,2.060452227564611,3.7749657263665615,2,-4.870602417303131,3.330158620720905
1,1,2.137721975943221,1.5982376547426949,6.148863275158224,2,-3.519891240542908,1.478845825186314
0,0,2.139561646908244,1.7243444778181825,4.710513520493867,0,-4.609628698609157,4.533850376878149
1,2,2.9309433772715456,2.4380384530028096,3.3797565357036454,2,-2.002036633944867,2.179245373282621
0,0,5.489282532919017,0.4994984482049028,7.0525429594125,0,-2.990262050824154,2.3357503149285646
0,1,2.5019138066142244,1.2317160800701763,7.09850063574973,1,-3.582750939114982,2.794396097424203
1,2,2.8609634170197245,1.2069074774835562,3.7938764330531676,2,-2.578813577751025,2.2550515085674374
1,0,3.322613832112175,1.6469897166504892,4.35652712674378,1,-3.234178227259567,4.268421898873616
2,0,2.61086213278537,1.803609784218282,6.035108678245704,0,-3.0483661918169127,3.42168868846297
2,2,3.8448021117250573,2.957035569288193,5.293961613748702,2,-4.166533996394926,1.9061828525850257
0,2,3.0573088062561586,1.785486002713231,4.501152927843421,2,-3.7887327224705327,2.3577785362956836
2,0,3.6446893873423205,1.1622945752028273,5.722107080067749,1,-3.2378515412426934,2.464608340538181
2,2,2.3656511104652163,2.714799330874296,4.825618619568207,2,-1.2945032735516295,-0.0366764651167546
0,2,2.559510760206294,1.4820854855748504,5.585133236539792,2,-1.4418885103009065,1.1788816125103831
0,2,4.799877474113102,3.186451092584757,3.163715589317523,2,-3.4991115796389862,3.3283289644983345
2,2,1.9548120607863457,3.3483995253454815,6.175800240017904,2,-0.7699487191312053,1.0898292512907113
2,2,2.4960131490673536,1.7222574808336293,2.738636821516524,2,-2.1067639827451,4.01694883831986
2,2,1.9151007326614728,0.8946749466473314,4.365089167065863,2,-2.3675400374564153,4.846027636567387
0,0,2.6881587392741433,3.611691445381328,4.585569664717287,0,-3.3117288798768447,3.4759657662194727
1,0,3.6873302034880577,1.0419800937357726,4.3763029054555735,0,-2.743225645339818,3.677584911993503
1,0,4.290592060640692,1.6018466247199465,5.704039659416935,0,-4.220126936956303,2.114142743661699
1,2,3.3859075722621306,2.184813857874028,4.432233249145834,2,-1.5035647390145936,1.606869571281051
1,1,2.120377313689858,3.637548474030774,5.54964355692562,2,-2.4198337254384046,0.9622553406920913
0,2,2.8580008033941247,1.0816984224782806,5.31759079391569,2,-0.5959765590048414,1.5777892966035294
2,0,2.708207411783923,1.0648443631017996,5.608237762610621,0,-2.671179690804249,3.1536717093777717
0,2,3.1704654387887836,1.1028577062524136,5.912364765468227,2,-0.8828713402600108,0.3974840109833342
0,2,3.932529685830673,1.6267739386922484,4.681529798675551,2,-3.4796209544802417,3.73763205898696
2,2,2.574240319545707,1.975621478243591,3.617807296322673,2,-1.903679745474442,3.1211310722775587
1,1,3.0956341467028845,2.600624304536364,3.7282291834213153,1,-2.5442094557646375,2.073353733524272
1,2,4.67453355961677,1.68612238264975,5.695479413372381,2,-4.1109214297582115,3.2204967501212716
2,0,3.1444543418288013,1.9372916993856264,6.016100512335689,1,-3.073337338869644,2.380323679353508
0,2,3.828107763220546,1.637178318682151,5.151153372122004,2,-2.470558022218578,2.862042199639763
2,0,5.434403929591822,0.5238385749395268,4.36473220194413,1,-1.1981033301042536,3.263661662846431
0,1,4.7137961216193975,2.13960620970924,4.517464394554772,1,-2.8123769796703986,2.106155292751326
1,0,3.3130964355577617,1.0550346551372225,6.6266068334039545,0,-1.8861341495670432,1.9886296866476016
0,1,3.3344986783931927,3.172465606601329,4.497016730129501,1,-2.6339169524598827,4.085814245748269
1,0,3.7449563362257265,0.6406340490898277,4.458242470416378,0,-4.16586415078917,4.056677677542129
2,2,3.9536945097998086,0.9138551445796802,3.8808893469338774,2,-3.6856339400628957,2.4701061645389553
1,0,2.733875233111541,2.771881255026278,3.8801413584682813,0,-3.7061087605785366,2.7865108691069875
1,1,2.9820770923835895,2.850687644493829,4.44258691350926,1,-1.5364932815247758,2.89381430709923
2,2,3.8995662023735482,0.18881524736337973,6.126920860796159,2,-3.7020158908255834,1.9028891764914888
1,2,3.63369358020989,1.3054923866045083,5.7877558514328165,2,-2.128966921970176,1.3325598337639177
0,1,-0.06712277853997284,1.6772342101286701,5.720194366006619,1,-2.465755614978506,1.8246661409770335
0,0,3.519076495696651,1.1455672551616276,5.420446344719194,0,-3.628767070921542,4.6688679787939735
2,1,2.1914876726063777,0.4326713153367001,5.484864211283742,2,-4.928918589309588,2.4955891853738006
2,2,3.091906415041586,2.3454346715103065,5.064069784926546,2,-1.9137866421664014,0.9948993705469538
1,2,4.152279237296475,1.0630355517245003,5.063070230133401,2,-4.005584661425111,3.0954874228431546
2,0,2.7335799986654035,2.7054251812315404,4.16045788126236,0,-4.0248239794595735,2.0278284700267184
2,2,3.0649020708408448,0.1916686621433945,6.423588853473738,2,-3.60247967265234,1.500756873088605
2,0,3.852592175472173,1.8905283225603484,5.035077204995326,0,-4.194532665765733,2.0714267566624436
1,0,4.671117521185112,2.1455504811188355,4.823921518591866,0,-2.7902807531184455,1.6894087697526357
0,2,2.454793554108765,1.4453475727428415,5.662310618297593,2,-2.9021751813461796,1.7525261809758346
1,2,2.8063994618757064,2.5309488395983073,2.980403073927917,2,-1.9334605148210167,0.8062313247002391
2,0,3.342349031672474,2.803307412145627,4.741084152827652,0,-4.901955956688056,3.200326238085277
1,0,3.6335665885167945,1.1187727412423683,5.368967741528066,1,-1.4082573912624143,1.994003467666633
1,1,4.306819367698191,0.6206938406067132,6.697967604107247,2,-1.3889403402568834,0.9096196847651514
1,0,2.948254560402471,2.271720635259908,4.889008222468305,0,-4.628091471644446,1.142049265235253
0,0,4.71883167337463,0.96504016906649,4.440357156582406,0,-3.049853408283675,2.7869162109223327
1,1,2.1274291212626184,1.3276647875685303,5.344175680244774,1,-2.8450864894568832,2.2766614257247095
0,2,4.306853510505063,3.019303774237988,4.239175467516487,2,-4.309410020889451,3.0604100155124065
1,2,3.417120903244818,1.4908039691664472,6.311337813435296,2,-3.3959878091588456,3.695210070510882
1,2,4.364274564378079,2.863971187433939,6.36998128365599,2,-1.4645781583712194,3.5828146083261405
1,1,3.9107694136185245,4.230717193355638,6.136110028176763,2,-1.9219388576379335,2.82358456430425
2,2,3.9329721799491666,0.5324794971548429,4.575391632866973,2,-1.6198761014318066,1.0516226990663327
2,0,3.476434622319799,1.7134844548593657,5.4051979232927305,0,-2.607897529994123,3.342390665501558
1,2,2.80062534058294,3.103199312986767,5.862612373563746,2,-2.6425589742387623,4.327677286726572
0,2,4.395169518057025,0.5174503781007598,4.336454978766403,2,-2.549040229078977,2.6063998003100854
1,2,3.4838426595547998,2.2070896594344194,5.330070606059875,2,-3.1094223975021005,3.858618041579142
0,2,4.23675316235199,0.9061483277917914,4.280800500858544,2,-2.90514746091096,2.1061438038130857
1,2,2.320663723657562,3.609714112753389,4.671488215411964,2,-2.2299472139273924,2.6999925137715364
0,2,2.801962760192268,3.643550946530371,5.74838897812743,2,-4.8250534457955165,4.263423713278768
2,2,1.5999142253364929,2.243166833142313,5.312777036917838,2,-3.315890062357347,3.611438572749953
2,2,2.630654480308131,-1.1936196543398996,8.575217877155655,2,-2.5912788210747086,1.6558161873268187
1,2,2.6574348693196317,2.003944358004093,4.483822744443595,2,-3.1252779273500284,2.6413380574600813
2,2,3.976184257632101,0.568233685279424,5.03271025150291,2,-1.6378119653665113,3.557380038228853
2,2,1.9528941069582733,1.0720094699830673,6.3580081690795005,2,-2.376965700456271,1.6241168959697285
1,0,4.362355656428838,1.3441448057046277,4.798979271730263,0,-4.088410350884671,1.6367807831183752
2,0,3.4223045397853653,1.8940104332367105,5.377368286162793,0,-2.8403596804599753,3.161037517701047
0,0,2.6205777060981212,1.886556808135753,4.536366957175744,0,-4.714620583593477,4.820182301118997
2,2,3.2039159315181127,1.7892734997300401,5.002493958628145,2,-4.56585894560721,4.209843488787972
0,2,3.8694802213098125,0.7649017304947013,4.802041938016809,2,-3.888073707997358,3.8163664382262565
0,0,3.2614052334420314,2.929813946309274,4.075832748524942,0,-3.4869713757612244,3.5900339495641287
1,0,3.975598705662609,0.6986601271685845,4.268357058212767,0,-2.3695867060886497,2.0216449259607954
1,0,4.320120510024427,1.4741190511707691,6.586718310410399,0,-3.462163584575081,3.290872332549292
2,1,1.054988372113929,0.7660957632496936,3.2753681588952714,1,-2.8711838133885523,4.077540324729549
2,2,2.153689781618416,1.7093844135207203,5.633927831458701,2,-2.819852904765265,1.5043703375392954
2,0,3.1607468817118844,2.1600834328501564,3.833126533766317,0,-3.402066233463358,3.250549235693441
2,2,0.896195190310149,2.3287997968996414,4.685631156463363,2,-1.62583431040015,1.9339691707371425
0,2,5.192535072672236,2.340531171750145,5.841571976586554,2,-1.2675509297393555,1.2055243435681673
0,1,1.5923335741442297,1.6825963598682676,4.133859867017525,2,-3.3227078100399066,2.7414921853378154
1,0,3.376602610594121,2.923311775498296,4.2816667861475946,1,-1.891683181246269,1.7616302978021001
2,1,3.0004829059798066,0.7849416573638706,6.359416933340557,1,-3.1522863140636375,3.681199189061351
1,0,3.571238593461804,3.2683887529362696,3.5868992195181697,0,-2.1616247423781387,3.713715374053441
2,0,2.0832012590694307,2.946967931450704,5.8484091469640465,1,-2.644928220145985,2.088817600672923
0,1,2.5690238154339595,2.8781934728155494,4.803401727596412,2,-1.9143624332775295,3.0564876376426318
